customer_id;date;workouts_completed;videos_sent;messages_sent
CLI0001;2024-06-01;9;3;2
CLI0001;2024-06-08;3;3;8
CLI0001;2024-06-15;5;3;3
CLI0001;2024-06-22;10;5;7
CLI0001;2024-06-29;9;5;2
CLI0001;2024-07-06;4;1;7
CLI0001;2024-07-13;5;5;2
CLI0001;2024-07-20;8;5;6
CLI0001;2024-07-27;5;4;3
CLI0001;2024-08-03;3;3;4
CLI0001;2024-08-10;3;3;3
CLI0001;2024-08-17;6;1;4
CLI0001;2024-08-24;11;4;6
CLI0001;2024-08-31;5;2;8
CLI0001;2024-09-07;5;2;5
CLI0001;2024-09-14;3;2;7
CLI0001;2024-09-21;8;4;8
CLI0001;2024-09-28;6;3;3
CLI0001;2024-10-05;4;4;8
CLI0001;2024-10-12;3;4;3
CLI0001;2024-10-19;6;4;4
CLI0001;2024-10-26;7;2;3
CLI0001;2024-11-02;3;2;5
CLI0001;2024-11-09;8;3;8
CLI0001;2024-11-16;4;3;4
CLI0001;2024-11-23;11;4;7
CLI0001;2024-11-30;11;3;2
CLI0001;2024-12-07;4;3;3
CLI0001;2024-12-14;12;3;2
CLI0001;2024-12-21;4;5;5
CLI0002;2023-12-20;11;1;5
CLI0002;2023-12-27;12;2;4
CLI0002;2024-01-03;3;4;2
CLI0002;2024-01-10;11;5;7
CLI0002;2024-01-17;6;3;5
CLI0002;2024-01-24;4;3;6
CLI0002;2024-01-31;8;1;7
CLI0002;2024-02-07;7;5;4
CLI0002;2024-02-14;9;3;5
CLI0002;2024-02-21;7;5;3
CLI0002;2024-02-28;6;4;7
CLI0002;2024-03-06;9;2;6
CLI0002;2024-03-13;12;3;5
CLI0002;2024-03-20;11;1;4
CLI0002;2024-03-27;7;2;5
CLI0002;2024-04-03;12;5;7
CLI0002;2024-04-10;8;4;5
CLI0002;2024-04-17;10;2;6
CLI0002;2024-04-24;10;2;7
CLI0002;2024-05-01;4;3;6
CLI0002;2024-05-08;12;3;2
CLI0002;2024-05-15;6;3;3
CLI0002;2024-05-22;6;2;2
CLI0002;2024-05-29;3;2;5
CLI0002;2024-06-05;12;1;5
CLI0002;2024-06-12;9;5;3
CLI0002;2024-06-19;9;4;5
CLI0002;2024-06-26;6;2;7
CLI0002;2024-07-03;3;1;8
CLI0002;2024-07-10;9;2;3
CLI0002;2024-07-17;11;4;2
CLI0002;2024-07-24;11;2;8
CLI0002;2024-07-31;4;4;3
CLI0002;2024-08-07;10;5;6
CLI0002;2024-08-14;12;3;8
CLI0002;2024-08-21;10;5;8
CLI0002;2024-08-28;11;4;8
CLI0002;2024-09-04;11;4;3
CLI0002;2024-09-11;10;4;4
CLI0002;2024-09-18;6;3;8
CLI0002;2024-09-25;11;4;7
CLI0002;2024-10-02;6;3;5
CLI0002;2024-10-09;4;3;3
CLI0002;2024-10-16;7;3;4
CLI0002;2024-10-23;11;1;3
CLI0002;2024-10-30;5;2;5
CLI0002;2024-11-06;5;2;2
CLI0002;2024-11-13;9;4;4
CLI0002;2024-11-20;11;4;5
CLI0002;2024-11-27;3;2;8
CLI0002;2024-12-04;9;4;8
CLI0003;2024-08-21;9;4;2
CLI0003;2024-08-28;8;3;8
CLI0003;2024-09-04;9;4;6
CLI0003;2024-09-11;11;5;3
CLI0003;2024-09-18;10;2;4
CLI0003;2024-09-25;9;4;2
CLI0003;2024-10-02;9;3;7
CLI0003;2024-10-09;9;2;8
CLI0003;2024-10-16;10;2;6
CLI0003;2024-10-23;11;1;5
CLI0003;2024-10-30;12;5;7
CLI0003;2024-11-06;3;1;7
CLI0003;2024-11-13;9;2;8
CLI0003;2024-11-20;10;2;2
CLI0003;2024-11-27;7;4;4
CLI0003;2024-12-04;6;4;4
CLI0003;2024-12-11;8;4;4
CLI0004;2024-03-07;11;1;4
CLI0004;2024-03-14;6;1;8
CLI0004;2024-03-21;3;1;3
CLI0004;2024-03-28;6;1;6
CLI0004;2024-04-04;5;2;3
CLI0004;2024-04-11;10;1;6
CLI0004;2024-04-18;6;4;7
CLI0004;2024-04-25;7;3;3
CLI0004;2024-05-02;12;5;7
CLI0004;2024-05-09;4;2;4
CLI0004;2024-05-16;4;5;2
CLI0004;2024-05-23;7;5;7
CLI0004;2024-05-30;9;4;7
CLI0004;2024-06-06;6;1;6
CLI0004;2024-06-13;6;1;7
CLI0004;2024-06-20;7;5;8
CLI0004;2024-06-27;4;5;8
CLI0004;2024-07-04;3;3;6
CLI0004;2024-07-11;9;3;2
CLI0004;2024-07-18;11;3;2
CLI0004;2024-07-25;9;4;2
CLI0004;2024-08-01;9;3;7
CLI0004;2024-08-08;10;2;5
CLI0004;2024-08-15;5;5;7
CLI0004;2024-08-22;7;5;8
CLI0004;2024-08-29;11;4;5
CLI0004;2024-09-05;9;5;4
CLI0004;2024-09-12;8;2;8
CLI0004;2024-09-19;4;3;5
CLI0004;2024-09-26;6;4;6
CLI0004;2024-10-03;12;4;4
CLI0004;2024-10-10;3;4;8
CLI0004;2024-10-17;8;2;5
CLI0004;2024-10-24;6;3;8
CLI0004;2024-10-31;7;3;4
CLI0004;2024-11-07;12;3;6
CLI0004;2024-11-14;3;5;3
CLI0004;2024-11-21;4;2;7
CLI0004;2024-11-28;9;4;6
CLI0004;2024-12-05;6;4;7
CLI0004;2024-12-12;10;4;8
CLI0004;2024-12-19;3;1;4
CLI0004;2024-12-26;6;4;7
CLI0005;2023-09-07;11;3;5
CLI0005;2023-09-14;11;3;4
CLI0005;2023-09-21;10;3;4
CLI0005;2023-09-28;7;2;2
CLI0005;2023-10-05;6;3;2
CLI0005;2023-10-12;11;2;3
CLI0005;2023-10-19;6;4;4
CLI0005;2023-10-26;12;5;6
CLI0005;2023-11-02;7;1;8
CLI0005;2023-11-09;1;0;0
CLI0005;2023-11-16;2;0;1
CLI0005;2023-11-23;0;1;0
CLI0005;2023-11-30;2;0;0
CLI0006;2024-07-20;10;1;8
CLI0006;2024-07-27;3;5;4
CLI0006;2024-08-03;10;4;5
CLI0006;2024-08-10;8;2;2
CLI0006;2024-08-17;7;4;2
CLI0006;2024-08-24;4;4;5
CLI0006;2024-08-31;4;5;7
CLI0006;2024-09-07;3;2;3
CLI0006;2024-09-14;12;3;2
CLI0006;2024-09-21;1;0;1
CLI0006;2024-09-28;2;1;1
CLI0006;2024-10-05;3;0;2
CLI0006;2024-10-12;3;1;1
CLI0007;2024-03-29;12;5;2
CLI0007;2024-04-05;12;1;8
CLI0007;2024-04-12;6;2;4
CLI0007;2024-04-19;4;2;3
CLI0007;2024-04-26;5;5;2
CLI0007;2024-05-03;5;1;5
CLI0007;2024-05-10;10;5;5
CLI0007;2024-05-17;7;1;3
CLI0007;2024-05-24;7;3;7
CLI0007;2024-05-31;3;0;2
CLI0007;2024-06-07;1;0;2
CLI0007;2024-06-14;3;0;1
CLI0007;2024-06-21;1;1;0
CLI0008;2023-06-02;5;3;6
CLI0008;2023-06-09;12;3;5
CLI0008;2023-06-16;4;4;7
CLI0008;2023-06-23;7;4;4
CLI0008;2023-06-30;11;5;5
CLI0008;2023-07-07;10;1;6
CLI0008;2023-07-14;3;4;7
CLI0008;2023-07-21;8;5;4
CLI0008;2023-07-28;3;1;3
CLI0008;2023-08-04;12;5;2
CLI0008;2023-08-11;7;5;2
CLI0008;2023-08-18;5;4;6
CLI0008;2023-08-25;10;3;3
CLI0008;2023-09-01;12;4;7
CLI0008;2023-09-08;10;1;5
CLI0008;2023-09-15;8;4;4
CLI0008;2023-09-22;8;1;8
CLI0008;2023-09-29;5;3;5
CLI0008;2023-10-06;10;3;7
CLI0008;2023-10-13;9;5;2
CLI0008;2023-10-20;10;1;4
CLI0008;2023-10-27;7;3;2
CLI0008;2023-11-03;9;5;8
CLI0008;2023-11-10;3;5;5
CLI0008;2023-11-17;9;1;3
CLI0008;2023-11-24;11;3;6
CLI0008;2023-12-01;10;4;8
CLI0008;2023-12-08;3;2;4
CLI0008;2023-12-15;11;2;4
CLI0008;2023-12-22;10;4;2
CLI0008;2023-12-29;3;5;8
CLI0008;2024-01-05;6;2;4
CLI0008;2024-01-12;11;1;6
CLI0008;2024-01-19;9;1;3
CLI0008;2024-01-26;4;4;2
CLI0008;2024-02-02;5;4;7
CLI0008;2024-02-09;7;5;7
CLI0008;2024-02-16;7;4;8
CLI0008;2024-02-23;10;4;3
CLI0008;2024-03-01;10;5;3
CLI0008;2024-03-08;9;2;6
CLI0008;2024-03-15;11;2;8
CLI0008;2024-03-22;4;3;8
CLI0008;2024-03-29;9;3;8
CLI0008;2024-04-05;11;3;8
CLI0008;2024-04-12;3;3;7
CLI0008;2024-04-19;7;5;6
CLI0008;2024-04-26;10;2;5
CLI0008;2024-05-03;11;4;4
CLI0008;2024-05-10;8;5;8
CLI0008;2024-05-17;11;4;5
CLI0008;2024-05-24;8;2;7
CLI0008;2024-05-31;6;5;5
CLI0008;2024-06-07;6;4;2
CLI0008;2024-06-14;8;4;7
CLI0008;2024-06-21;9;4;7
CLI0008;2024-06-28;5;4;2
CLI0008;2024-07-05;5;5;6
CLI0008;2024-07-12;8;1;8
CLI0008;2024-07-19;10;1;6
CLI0008;2024-07-26;10;1;7
CLI0008;2024-08-02;5;4;8
CLI0008;2024-08-09;5;1;5
CLI0008;2024-08-16;7;3;6
CLI0008;2024-08-23;9;1;8
CLI0008;2024-08-30;8;5;5
CLI0008;2024-09-06;8;4;8
CLI0008;2024-09-13;11;1;6
CLI0008;2024-09-20;4;2;7
CLI0008;2024-09-27;7;2;7
CLI0008;2024-10-04;4;4;2
CLI0008;2024-10-11;4;4;3
CLI0008;2024-10-18;7;1;2
CLI0008;2024-10-25;8;1;4
CLI0008;2024-11-01;8;3;5
CLI0008;2024-11-08;5;2;6
CLI0008;2024-11-15;9;5;7
CLI0008;2024-11-22;5;2;3
CLI0008;2024-11-29;4;5;8
CLI0008;2024-12-06;9;5;7
CLI0008;2024-12-13;6;4;6
CLI0008;2024-12-20;5;2;5
CLI0008;2024-12-27;7;4;4
CLI0009;2023-01-10;11;2;2
CLI0009;2023-01-17;10;3;6
CLI0009;2023-01-24;7;4;7
CLI0009;2023-01-31;7;4;8
CLI0009;2023-02-07;7;2;5
CLI0009;2023-02-14;10;1;3
CLI0009;2023-02-21;9;5;4
CLI0009;2023-02-28;12;3;7
CLI0009;2023-03-07;7;1;8
CLI0009;2023-03-14;9;3;2
CLI0009;2023-03-21;12;1;6
CLI0009;2023-03-28;10;3;8
CLI0009;2023-04-04;6;5;8
CLI0009;2023-04-11;8;2;7
CLI0009;2023-04-18;6;5;4
CLI0009;2023-04-25;5;1;7
CLI0009;2023-05-02;3;3;8
CLI0009;2023-05-09;10;1;6
CLI0009;2023-05-16;8;2;2
CLI0009;2023-05-23;7;3;7
CLI0009;2023-05-30;9;2;3
CLI0009;2023-06-06;5;5;4
CLI0009;2023-06-13;11;5;4
CLI0009;2023-06-20;5;3;8
CLI0009;2023-06-27;10;3;7
CLI0009;2023-07-04;8;1;5
CLI0009;2023-07-11;4;2;8
CLI0009;2023-07-18;6;4;8
CLI0009;2023-07-25;11;3;2
CLI0009;2023-08-01;9;1;4
CLI0009;2023-08-08;11;1;5
CLI0009;2023-08-15;8;3;6
CLI0009;2023-08-22;9;3;2
CLI0009;2023-08-29;6;4;2
CLI0009;2023-09-05;12;5;4
CLI0009;2023-09-12;12;2;7
CLI0009;2023-09-19;4;4;7
CLI0009;2023-09-26;7;4;2
CLI0009;2023-10-03;5;1;2
CLI0009;2023-10-10;7;4;2
CLI0009;2023-10-17;4;2;6
CLI0009;2023-10-24;5;4;5
CLI0009;2023-10-31;8;5;5
CLI0009;2023-11-07;12;2;5
CLI0009;2023-11-14;4;4;6
CLI0009;2023-11-21;9;3;2
CLI0009;2023-11-28;8;2;5
CLI0009;2023-12-05;10;2;8
CLI0009;2023-12-12;8;1;7
CLI0009;2023-12-19;8;5;7
CLI0009;2023-12-26;8;1;5
CLI0009;2024-01-02;7;2;2
CLI0009;2024-01-09;10;1;7
CLI0009;2024-01-16;6;5;2
CLI0009;2024-01-23;3;3;3
CLI0009;2024-01-30;5;5;3
CLI0009;2024-02-06;4;5;3
CLI0009;2024-02-13;12;2;8
CLI0009;2024-02-20;6;3;8
CLI0009;2024-02-27;5;5;2
CLI0009;2024-03-05;7;2;3
CLI0009;2024-03-12;11;3;8
CLI0009;2024-03-19;5;1;7
CLI0009;2024-03-26;3;2;2
CLI0009;2024-04-02;8;2;6
CLI0009;2024-04-09;8;1;3
CLI0009;2024-04-16;7;1;3
CLI0009;2024-04-23;9;5;2
CLI0009;2024-04-30;4;4;5
CLI0009;2024-05-07;8;5;6
CLI0009;2024-05-14;4;4;6
CLI0009;2024-05-21;6;5;2
CLI0009;2024-05-28;11;3;5
CLI0009;2024-06-04;3;1;5
CLI0009;2024-06-11;9;4;7
CLI0009;2024-06-18;4;4;7
CLI0009;2024-06-25;10;1;2
CLI0009;2024-07-02;8;5;3
CLI0009;2024-07-09;4;2;4
CLI0009;2024-07-16;12;5;6
CLI0009;2024-07-23;8;4;6
CLI0009;2024-07-30;11;3;5
CLI0009;2024-08-06;11;5;5
CLI0009;2024-08-13;4;1;8
CLI0009;2024-08-20;11;2;5
CLI0009;2024-08-27;10;2;5
CLI0009;2024-09-03;8;4;5
CLI0009;2024-09-10;9;1;4
CLI0009;2024-09-17;9;3;7
CLI0009;2024-09-24;7;3;3
CLI0009;2024-10-01;10;1;2
CLI0009;2024-10-08;4;1;5
CLI0009;2024-10-15;4;3;8
CLI0009;2024-10-22;5;5;2
CLI0009;2024-10-29;12;5;6
CLI0009;2024-11-05;8;1;5
CLI0009;2024-11-12;8;4;8
CLI0009;2024-11-19;3;3;6
CLI0009;2024-11-26;7;3;2
CLI0009;2024-12-03;12;5;3
CLI0009;2024-12-10;5;4;3
CLI0009;2024-12-17;4;3;8
CLI0010;2024-07-23;11;5;6
CLI0010;2024-07-30;11;1;6
CLI0010;2024-08-06;7;1;3
CLI0010;2024-08-13;7;3;4
CLI0010;2024-08-20;8;1;3
CLI0010;2024-08-27;5;5;7
CLI0010;2024-09-03;9;1;3
CLI0010;2024-09-10;3;1;7
CLI0010;2024-09-17;11;2;5
CLI0010;2024-09-24;9;4;4
CLI0010;2024-10-01;5;3;4
CLI0010;2024-10-08;8;5;6
CLI0010;2024-10-15;4;1;3
CLI0010;2024-10-22;5;5;2
CLI0010;2024-10-29;4;3;5
CLI0010;2024-11-05;9;4;6
CLI0010;2024-11-12;10;4;4
CLI0010;2024-11-19;6;5;2
CLI0010;2024-11-26;8;4;2
CLI0010;2024-12-03;7;5;5
CLI0010;2024-12-10;11;3;2
CLI0011;2023-08-14;7;2;8
CLI0011;2023-08-21;1;0;1
CLI0011;2023-08-28;2;0;0
CLI0011;2023-09-04;3;1;0
CLI0011;2023-09-11;1;1;1
CLI0012;2023-08-24;9;1;5
CLI0012;2023-08-31;3;4;2
CLI0012;2023-09-07;8;5;5
CLI0012;2023-09-14;12;4;7
CLI0012;2023-09-21;9;3;2
CLI0012;2023-09-28;9;1;4
CLI0012;2023-10-05;5;5;5
CLI0012;2023-10-12;8;1;5
CLI0012;2023-10-19;4;2;5
CLI0012;2023-10-26;12;4;6
CLI0012;2023-11-02;4;4;8
CLI0012;2023-11-09;7;3;3
CLI0012;2023-11-16;8;2;2
CLI0012;2023-11-23;11;1;6
CLI0012;2023-11-30;11;2;8
CLI0012;2023-12-07;8;3;7
CLI0012;2023-12-14;5;2;2
CLI0012;2023-12-21;5;3;3
CLI0012;2023-12-28;5;5;3
CLI0012;2024-01-04;4;2;8
CLI0012;2024-01-11;10;4;8
CLI0012;2024-01-18;12;5;5
CLI0012;2024-01-25;12;5;4
CLI0012;2024-02-01;8;2;5
CLI0012;2024-02-08;4;4;5
CLI0012;2024-02-15;7;3;6
CLI0012;2024-02-22;3;3;6
CLI0012;2024-02-29;4;3;5
CLI0012;2024-03-07;10;1;2
CLI0012;2024-03-14;8;3;2
CLI0012;2024-03-21;4;5;6
CLI0012;2024-03-28;11;4;5
CLI0012;2024-04-04;12;5;8
CLI0012;2024-04-11;3;4;8
CLI0012;2024-04-18;12;2;4
CLI0012;2024-04-25;12;4;6
CLI0012;2024-05-02;5;1;5
CLI0012;2024-05-09;4;3;7
CLI0012;2024-05-16;4;5;7
CLI0012;2024-05-23;5;1;3
CLI0012;2024-05-30;10;4;6
CLI0012;2024-06-06;11;5;3
CLI0012;2024-06-13;8;3;4
CLI0012;2024-06-20;9;4;8
CLI0012;2024-06-27;8;5;2
CLI0012;2024-07-04;8;1;4
CLI0012;2024-07-11;4;5;7
CLI0012;2024-07-18;9;3;4
CLI0012;2024-07-25;12;2;4
CLI0012;2024-08-01;4;5;7
CLI0012;2024-08-08;5;3;4
CLI0012;2024-08-15;9;2;6
CLI0012;2024-08-22;4;3;6
CLI0012;2024-08-29;9;3;8
CLI0012;2024-09-05;5;5;2
CLI0012;2024-09-12;9;5;4
CLI0012;2024-09-19;3;3;4
CLI0012;2024-09-26;5;2;4
CLI0012;2024-10-03;10;2;3
CLI0012;2024-10-10;5;2;2
CLI0012;2024-10-17;7;1;6
CLI0012;2024-10-24;11;5;2
CLI0012;2024-10-31;8;5;3
CLI0012;2024-11-07;12;4;3
CLI0012;2024-11-14;5;2;8
CLI0012;2024-11-21;12;2;7
CLI0012;2024-11-28;10;1;5
CLI0012;2024-12-05;8;2;5
CLI0012;2024-12-12;12;3;8
CLI0012;2024-12-19;10;2;6
CLI0012;2024-12-26;6;3;8
CLI0013;2024-04-25;12;4;5
CLI0013;2024-05-02;7;4;6
CLI0013;2024-05-09;11;4;3
CLI0013;2024-05-16;6;5;3
CLI0013;2024-05-23;7;1;7
CLI0013;2024-05-30;10;3;6
CLI0013;2024-06-06;4;5;8
CLI0013;2024-06-13;4;3;2
CLI0013;2024-06-20;5;3;5
CLI0013;2024-06-27;11;2;8
CLI0013;2024-07-04;9;1;3
CLI0013;2024-07-11;10;3;2
CLI0013;2024-07-18;9;1;5
CLI0013;2024-07-25;11;3;3
CLI0013;2024-08-01;9;1;4
CLI0013;2024-08-08;6;1;4
CLI0013;2024-08-15;4;3;8
CLI0013;2024-08-22;5;2;2
CLI0013;2024-08-29;7;4;7
CLI0013;2024-09-05;5;4;5
CLI0013;2024-09-12;12;1;2
CLI0013;2024-09-19;3;3;3
CLI0013;2024-09-26;5;5;7
CLI0013;2024-10-03;12;5;5
CLI0013;2024-10-10;4;3;3
CLI0013;2024-10-17;7;1;2
CLI0013;2024-10-24;6;4;7
CLI0013;2024-10-31;12;4;2
CLI0013;2024-11-07;4;4;6
CLI0013;2024-11-14;11;1;7
CLI0013;2024-11-21;11;5;3
CLI0013;2024-11-28;5;3;5
CLI0013;2024-12-05;3;5;4
CLI0014;2023-09-04;4;5;4
CLI0014;2023-09-11;4;5;6
CLI0014;2023-09-18;11;5;6
CLI0014;2023-09-25;3;4;8
CLI0014;2023-10-02;10;1;7
CLI0014;2023-10-09;9;3;4
CLI0014;2023-10-16;3;3;8
CLI0014;2023-10-23;4;3;3
CLI0014;2023-10-30;4;5;7
CLI0014;2023-11-06;8;2;2
CLI0014;2023-11-13;8;5;4
CLI0014;2023-11-20;5;4;7
CLI0014;2023-11-27;10;2;8
CLI0014;2023-12-04;5;1;7
CLI0014;2023-12-11;10;1;4
CLI0014;2023-12-18;6;1;8
CLI0014;2023-12-25;6;1;4
CLI0014;2024-01-01;7;5;5
CLI0014;2024-01-08;11;4;4
CLI0014;2024-01-15;3;2;4
CLI0014;2024-01-22;8;1;8
CLI0014;2024-01-29;8;3;2
CLI0014;2024-02-05;8;4;5
CLI0014;2024-02-12;10;4;4
CLI0014;2024-02-19;5;4;7
CLI0014;2024-02-26;10;3;8
CLI0014;2024-03-04;11;3;8
CLI0014;2024-03-11;4;4;2
CLI0014;2024-03-18;9;5;8
CLI0014;2024-03-25;5;5;4
CLI0014;2024-04-01;8;1;2
CLI0014;2024-04-08;8;3;4
CLI0014;2024-04-15;10;5;7
CLI0014;2024-04-22;9;2;7
CLI0014;2024-04-29;10;3;5
CLI0014;2024-05-06;3;3;6
CLI0014;2024-05-13;9;3;7
CLI0014;2024-05-20;3;1;7
CLI0014;2024-05-27;9;3;6
CLI0014;2024-06-03;5;1;3
CLI0014;2024-06-10;12;4;2
CLI0014;2024-06-17;5;1;3
CLI0014;2024-06-24;8;3;5
CLI0014;2024-07-01;12;1;6
CLI0014;2024-07-08;5;4;4
CLI0014;2024-07-15;8;4;8
CLI0014;2024-07-22;4;5;3
CLI0014;2024-07-29;11;3;5
CLI0014;2024-08-05;8;3;3
CLI0014;2024-08-12;4;1;7
CLI0014;2024-08-19;5;4;6
CLI0014;2024-08-26;9;5;2
CLI0014;2024-09-02;7;3;7
CLI0014;2024-09-09;10;2;6
CLI0014;2024-09-16;7;4;3
CLI0014;2024-09-23;4;2;8
CLI0014;2024-09-30;4;4;3
CLI0014;2024-10-07;10;1;8
CLI0014;2024-10-14;8;3;7
CLI0014;2024-10-21;4;5;6
CLI0014;2024-10-28;7;3;8
CLI0014;2024-11-04;5;2;8
CLI0014;2024-11-11;8;5;3
CLI0014;2024-11-18;4;2;8
CLI0014;2024-11-25;5;2;8
CLI0014;2024-12-02;10;1;4
CLI0015;2024-07-21;5;5;2
CLI0015;2024-07-28;4;3;5
CLI0015;2024-08-04;10;5;5
CLI0015;2024-08-11;9;5;2
CLI0015;2024-08-18;5;3;7
CLI0015;2024-08-25;4;4;5
CLI0015;2024-09-01;11;3;3
CLI0015;2024-09-08;11;5;3
CLI0015;2024-09-15;5;4;6
CLI0015;2024-09-22;3;1;6
CLI0015;2024-09-29;5;3;3
CLI0015;2024-10-06;5;3;7
CLI0015;2024-10-13;6;3;6
CLI0015;2024-10-20;7;1;4
CLI0015;2024-10-27;6;5;4
CLI0015;2024-11-03;5;3;6
CLI0015;2024-11-10;11;1;6
CLI0015;2024-11-17;5;5;6
CLI0015;2024-11-24;5;2;7
CLI0015;2024-12-01;12;5;4
CLI0015;2024-12-08;12;1;8
CLI0016;2023-01-30;7;2;8
CLI0016;2023-02-06;12;4;6
CLI0016;2023-02-13;3;4;7
CLI0016;2023-02-20;11;3;7
CLI0016;2023-02-27;7;4;3
CLI0016;2023-03-06;9;3;5
CLI0016;2023-03-13;4;1;3
CLI0016;2023-03-20;10;4;5
CLI0016;2023-03-27;10;2;4
CLI0016;2023-04-03;3;0;1
CLI0016;2023-04-10;2;0;1
CLI0016;2023-04-17;1;0;1
CLI0016;2023-04-24;3;0;1
CLI0017;2023-09-05;5;1;2
CLI0017;2023-09-12;7;4;8
CLI0017;2023-09-19;12;4;3
CLI0017;2023-09-26;5;3;6
CLI0017;2023-10-03;8;2;8
CLI0017;2023-10-10;5;4;6
CLI0017;2023-10-17;10;4;4
CLI0017;2023-10-24;10;1;2
CLI0017;2023-10-31;9;5;5
CLI0017;2023-11-07;6;2;6
CLI0017;2023-11-14;8;1;2
CLI0017;2023-11-21;7;4;6
CLI0017;2023-11-28;10;3;6
CLI0017;2023-12-05;3;1;5
CLI0017;2023-12-12;5;3;7
CLI0017;2023-12-19;8;4;4
CLI0017;2023-12-26;3;4;2
CLI0017;2024-01-02;12;5;3
CLI0017;2024-01-09;8;5;4
CLI0017;2024-01-16;4;4;6
CLI0017;2024-01-23;10;5;4
CLI0017;2024-01-30;12;5;2
CLI0017;2024-02-06;5;1;5
CLI0017;2024-02-13;8;3;6
CLI0017;2024-02-20;8;2;3
CLI0017;2024-02-27;12;5;5
CLI0017;2024-03-05;11;1;2
CLI0017;2024-03-12;3;2;7
CLI0017;2024-03-19;8;4;6
CLI0017;2024-03-26;10;2;6
CLI0017;2024-04-02;11;2;4
CLI0017;2024-04-09;12;3;3
CLI0017;2024-04-16;9;5;7
CLI0017;2024-04-23;7;5;4
CLI0017;2024-04-30;11;5;6
CLI0017;2024-05-07;10;5;4
CLI0017;2024-05-14;10;1;4
CLI0017;2024-05-21;8;1;5
CLI0017;2024-05-28;12;3;8
CLI0017;2024-06-04;3;5;5
CLI0017;2024-06-11;7;5;6
CLI0017;2024-06-18;6;1;6
CLI0017;2024-06-25;10;2;6
CLI0017;2024-07-02;12;4;3
CLI0017;2024-07-09;6;1;6
CLI0017;2024-07-16;4;2;2
CLI0017;2024-07-23;10;3;5
CLI0017;2024-07-30;5;4;7
CLI0017;2024-08-06;6;4;6
CLI0017;2024-08-13;12;4;8
CLI0017;2024-08-20;3;2;6
CLI0017;2024-08-27;6;5;4
CLI0017;2024-09-03;10;5;5
CLI0017;2024-09-10;8;2;5
CLI0017;2024-09-17;11;3;6
CLI0017;2024-09-24;8;3;6
CLI0017;2024-10-01;10;2;3
CLI0017;2024-10-08;7;5;4
CLI0017;2024-10-15;6;3;8
CLI0017;2024-10-22;7;2;7
CLI0017;2024-10-29;10;3;5
CLI0017;2024-11-05;8;5;8
CLI0017;2024-11-12;7;3;2
CLI0017;2024-11-19;12;5;5
CLI0017;2024-11-26;9;3;8
CLI0017;2024-12-03;5;3;2
CLI0017;2024-12-10;7;1;4
CLI0017;2024-12-17;10;3;7
CLI0018;2024-05-05;11;3;3
CLI0018;2024-05-12;4;5;7
CLI0018;2024-05-19;12;2;3
CLI0018;2024-05-26;3;5;3
CLI0018;2024-06-02;6;1;2
CLI0018;2024-06-09;2;0;2
CLI0018;2024-06-16;3;0;2
CLI0018;2024-06-23;1;0;1
CLI0018;2024-06-30;1;1;2
CLI0019;2024-05-02;8;3;7
CLI0019;2024-05-09;3;1;7
CLI0019;2024-05-16;12;2;6
CLI0019;2024-05-23;3;2;5
CLI0019;2024-05-30;5;1;8
CLI0019;2024-06-06;9;4;3
CLI0019;2024-06-13;7;1;2
CLI0019;2024-06-20;7;5;6
CLI0019;2024-06-27;4;3;4
CLI0019;2024-07-04;10;5;6
CLI0019;2024-07-11;10;2;8
CLI0019;2024-07-18;11;4;4
CLI0019;2024-07-25;6;1;4
CLI0019;2024-08-01;5;4;7
CLI0019;2024-08-08;7;2;2
CLI0019;2024-08-15;8;3;6
CLI0019;2024-08-22;6;2;6
CLI0019;2024-08-29;9;4;6
CLI0019;2024-09-05;8;1;5
CLI0019;2024-09-12;4;2;3
CLI0019;2024-09-19;10;3;3
CLI0019;2024-09-26;3;3;5
CLI0019;2024-10-03;6;4;8
CLI0019;2024-10-10;7;3;4
CLI0019;2024-10-17;12;5;2
CLI0019;2024-10-24;7;3;7
CLI0019;2024-10-31;6;1;7
CLI0019;2024-11-07;4;4;4
CLI0019;2024-11-14;5;4;7
CLI0019;2024-11-21;11;3;7
CLI0019;2024-11-28;4;3;4
CLI0019;2024-12-05;12;2;3
CLI0019;2024-12-12;5;4;3
CLI0019;2024-12-19;10;5;4
CLI0020;2024-03-01;6;2;7
CLI0020;2024-03-08;12;1;6
CLI0020;2024-03-15;10;5;7
CLI0020;2024-03-22;8;1;6
CLI0020;2024-03-29;4;1;8
CLI0020;2024-04-05;11;5;3
CLI0020;2024-04-12;12;5;3
CLI0020;2024-04-19;5;3;8
CLI0020;2024-04-26;11;4;2
CLI0020;2024-05-03;6;5;5
CLI0020;2024-05-10;4;5;5
CLI0020;2024-05-17;3;4;3
CLI0020;2024-05-24;11;4;5
CLI0020;2024-05-31;12;1;6
CLI0020;2024-06-07;10;3;7
CLI0020;2024-06-14;3;4;4
CLI0020;2024-06-21;3;2;6
CLI0020;2024-06-28;4;1;5
CLI0020;2024-07-05;8;1;6
CLI0020;2024-07-12;3;1;5
CLI0020;2024-07-19;3;3;5
CLI0020;2024-07-26;5;2;8
CLI0020;2024-08-02;9;3;5
CLI0020;2024-08-09;10;4;5
CLI0020;2024-08-16;4;5;3
CLI0020;2024-08-23;8;1;3
CLI0020;2024-08-30;11;4;6
CLI0020;2024-09-06;5;2;8
CLI0020;2024-09-13;3;1;4
CLI0020;2024-09-20;10;5;5
CLI0020;2024-09-27;11;4;8
CLI0020;2024-10-04;6;2;5
CLI0020;2024-10-11;8;2;4
CLI0020;2024-10-18;6;1;2
CLI0020;2024-10-25;9;5;8
CLI0020;2024-11-01;3;2;3
CLI0020;2024-11-08;4;1;6
CLI0020;2024-11-15;3;4;6
CLI0020;2024-11-22;3;2;7
CLI0020;2024-11-29;3;4;5
CLI0020;2024-12-06;6;5;3
CLI0021;2023-02-27;12;3;6
CLI0021;2023-03-06;12;3;3
CLI0021;2023-03-13;7;2;7
CLI0021;2023-03-20;11;2;5
CLI0021;2023-03-27;7;3;2
CLI0021;2023-04-03;3;1;2
CLI0021;2023-04-10;1;1;1
CLI0021;2023-04-17;3;0;1
CLI0021;2023-04-24;2;1;1
CLI0022;2024-03-02;11;4;3
CLI0022;2024-03-09;6;3;8
CLI0022;2024-03-16;5;4;2
CLI0022;2024-03-23;11;4;5
CLI0022;2024-03-30;11;5;3
CLI0022;2024-04-06;9;2;4
CLI0022;2024-04-13;6;3;7
CLI0022;2024-04-20;4;4;8
CLI0022;2024-04-27;8;1;6
CLI0022;2024-05-04;6;1;4
CLI0022;2024-05-11;9;5;6
CLI0022;2024-05-18;3;1;3
CLI0022;2024-05-25;12;5;3
CLI0022;2024-06-01;10;2;8
CLI0022;2024-06-08;8;3;2
CLI0022;2024-06-15;6;2;7
CLI0022;2024-06-22;4;4;3
CLI0022;2024-06-29;12;2;5
CLI0022;2024-07-06;6;5;4
CLI0022;2024-07-13;7;4;5
CLI0022;2024-07-20;11;3;4
CLI0022;2024-07-27;7;3;6
CLI0022;2024-08-03;10;4;2
CLI0022;2024-08-10;10;3;3
CLI0022;2024-08-17;8;3;5
CLI0022;2024-08-24;3;5;8
CLI0022;2024-08-31;6;2;2
CLI0022;2024-09-07;7;5;6
CLI0022;2024-09-14;12;4;4
CLI0022;2024-09-21;5;2;4
CLI0022;2024-09-28;6;4;6
CLI0022;2024-10-05;6;4;6
CLI0022;2024-10-12;8;3;8
CLI0022;2024-10-19;10;4;5
CLI0022;2024-10-26;5;3;3
CLI0022;2024-11-02;5;5;5
CLI0022;2024-11-09;5;5;7
CLI0022;2024-11-16;3;5;2
CLI0022;2024-11-23;4;1;8
CLI0022;2024-11-30;3;4;3
CLI0022;2024-12-07;6;1;7
CLI0022;2024-12-14;5;1;3
CLI0022;2024-12-21;11;4;4
CLI0023;2023-03-03;10;1;2
CLI0023;2023-03-10;11;5;5
CLI0023;2023-03-17;3;1;6
CLI0023;2023-03-24;7;5;4
CLI0023;2023-03-31;3;5;8
CLI0023;2023-04-07;9;2;2
CLI0023;2023-04-14;4;5;3
CLI0023;2023-04-21;6;2;6
CLI0023;2023-04-28;11;3;8
CLI0023;2023-05-05;8;3;8
CLI0023;2023-05-12;9;1;4
CLI0023;2023-05-19;9;4;6
CLI0023;2023-05-26;6;2;4
CLI0023;2023-06-02;4;1;2
CLI0023;2023-06-09;9;4;5
CLI0023;2023-06-16;11;4;2
CLI0023;2023-06-23;3;2;2
CLI0023;2023-06-30;10;4;7
CLI0023;2023-07-07;8;5;8
CLI0023;2023-07-14;4;5;2
CLI0023;2023-07-21;6;2;8
CLI0023;2023-07-28;12;4;4
CLI0023;2023-08-04;3;1;7
CLI0023;2023-08-11;7;5;6
CLI0023;2023-08-18;3;2;8
CLI0023;2023-08-25;8;1;3
CLI0023;2023-09-01;12;2;8
CLI0023;2023-09-08;9;1;4
CLI0023;2023-09-15;5;5;3
CLI0023;2023-09-22;12;4;7
CLI0023;2023-09-29;11;3;5
CLI0023;2023-10-06;5;1;6
CLI0023;2023-10-13;8;1;2
CLI0023;2023-10-20;9;2;8
CLI0023;2023-10-27;4;3;6
CLI0023;2023-11-03;12;5;5
CLI0023;2023-11-10;8;1;7
CLI0023;2023-11-17;7;4;5
CLI0023;2023-11-24;6;3;6
CLI0023;2023-12-01;9;4;3
CLI0023;2023-12-08;12;4;2
CLI0023;2023-12-15;12;3;8
CLI0023;2023-12-22;6;1;2
CLI0023;2023-12-29;7;2;5
CLI0023;2024-01-05;5;4;4
CLI0023;2024-01-12;8;1;2
CLI0023;2024-01-19;3;3;5
CLI0023;2024-01-26;8;3;2
CLI0023;2024-02-02;5;1;3
CLI0023;2024-02-09;9;4;6
CLI0023;2024-02-16;11;5;5
CLI0023;2024-02-23;4;1;2
CLI0023;2024-03-01;8;5;2
CLI0023;2024-03-08;12;5;8
CLI0023;2024-03-15;8;4;2
CLI0023;2024-03-22;7;4;5
CLI0023;2024-03-29;4;5;3
CLI0023;2024-04-05;12;5;3
CLI0023;2024-04-12;9;2;3
CLI0023;2024-04-19;7;3;4
CLI0023;2024-04-26;10;2;2
CLI0023;2024-05-03;5;4;4
CLI0023;2024-05-10;9;3;5
CLI0023;2024-05-17;4;3;4
CLI0023;2024-05-24;6;4;6
CLI0023;2024-05-31;12;2;5
CLI0023;2024-06-07;4;2;4
CLI0023;2024-06-14;3;4;4
CLI0023;2024-06-21;12;4;8
CLI0023;2024-06-28;8;4;4
CLI0023;2024-07-05;9;5;3
CLI0023;2024-07-12;7;3;6
CLI0023;2024-07-19;6;4;4
CLI0023;2024-07-26;5;4;4
CLI0023;2024-08-02;7;4;6
CLI0023;2024-08-09;6;3;5
CLI0023;2024-08-16;7;4;4
CLI0023;2024-08-23;4;5;3
CLI0023;2024-08-30;12;5;3
CLI0023;2024-09-06;11;1;7
CLI0023;2024-09-13;10;2;5
CLI0023;2024-09-20;7;1;8
CLI0023;2024-09-27;9;4;3
CLI0023;2024-10-04;7;2;4
CLI0023;2024-10-11;5;4;8
CLI0023;2024-10-18;9;1;5
CLI0023;2024-10-25;12;4;6
CLI0023;2024-11-01;9;5;6
CLI0023;2024-11-08;9;5;2
CLI0023;2024-11-15;8;5;6
CLI0023;2024-11-22;4;1;8
CLI0023;2024-11-29;6;3;3
CLI0023;2024-12-06;12;1;6
CLI0024;2024-02-14;4;1;2
CLI0024;2024-02-21;7;2;6
CLI0024;2024-02-28;11;5;6
CLI0024;2024-03-06;12;2;5
CLI0024;2024-03-13;8;4;5
CLI0024;2024-03-20;12;5;3
CLI0024;2024-03-27;8;1;5
CLI0024;2024-04-03;4;3;5
CLI0024;2024-04-10;4;1;8
CLI0024;2024-04-17;5;3;4
CLI0024;2024-04-24;8;4;8
CLI0024;2024-05-01;6;5;5
CLI0024;2024-05-08;8;4;2
CLI0024;2024-05-15;10;4;4
CLI0024;2024-05-22;4;3;2
CLI0024;2024-05-29;4;1;8
CLI0024;2024-06-05;8;1;7
CLI0024;2024-06-12;5;2;6
CLI0024;2024-06-19;5;5;3
CLI0024;2024-06-26;8;5;5
CLI0024;2024-07-03;10;2;8
CLI0024;2024-07-10;9;2;3
CLI0024;2024-07-17;9;4;2
CLI0024;2024-07-24;12;2;5
CLI0024;2024-07-31;12;4;5
CLI0024;2024-08-07;3;2;3
CLI0024;2024-08-14;7;1;6
CLI0024;2024-08-21;4;5;3
CLI0024;2024-08-28;8;3;3
CLI0024;2024-09-04;10;1;4
CLI0024;2024-09-11;10;5;7
CLI0024;2024-09-18;8;5;5
CLI0024;2024-09-25;12;4;6
CLI0024;2024-10-02;4;3;4
CLI0024;2024-10-09;10;5;3
CLI0024;2024-10-16;7;5;6
CLI0024;2024-10-23;4;2;4
CLI0024;2024-10-30;4;2;4
CLI0024;2024-11-06;4;2;4
CLI0024;2024-11-13;5;5;5
CLI0024;2024-11-20;9;5;3
CLI0024;2024-11-27;12;4;5
CLI0024;2024-12-04;5;4;7
CLI0024;2024-12-11;11;2;6
CLI0025;2023-06-20;10;5;2
CLI0025;2023-06-27;8;1;5
CLI0025;2023-07-04;5;2;8
CLI0025;2023-07-11;9;5;6
CLI0025;2023-07-18;10;4;7
CLI0025;2023-07-25;10;4;7
CLI0025;2023-08-01;10;4;3
CLI0025;2023-08-08;4;5;2
CLI0025;2023-08-15;6;3;2
CLI0025;2023-08-22;7;2;6
CLI0025;2023-08-29;7;2;8
CLI0025;2023-09-05;10;5;7
CLI0025;2023-09-12;10;5;6
CLI0025;2023-09-19;4;5;2
CLI0025;2023-09-26;7;5;8
CLI0025;2023-10-03;8;5;8
CLI0025;2023-10-10;3;4;6
CLI0025;2023-10-17;6;4;2
CLI0025;2023-10-24;6;3;8
CLI0025;2023-10-31;3;4;4
CLI0025;2023-11-07;8;1;5
CLI0025;2023-11-14;4;2;3
CLI0025;2023-11-21;12;3;8
CLI0025;2023-11-28;12;4;3
CLI0025;2023-12-05;12;2;8
CLI0025;2023-12-12;6;2;8
CLI0025;2023-12-19;3;5;4
CLI0025;2023-12-26;11;3;6
CLI0025;2024-01-02;11;2;4
CLI0025;2024-01-09;7;3;6
CLI0025;2024-01-16;7;5;7
CLI0025;2024-01-23;4;2;8
CLI0025;2024-01-30;9;1;4
CLI0025;2024-02-06;5;2;3
CLI0025;2024-02-13;5;3;8
CLI0025;2024-02-20;6;4;5
CLI0025;2024-02-27;5;5;7
CLI0025;2024-03-05;7;4;5
CLI0025;2024-03-12;10;1;7
CLI0025;2024-03-19;4;4;6
CLI0025;2024-03-26;7;3;5
CLI0025;2024-04-02;10;3;6
CLI0025;2024-04-09;3;1;7
CLI0025;2024-04-16;10;3;8
CLI0025;2024-04-23;4;5;5
CLI0025;2024-04-30;6;4;8
CLI0025;2024-05-07;6;4;4
CLI0025;2024-05-14;8;3;4
CLI0025;2024-05-21;11;5;3
CLI0025;2024-05-28;12;4;8
CLI0025;2024-06-04;8;1;2
CLI0025;2024-06-11;4;4;2
CLI0025;2024-06-18;4;2;5
CLI0025;2024-06-25;10;1;5
CLI0025;2024-07-02;6;2;7
CLI0025;2024-07-09;7;2;8
CLI0025;2024-07-16;7;1;7
CLI0025;2024-07-23;8;3;2
CLI0025;2024-07-30;8;2;2
CLI0025;2024-08-06;9;3;7
CLI0025;2024-08-13;6;4;7
CLI0025;2024-08-20;4;1;2
CLI0025;2024-08-27;6;4;2
CLI0025;2024-09-03;5;5;3
CLI0025;2024-09-10;11;4;2
CLI0025;2024-09-17;3;3;8
CLI0025;2024-09-24;4;4;7
CLI0025;2024-10-01;5;4;2
CLI0025;2024-10-08;6;4;2
CLI0025;2024-10-15;4;1;4
CLI0025;2024-10-22;8;3;3
CLI0025;2024-10-29;9;2;7
CLI0025;2024-11-05;5;1;6
CLI0025;2024-11-12;12;1;6
CLI0025;2024-11-19;5;4;4
CLI0025;2024-11-26;6;2;5
CLI0025;2024-12-03;12;4;8
CLI0025;2024-12-10;6;1;2
CLI0025;2024-12-17;5;1;6
CLI0026;2024-01-29;6;3;7
CLI0026;2024-02-05;4;2;6
CLI0026;2024-02-12;12;5;7
CLI0026;2024-02-19;12;3;8
CLI0026;2024-02-26;3;3;3
CLI0026;2024-03-04;11;5;6
CLI0026;2024-03-11;6;4;4
CLI0026;2024-03-18;3;2;5
CLI0026;2024-03-25;9;1;3
CLI0026;2024-04-01;10;5;2
CLI0026;2024-04-08;11;1;4
CLI0026;2024-04-15;8;2;5
CLI0026;2024-04-22;12;4;4
CLI0026;2024-04-29;11;2;8
CLI0026;2024-05-06;10;1;2
CLI0026;2024-05-13;12;1;2
CLI0026;2024-05-20;7;2;2
CLI0026;2024-05-27;3;4;6
CLI0026;2024-06-03;7;5;8
CLI0026;2024-06-10;9;4;7
CLI0026;2024-06-17;9;1;7
CLI0026;2024-06-24;11;5;6
CLI0026;2024-07-01;5;3;2
CLI0026;2024-07-08;7;1;6
CLI0026;2024-07-15;6;2;6
CLI0026;2024-07-22;8;4;6
CLI0026;2024-07-29;4;3;7
CLI0026;2024-08-05;9;2;2
CLI0026;2024-08-12;6;1;5
CLI0026;2024-08-19;4;4;6
CLI0026;2024-08-26;12;1;4
CLI0026;2024-09-02;5;1;2
CLI0026;2024-09-09;5;1;3
CLI0026;2024-09-16;10;3;6
CLI0026;2024-09-23;11;3;3
CLI0026;2024-09-30;8;2;7
CLI0026;2024-10-07;7;1;8
CLI0026;2024-10-14;3;3;8
CLI0026;2024-10-21;9;3;6
CLI0026;2024-10-28;4;3;7
CLI0026;2024-11-04;12;1;5
CLI0026;2024-11-11;10;5;4
CLI0026;2024-11-18;3;4;8
CLI0026;2024-11-25;12;2;4
CLI0026;2024-12-02;5;3;8
CLI0026;2024-12-09;4;5;7
CLI0026;2024-12-16;4;2;7
CLI0026;2024-12-23;11;1;2
CLI0027;2023-01-13;5;2;8
CLI0027;2023-01-20;3;5;8
CLI0027;2023-01-27;9;2;4
CLI0027;2023-02-03;6;4;7
CLI0027;2023-02-10;8;3;8
CLI0027;2023-02-17;4;5;4
CLI0027;2023-02-24;4;5;7
CLI0027;2023-03-03;3;2;3
CLI0027;2023-03-10;11;1;5
CLI0027;2023-03-17;1;1;2
CLI0027;2023-03-24;2;0;1
CLI0027;2023-03-31;1;1;1
CLI0027;2023-04-07;0;0;0
CLI0028;2023-10-26;6;4;4
CLI0028;2023-11-02;12;4;8
CLI0028;2023-11-09;6;5;8
CLI0028;2023-11-16;6;2;2
CLI0028;2023-11-23;9;1;3
CLI0028;2023-11-30;11;3;7
CLI0028;2023-12-07;3;3;2
CLI0028;2023-12-14;9;3;2
CLI0028;2023-12-21;6;5;3
CLI0028;2023-12-28;9;4;2
CLI0028;2024-01-04;5;3;2
CLI0028;2024-01-11;3;2;8
CLI0028;2024-01-18;11;4;7
CLI0028;2024-01-25;8;4;7
CLI0028;2024-02-01;4;5;2
CLI0028;2024-02-08;11;2;7
CLI0028;2024-02-15;9;1;6
CLI0028;2024-02-22;12;1;5
CLI0028;2024-02-29;5;2;4
CLI0028;2024-03-07;7;3;8
CLI0028;2024-03-14;9;3;4
CLI0028;2024-03-21;10;3;3
CLI0028;2024-03-28;4;2;3
CLI0028;2024-04-04;12;1;3
CLI0028;2024-04-11;4;2;5
CLI0028;2024-04-18;10;3;5
CLI0028;2024-04-25;4;5;4
CLI0028;2024-05-02;6;4;4
CLI0028;2024-05-09;10;3;8
CLI0028;2024-05-16;4;1;3
CLI0028;2024-05-23;7;5;2
CLI0028;2024-05-30;6;3;3
CLI0028;2024-06-06;4;2;4
CLI0028;2024-06-13;9;5;2
CLI0028;2024-06-20;7;3;8
CLI0028;2024-06-27;5;1;5
CLI0028;2024-07-04;10;5;7
CLI0028;2024-07-11;11;2;2
CLI0028;2024-07-18;10;1;8
CLI0028;2024-07-25;5;1;2
CLI0028;2024-08-01;3;2;3
CLI0028;2024-08-08;6;4;4
CLI0028;2024-08-15;4;5;6
CLI0028;2024-08-22;7;1;2
CLI0028;2024-08-29;4;2;7
CLI0028;2024-09-05;10;2;2
CLI0028;2024-09-12;8;1;2
CLI0028;2024-09-19;10;1;3
CLI0028;2024-09-26;12;4;8
CLI0028;2024-10-03;9;4;2
CLI0028;2024-10-10;9;4;3
CLI0028;2024-10-17;8;2;3
CLI0028;2024-10-24;7;3;5
CLI0028;2024-10-31;5;1;6
CLI0028;2024-11-07;12;5;3
CLI0028;2024-11-14;7;4;5
CLI0028;2024-11-21;11;4;2
CLI0028;2024-11-28;4;3;5
CLI0028;2024-12-05;5;4;3
CLI0029;2024-06-22;8;4;6
CLI0029;2024-06-29;10;3;6
CLI0029;2024-07-06;11;3;5
CLI0029;2024-07-13;7;2;2
CLI0029;2024-07-20;8;5;3
CLI0029;2024-07-27;3;3;2
CLI0029;2024-08-03;10;5;4
CLI0029;2024-08-10;12;2;3
CLI0029;2024-08-17;4;2;7
CLI0029;2024-08-24;6;3;6
CLI0029;2024-08-31;3;2;6
CLI0029;2024-09-07;9;3;8
CLI0029;2024-09-14;5;2;3
CLI0029;2024-09-21;12;3;8
CLI0029;2024-09-28;8;5;2
CLI0029;2024-10-05;8;5;6
CLI0029;2024-10-12;5;5;3
CLI0029;2024-10-19;10;5;4
CLI0029;2024-10-26;5;4;2
CLI0029;2024-11-02;4;1;3
CLI0029;2024-11-09;12;2;2
CLI0029;2024-11-16;11;4;2
CLI0029;2024-11-23;8;5;3
CLI0029;2024-11-30;5;3;7
CLI0029;2024-12-07;5;3;2
CLI0029;2024-12-14;3;2;6
CLI0030;2023-05-26;4;3;7
CLI0030;2023-06-02;9;5;2
CLI0030;2023-06-09;8;3;4
CLI0030;2023-06-16;5;2;7
CLI0030;2023-06-23;9;4;7
CLI0030;2023-06-30;8;2;7
CLI0030;2023-07-07;11;5;8
CLI0030;2023-07-14;8;2;7
CLI0030;2023-07-21;12;2;5
CLI0030;2023-07-28;7;3;3
CLI0030;2023-08-04;5;1;7
CLI0030;2023-08-11;12;4;8
CLI0030;2023-08-18;12;1;3
CLI0030;2023-08-25;12;3;8
CLI0030;2023-09-01;12;2;7
CLI0030;2023-09-08;12;1;5
CLI0030;2023-09-15;5;3;7
CLI0030;2023-09-22;4;2;4
CLI0030;2023-09-29;8;2;7
CLI0030;2023-10-06;4;3;5
CLI0030;2023-10-13;3;3;3
CLI0030;2023-10-20;6;1;4
CLI0030;2023-10-27;7;1;7
CLI0030;2023-11-03;3;1;5
CLI0030;2023-11-10;10;4;3
CLI0030;2023-11-17;9;4;5
CLI0030;2023-11-24;8;5;5
CLI0030;2023-12-01;4;4;8
CLI0030;2023-12-08;12;2;3
CLI0030;2023-12-15;10;1;8
CLI0030;2023-12-22;3;3;2
CLI0030;2023-12-29;8;3;2
CLI0030;2024-01-05;4;3;3
CLI0030;2024-01-12;9;2;7
CLI0030;2024-01-19;4;5;2
CLI0030;2024-01-26;8;5;6
CLI0030;2024-02-02;10;1;5
CLI0030;2024-02-09;5;5;5
CLI0030;2024-02-16;5;1;2
CLI0030;2024-02-23;8;2;3
CLI0030;2024-03-01;9;5;7
CLI0030;2024-03-08;11;3;7
CLI0030;2024-03-15;7;3;3
CLI0030;2024-03-22;4;1;5
CLI0030;2024-03-29;12;5;8
CLI0030;2024-04-05;10;2;2
CLI0030;2024-04-12;8;1;5
CLI0030;2024-04-19;4;3;8
CLI0030;2024-04-26;12;4;3
CLI0030;2024-05-03;4;1;3
CLI0030;2024-05-10;5;3;2
CLI0030;2024-05-17;10;1;4
CLI0030;2024-05-24;9;4;5
CLI0030;2024-05-31;7;1;7
CLI0030;2024-06-07;11;4;3
CLI0030;2024-06-14;8;4;4
CLI0030;2024-06-21;5;4;2
CLI0030;2024-06-28;7;4;5
CLI0030;2024-07-05;7;2;8
CLI0030;2024-07-12;7;5;2
CLI0030;2024-07-19;5;1;2
CLI0030;2024-07-26;8;5;5
CLI0030;2024-08-02;12;2;6
CLI0030;2024-08-09;3;4;8
CLI0030;2024-08-16;11;4;6
CLI0030;2024-08-23;10;5;3
CLI0030;2024-08-30;10;3;2
CLI0030;2024-09-06;9;1;6
CLI0030;2024-09-13;12;5;8
CLI0030;2024-09-20;12;5;3
CLI0030;2024-09-27;4;4;3
CLI0030;2024-10-04;5;2;8
CLI0030;2024-10-11;6;2;2
CLI0030;2024-10-18;9;1;7
CLI0030;2024-10-25;9;2;8
CLI0030;2024-11-01;5;5;4
CLI0030;2024-11-08;8;1;2
CLI0030;2024-11-15;9;5;5
CLI0030;2024-11-22;11;3;8
CLI0030;2024-11-29;7;5;5
CLI0030;2024-12-06;3;5;6
CLI0030;2024-12-13;11;4;2
CLI0031;2024-02-29;4;1;6
CLI0031;2024-03-07;4;3;8
CLI0031;2024-03-14;11;3;5
CLI0031;2024-03-21;7;4;7
CLI0031;2024-03-28;10;5;6
CLI0031;2024-04-04;10;1;3
CLI0031;2024-04-11;7;4;3
CLI0031;2024-04-18;12;5;7
CLI0031;2024-04-25;9;1;5
CLI0031;2024-05-02;2;0;0
CLI0031;2024-05-09;3;0;1
CLI0031;2024-05-16;0;0;2
CLI0031;2024-05-23;2;0;1
CLI0032;2024-05-18;7;4;8
CLI0032;2024-05-25;8;3;7
CLI0032;2024-06-01;9;5;7
CLI0032;2024-06-08;4;2;5
CLI0032;2024-06-15;6;4;7
CLI0032;2024-06-22;10;5;8
CLI0032;2024-06-29;8;1;6
CLI0032;2024-07-06;5;1;4
CLI0032;2024-07-13;11;4;3
CLI0032;2024-07-20;11;5;2
CLI0032;2024-07-27;5;2;8
CLI0032;2024-08-03;6;1;3
CLI0032;2024-08-10;3;4;2
CLI0032;2024-08-17;8;2;4
CLI0032;2024-08-24;8;4;6
CLI0032;2024-08-31;9;1;7
CLI0032;2024-09-07;3;2;4
CLI0032;2024-09-14;10;5;5
CLI0032;2024-09-21;5;4;6
CLI0032;2024-09-28;11;3;4
CLI0032;2024-10-05;5;3;7
CLI0032;2024-10-12;4;3;2
CLI0032;2024-10-19;9;1;3
CLI0032;2024-10-26;12;2;8
CLI0032;2024-11-02;6;2;7
CLI0032;2024-11-09;6;3;7
CLI0032;2024-11-16;9;5;2
CLI0032;2024-11-23;3;4;3
CLI0032;2024-11-30;5;5;8
CLI0032;2024-12-07;3;2;4
CLI0032;2024-12-14;12;3;7
CLI0032;2024-12-21;7;4;5
CLI0033;2023-12-24;11;5;5
CLI0033;2023-12-31;12;1;2
CLI0033;2024-01-07;11;3;6
CLI0033;2024-01-14;12;5;4
CLI0033;2024-01-21;7;1;5
CLI0033;2024-01-28;4;3;4
CLI0033;2024-02-04;8;3;4
CLI0033;2024-02-11;7;2;3
CLI0033;2024-02-18;11;2;2
CLI0033;2024-02-25;12;4;7
CLI0033;2024-03-03;8;2;7
CLI0033;2024-03-10;3;4;4
CLI0033;2024-03-17;7;4;5
CLI0033;2024-03-24;9;1;6
CLI0033;2024-03-31;12;2;4
CLI0033;2024-04-07;6;5;7
CLI0033;2024-04-14;10;3;6
CLI0033;2024-04-21;7;2;8
CLI0033;2024-04-28;11;2;4
CLI0033;2024-05-05;4;4;3
CLI0033;2024-05-12;7;5;8
CLI0033;2024-05-19;5;3;7
CLI0033;2024-05-26;4;2;4
CLI0033;2024-06-02;6;3;5
CLI0033;2024-06-09;8;3;4
CLI0033;2024-06-16;12;3;5
CLI0033;2024-06-23;4;4;2
CLI0033;2024-06-30;12;5;6
CLI0033;2024-07-07;4;4;3
CLI0033;2024-07-14;11;1;8
CLI0033;2024-07-21;9;5;4
CLI0033;2024-07-28;9;1;8
CLI0033;2024-08-04;5;2;3
CLI0033;2024-08-11;8;4;6
CLI0033;2024-08-18;10;2;4
CLI0033;2024-08-25;5;1;5
CLI0033;2024-09-01;8;2;4
CLI0033;2024-09-08;3;1;5
CLI0033;2024-09-15;7;2;8
CLI0033;2024-09-22;5;5;8
CLI0033;2024-09-29;5;4;8
CLI0033;2024-10-06;4;2;6
CLI0033;2024-10-13;9;4;5
CLI0033;2024-10-20;9;4;5
CLI0033;2024-10-27;3;1;6
CLI0033;2024-11-03;6;3;2
CLI0033;2024-11-10;8;5;3
CLI0033;2024-11-17;3;1;7
CLI0033;2024-11-24;6;2;7
CLI0033;2024-12-01;8;3;3
CLI0033;2024-12-08;4;4;6
CLI0033;2024-12-15;12;3;3
CLI0034;2023-03-08;10;5;6
CLI0034;2023-03-15;11;3;5
CLI0034;2023-03-22;5;3;5
CLI0034;2023-03-29;8;2;3
CLI0034;2023-04-05;9;1;3
CLI0034;2023-04-12;6;2;3
CLI0034;2023-04-19;3;5;6
CLI0034;2023-04-26;5;1;4
CLI0034;2023-05-03;3;4;7
CLI0034;2023-05-10;7;5;6
CLI0034;2023-05-17;3;5;2
CLI0034;2023-05-24;4;1;2
CLI0034;2023-05-31;4;4;5
CLI0034;2023-06-07;9;1;6
CLI0034;2023-06-14;7;4;7
CLI0034;2023-06-21;5;2;7
CLI0034;2023-06-28;3;3;5
CLI0034;2023-07-05;4;5;4
CLI0034;2023-07-12;12;5;7
CLI0034;2023-07-19;5;4;8
CLI0034;2023-07-26;4;5;7
CLI0034;2023-08-02;12;1;4
CLI0034;2023-08-09;4;1;5
CLI0034;2023-08-16;6;5;3
CLI0034;2023-08-23;7;5;3
CLI0034;2023-08-30;8;4;4
CLI0034;2023-09-06;5;1;6
CLI0034;2023-09-13;10;2;7
CLI0034;2023-09-20;10;3;3
CLI0034;2023-09-27;3;1;7
CLI0034;2023-10-04;4;1;8
CLI0034;2023-10-11;12;4;3
CLI0034;2023-10-18;4;5;2
CLI0034;2023-10-25;4;3;7
CLI0034;2023-11-01;6;4;4
CLI0034;2023-11-08;7;4;2
CLI0034;2023-11-15;4;2;8
CLI0034;2023-11-22;3;3;4
CLI0034;2023-11-29;8;4;7
CLI0034;2023-12-06;4;1;8
CLI0034;2023-12-13;3;1;8
CLI0034;2023-12-20;5;2;4
CLI0034;2023-12-27;8;4;6
CLI0034;2024-01-03;7;1;4
CLI0034;2024-01-10;8;2;2
CLI0034;2024-01-17;9;4;5
CLI0034;2024-01-24;7;4;7
CLI0034;2024-01-31;10;4;7
CLI0034;2024-02-07;5;1;3
CLI0034;2024-02-14;3;2;2
CLI0034;2024-02-21;9;5;5
CLI0034;2024-02-28;12;4;3
CLI0034;2024-03-06;12;4;8
CLI0034;2024-03-13;8;5;2
CLI0034;2024-03-20;5;4;5
CLI0034;2024-03-27;4;4;5
CLI0034;2024-04-03;3;1;4
CLI0034;2024-04-10;8;1;7
CLI0034;2024-04-17;11;5;7
CLI0034;2024-04-24;12;2;7
CLI0034;2024-05-01;8;5;6
CLI0034;2024-05-08;12;1;5
CLI0034;2024-05-15;6;4;4
CLI0034;2024-05-22;9;2;8
CLI0034;2024-05-29;11;5;2
CLI0034;2024-06-05;3;2;6
CLI0034;2024-06-12;10;4;8
CLI0034;2024-06-19;5;1;8
CLI0034;2024-06-26;10;3;3
CLI0034;2024-07-03;8;3;2
CLI0034;2024-07-10;11;2;6
CLI0034;2024-07-17;9;4;8
CLI0034;2024-07-24;6;1;5
CLI0034;2024-07-31;10;5;5
CLI0034;2024-08-07;4;4;5
CLI0034;2024-08-14;8;1;5
CLI0034;2024-08-21;3;1;5
CLI0034;2024-08-28;9;1;6
CLI0034;2024-09-04;11;1;8
CLI0034;2024-09-11;4;5;6
CLI0034;2024-09-18;7;5;6
CLI0034;2024-09-25;6;4;4
CLI0034;2024-10-02;8;1;8
CLI0034;2024-10-09;6;4;4
CLI0034;2024-10-16;11;5;6
CLI0034;2024-10-23;10;3;7
CLI0034;2024-10-30;10;1;2
CLI0034;2024-11-06;6;1;4
CLI0034;2024-11-13;8;3;6
CLI0034;2024-11-20;11;3;7
CLI0034;2024-11-27;4;1;3
CLI0034;2024-12-04;10;2;8
CLI0034;2024-12-11;9;1;4
CLI0034;2024-12-18;12;2;3
CLI0035;2023-05-04;6;3;2
CLI0035;2023-05-11;9;1;7
CLI0035;2023-05-18;12;1;8
CLI0035;2023-05-25;10;4;7
CLI0035;2023-06-01;12;5;3
CLI0035;2023-06-08;10;1;6
CLI0035;2023-06-15;3;5;5
CLI0035;2023-06-22;12;4;6
CLI0035;2023-06-29;5;5;3
CLI0035;2023-07-06;5;1;5
CLI0035;2023-07-13;12;5;4
CLI0035;2023-07-20;11;4;5
CLI0035;2023-07-27;12;2;4
CLI0035;2023-08-03;9;3;4
CLI0035;2023-08-10;10;2;3
CLI0035;2023-08-17;9;5;7
CLI0035;2023-08-24;11;3;8
CLI0035;2023-08-31;11;3;7
CLI0035;2023-09-07;11;2;3
CLI0035;2023-09-14;6;5;7
CLI0035;2023-09-21;7;3;7
CLI0035;2023-09-28;5;2;6
CLI0035;2023-10-05;11;3;7
CLI0035;2023-10-12;4;3;6
CLI0035;2023-10-19;10;5;6
CLI0035;2023-10-26;9;5;4
CLI0035;2023-11-02;9;1;6
CLI0035;2023-11-09;4;1;5
CLI0035;2023-11-16;5;1;7
CLI0035;2023-11-23;3;2;4
CLI0035;2023-11-30;5;3;7
CLI0035;2023-12-07;7;2;8
CLI0035;2023-12-14;3;3;3
CLI0035;2023-12-21;11;1;4
CLI0035;2023-12-28;10;1;6
CLI0035;2024-01-04;11;2;7
CLI0035;2024-01-11;11;4;3
CLI0035;2024-01-18;11;3;7
CLI0035;2024-01-25;3;4;5
CLI0035;2024-02-01;9;3;6
CLI0035;2024-02-08;3;1;7
CLI0035;2024-02-15;7;2;6
CLI0035;2024-02-22;10;2;7
CLI0035;2024-02-29;8;5;6
CLI0035;2024-03-07;12;2;8
CLI0035;2024-03-14;6;3;5
CLI0035;2024-03-21;5;1;3
CLI0035;2024-03-28;5;5;2
CLI0035;2024-04-04;9;1;5
CLI0035;2024-04-11;7;5;4
CLI0035;2024-04-18;5;2;6
CLI0035;2024-04-25;7;1;4
CLI0035;2024-05-02;10;2;2
CLI0035;2024-05-09;5;3;6
CLI0035;2024-05-16;3;5;8
CLI0035;2024-05-23;7;4;8
CLI0035;2024-05-30;12;5;4
CLI0035;2024-06-06;4;3;6
CLI0035;2024-06-13;6;2;6
CLI0035;2024-06-20;4;5;3
CLI0035;2024-06-27;9;5;6
CLI0035;2024-07-04;9;1;4
CLI0035;2024-07-11;6;2;7
CLI0035;2024-07-18;8;3;4
CLI0035;2024-07-25;7;2;8
CLI0035;2024-08-01;12;5;5
CLI0035;2024-08-08;11;1;2
CLI0035;2024-08-15;8;4;3
CLI0035;2024-08-22;12;5;3
CLI0035;2024-08-29;3;3;5
CLI0035;2024-09-05;4;4;4
CLI0035;2024-09-12;11;3;2
CLI0035;2024-09-19;11;3;6
CLI0035;2024-09-26;11;4;5
CLI0035;2024-10-03;3;3;7
CLI0035;2024-10-10;6;3;6
CLI0035;2024-10-17;4;1;3
CLI0035;2024-10-24;11;5;2
CLI0035;2024-10-31;4;2;7
CLI0035;2024-11-07;6;4;8
CLI0035;2024-11-14;4;2;6
CLI0035;2024-11-21;9;1;7
CLI0035;2024-11-28;5;1;5
CLI0035;2024-12-05;8;1;2
CLI0035;2024-12-12;4;1;3
CLI0036;2023-09-15;7;4;5
CLI0036;2023-09-22;10;4;5
CLI0036;2023-09-29;8;1;5
CLI0036;2023-10-06;4;5;2
CLI0036;2023-10-13;12;1;8
CLI0036;2023-10-20;12;1;7
CLI0036;2023-10-27;4;3;6
CLI0036;2023-11-03;4;3;8
CLI0036;2023-11-10;7;5;2
CLI0036;2023-11-17;7;4;5
CLI0036;2023-11-24;9;1;5
CLI0036;2023-12-01;5;5;3
CLI0036;2023-12-08;5;4;8
CLI0036;2023-12-15;11;3;7
CLI0036;2023-12-22;5;3;7
CLI0036;2023-12-29;8;1;6
CLI0036;2024-01-05;11;2;2
CLI0036;2024-01-12;3;1;6
CLI0036;2024-01-19;12;4;6
CLI0036;2024-01-26;11;1;4
CLI0036;2024-02-02;6;3;3
CLI0036;2024-02-09;9;5;3
CLI0036;2024-02-16;5;2;3
CLI0036;2024-02-23;12;3;3
CLI0036;2024-03-01;4;2;7
CLI0036;2024-03-08;12;1;8
CLI0036;2024-03-15;11;4;7
CLI0036;2024-03-22;11;1;4
CLI0036;2024-03-29;4;3;2
CLI0036;2024-04-05;6;5;5
CLI0036;2024-04-12;8;3;3
CLI0036;2024-04-19;6;1;4
CLI0036;2024-04-26;12;1;3
CLI0036;2024-05-03;8;4;5
CLI0036;2024-05-10;8;5;7
CLI0036;2024-05-17;7;5;3
CLI0036;2024-05-24;12;5;4
CLI0036;2024-05-31;8;4;3
CLI0036;2024-06-07;3;3;3
CLI0036;2024-06-14;6;4;4
CLI0036;2024-06-21;8;2;7
CLI0036;2024-06-28;8;4;5
CLI0036;2024-07-05;10;3;8
CLI0036;2024-07-12;7;4;6
CLI0036;2024-07-19;4;2;7
CLI0036;2024-07-26;12;1;8
CLI0036;2024-08-02;7;2;6
CLI0036;2024-08-09;6;3;7
CLI0036;2024-08-16;4;1;2
CLI0036;2024-08-23;11;1;8
CLI0036;2024-08-30;12;5;5
CLI0036;2024-09-06;12;2;2
CLI0036;2024-09-13;11;3;6
CLI0036;2024-09-20;11;4;7
CLI0036;2024-09-27;5;3;5
CLI0036;2024-10-04;6;5;7
CLI0036;2024-10-11;7;2;5
CLI0036;2024-10-18;11;5;2
CLI0036;2024-10-25;9;3;6
CLI0036;2024-11-01;3;2;8
CLI0036;2024-11-08;12;2;8
CLI0036;2024-11-15;11;2;5
CLI0036;2024-11-22;5;2;6
CLI0036;2024-11-29;12;2;7
CLI0036;2024-12-06;10;3;2
CLI0036;2024-12-13;6;4;3
CLI0036;2024-12-20;4;3;4
CLI0037;2023-08-28;8;4;5
CLI0037;2023-09-04;10;1;2
CLI0037;2023-09-11;8;1;7
CLI0037;2023-09-18;11;3;8
CLI0037;2023-09-25;7;5;6
CLI0037;2023-10-02;12;2;5
CLI0037;2023-10-09;9;3;6
CLI0037;2023-10-16;4;5;4
CLI0037;2023-10-23;9;2;6
CLI0037;2023-10-30;9;3;8
CLI0037;2023-11-06;8;4;8
CLI0037;2023-11-13;10;5;2
CLI0037;2023-11-20;11;2;5
CLI0037;2023-11-27;5;2;2
CLI0037;2023-12-04;11;3;3
CLI0037;2023-12-11;5;2;3
CLI0037;2023-12-18;8;5;7
CLI0037;2023-12-25;4;2;5
CLI0037;2024-01-01;2;0;1
CLI0037;2024-01-08;3;1;0
CLI0037;2024-01-15;3;0;2
CLI0037;2024-01-22;2;0;0
CLI0038;2023-02-14;11;1;6
CLI0038;2023-02-21;5;1;3
CLI0038;2023-02-28;7;2;6
CLI0038;2023-03-07;9;5;6
CLI0038;2023-03-14;3;3;2
CLI0038;2023-03-21;6;4;6
CLI0038;2023-03-28;10;4;3
CLI0038;2023-04-04;6;4;6
CLI0038;2023-04-11;5;5;8
CLI0038;2023-04-18;5;5;7
CLI0038;2023-04-25;11;3;3
CLI0038;2023-05-02;8;4;6
CLI0038;2023-05-09;12;1;3
CLI0038;2023-05-16;9;4;3
CLI0038;2023-05-23;4;1;3
CLI0038;2023-05-30;11;5;7
CLI0038;2023-06-06;9;2;6
CLI0038;2023-06-13;4;2;5
CLI0038;2023-06-20;12;5;2
CLI0038;2023-06-27;11;5;8
CLI0038;2023-07-04;4;1;5
CLI0038;2023-07-11;5;5;6
CLI0038;2023-07-18;3;4;6
CLI0038;2023-07-25;9;3;8
CLI0038;2023-08-01;3;5;5
CLI0038;2023-08-08;6;4;8
CLI0038;2023-08-15;9;3;6
CLI0038;2023-08-22;12;1;5
CLI0038;2023-08-29;5;3;5
CLI0038;2023-09-05;6;1;4
CLI0038;2023-09-12;12;5;5
CLI0038;2023-09-19;7;2;2
CLI0038;2023-09-26;3;5;6
CLI0038;2023-10-03;4;5;2
CLI0038;2023-10-10;9;2;7
CLI0038;2023-10-17;8;4;4
CLI0038;2023-10-24;4;2;5
CLI0038;2023-10-31;12;3;4
CLI0038;2023-11-07;11;4;6
CLI0038;2023-11-14;8;5;4
CLI0038;2023-11-21;9;2;5
CLI0038;2023-11-28;11;5;5
CLI0038;2023-12-05;5;3;6
CLI0038;2023-12-12;11;4;4
CLI0038;2023-12-19;7;5;4
CLI0038;2023-12-26;9;2;8
CLI0038;2024-01-02;4;2;5
CLI0038;2024-01-09;5;1;3
CLI0038;2024-01-16;11;4;8
CLI0038;2024-01-23;8;5;6
CLI0038;2024-01-30;3;2;5
CLI0038;2024-02-06;3;1;8
CLI0038;2024-02-13;5;4;6
CLI0038;2024-02-20;9;1;2
CLI0038;2024-02-27;7;2;4
CLI0038;2024-03-05;4;5;2
CLI0038;2024-03-12;9;4;6
CLI0038;2024-03-19;11;3;7
CLI0038;2024-03-26;12;1;8
CLI0038;2024-04-02;5;4;5
CLI0038;2024-04-09;3;2;8
CLI0038;2024-04-16;11;3;3
CLI0038;2024-04-23;3;5;6
CLI0038;2024-04-30;11;2;6
CLI0038;2024-05-07;5;1;4
CLI0038;2024-05-14;6;1;3
CLI0038;2024-05-21;4;3;8
CLI0038;2024-05-28;9;3;7
CLI0038;2024-06-04;9;4;6
CLI0038;2024-06-11;6;5;2
CLI0038;2024-06-18;4;1;6
CLI0038;2024-06-25;7;5;6
CLI0038;2024-07-02;8;3;8
CLI0038;2024-07-09;7;2;6
CLI0038;2024-07-16;6;4;5
CLI0038;2024-07-23;12;1;4
CLI0038;2024-07-30;5;4;6
CLI0038;2024-08-06;4;5;2
CLI0038;2024-08-13;11;3;4
CLI0038;2024-08-20;4;5;4
CLI0038;2024-08-27;11;5;4
CLI0038;2024-09-03;10;4;6
CLI0038;2024-09-10;10;2;8
CLI0038;2024-09-17;8;4;7
CLI0038;2024-09-24;10;5;8
CLI0038;2024-10-01;3;4;2
CLI0038;2024-10-08;7;1;5
CLI0038;2024-10-15;6;2;8
CLI0038;2024-10-22;8;4;4
CLI0038;2024-10-29;11;5;2
CLI0038;2024-11-05;7;2;4
CLI0038;2024-11-12;4;4;7
CLI0038;2024-11-19;8;1;6
CLI0038;2024-11-26;5;4;4
CLI0038;2024-12-03;8;2;6
CLI0038;2024-12-10;7;2;7
CLI0038;2024-12-17;6;4;7
CLI0038;2024-12-24;6;2;7
CLI0039;2023-09-05;6;5;4
CLI0039;2023-09-12;5;1;2
CLI0039;2023-09-19;4;4;6
CLI0039;2023-09-26;3;5;2
CLI0039;2023-10-03;10;3;6
CLI0039;2023-10-10;8;4;6
CLI0039;2023-10-17;7;4;3
CLI0039;2023-10-24;11;3;5
CLI0039;2023-10-31;6;5;3
CLI0039;2023-11-07;3;5;8
CLI0039;2023-11-14;9;4;6
CLI0039;2023-11-21;3;5;4
CLI0039;2023-11-28;9;2;5
CLI0039;2023-12-05;4;5;5
CLI0039;2023-12-12;8;1;2
CLI0039;2023-12-19;6;4;6
CLI0039;2023-12-26;4;3;4
CLI0039;2024-01-02;12;3;3
CLI0039;2024-01-09;11;3;3
CLI0039;2024-01-16;7;4;6
CLI0039;2024-01-23;8;3;3
CLI0039;2024-01-30;10;4;3
CLI0039;2024-02-06;9;3;4
CLI0039;2024-02-13;9;3;5
CLI0039;2024-02-20;5;5;3
CLI0039;2024-02-27;12;2;8
CLI0039;2024-03-05;4;3;8
CLI0039;2024-03-12;6;5;5
CLI0039;2024-03-19;9;2;3
CLI0039;2024-03-26;5;4;8
CLI0039;2024-04-02;3;2;5
CLI0039;2024-04-09;10;2;8
CLI0039;2024-04-16;11;5;7
CLI0039;2024-04-23;8;4;4
CLI0039;2024-04-30;7;5;8
CLI0039;2024-05-07;12;1;5
CLI0039;2024-05-14;4;2;2
CLI0039;2024-05-21;6;3;5
CLI0039;2024-05-28;4;4;7
CLI0039;2024-06-04;8;3;4
CLI0039;2024-06-11;8;5;6
CLI0039;2024-06-18;7;3;2
CLI0039;2024-06-25;9;1;4
CLI0039;2024-07-02;12;2;6
CLI0039;2024-07-09;12;5;3
CLI0039;2024-07-16;7;3;4
CLI0039;2024-07-23;11;4;8
CLI0039;2024-07-30;10;1;5
CLI0039;2024-08-06;12;3;5
CLI0039;2024-08-13;5;2;7
CLI0039;2024-08-20;8;4;7
CLI0039;2024-08-27;12;5;5
CLI0039;2024-09-03;4;1;3
CLI0039;2024-09-10;8;2;4
CLI0039;2024-09-17;8;3;7
CLI0039;2024-09-24;7;5;7
CLI0039;2024-10-01;9;3;5
CLI0039;2024-10-08;8;5;6
CLI0039;2024-10-15;10;4;3
CLI0039;2024-10-22;5;1;3
CLI0039;2024-10-29;6;3;7
CLI0039;2024-11-05;4;2;3
CLI0039;2024-11-12;9;1;2
CLI0039;2024-11-19;4;4;6
CLI0039;2024-11-26;3;1;8
CLI0039;2024-12-03;9;5;8
CLI0039;2024-12-10;4;1;4
CLI0039;2024-12-17;12;2;2
CLI0040;2024-02-04;5;2;6
CLI0040;2024-02-11;5;1;2
CLI0040;2024-02-18;8;3;8
CLI0040;2024-02-25;10;4;8
CLI0040;2024-03-03;11;3;6
CLI0040;2024-03-10;3;0;2
CLI0040;2024-03-17;3;0;1
CLI0040;2024-03-24;3;1;2
CLI0040;2024-03-31;3;1;1
CLI0041;2024-06-30;6;1;5
CLI0041;2024-07-07;7;3;5
CLI0041;2024-07-14;7;2;4
CLI0041;2024-07-21;3;1;6
CLI0041;2024-07-28;5;3;4
CLI0041;2024-08-04;10;5;2
CLI0041;2024-08-11;10;4;4
CLI0041;2024-08-18;3;4;8
CLI0041;2024-08-25;7;5;3
CLI0041;2024-09-01;3;5;4
CLI0041;2024-09-08;6;4;6
CLI0041;2024-09-15;9;4;3
CLI0041;2024-09-22;5;4;8
CLI0041;2024-09-29;9;2;4
CLI0041;2024-10-06;4;4;7
CLI0041;2024-10-13;6;5;8
CLI0041;2024-10-20;12;3;4
CLI0041;2024-10-27;11;3;5
CLI0041;2024-11-03;6;1;3
CLI0041;2024-11-10;5;3;2
CLI0041;2024-11-17;10;5;5
CLI0041;2024-11-24;7;5;5
CLI0041;2024-12-01;6;3;2
CLI0041;2024-12-08;5;1;6
CLI0042;2023-01-23;5;4;7
CLI0042;2023-01-30;3;2;2
CLI0042;2023-02-06;5;1;5
CLI0042;2023-02-13;6;3;5
CLI0042;2023-02-20;7;4;4
CLI0042;2023-02-27;10;1;4
CLI0042;2023-03-06;4;2;2
CLI0042;2023-03-13;7;4;2
CLI0042;2023-03-20;11;4;3
CLI0042;2023-03-27;6;3;8
CLI0042;2023-04-03;9;1;2
CLI0042;2023-04-10;6;4;8
CLI0042;2023-04-17;10;2;7
CLI0042;2023-04-24;3;2;5
CLI0042;2023-05-01;4;5;7
CLI0042;2023-05-08;6;4;5
CLI0042;2023-05-15;7;3;3
CLI0042;2023-05-22;3;5;6
CLI0042;2023-05-29;4;3;5
CLI0042;2023-06-05;7;2;4
CLI0042;2023-06-12;3;2;2
CLI0042;2023-06-19;6;4;4
CLI0042;2023-06-26;3;2;8
CLI0042;2023-07-03;7;5;2
CLI0042;2023-07-10;9;2;2
CLI0042;2023-07-17;3;5;8
CLI0042;2023-07-24;10;5;3
CLI0042;2023-07-31;8;1;3
CLI0042;2023-08-07;5;4;2
CLI0042;2023-08-14;12;3;8
CLI0042;2023-08-21;3;1;4
CLI0042;2023-08-28;5;5;8
CLI0042;2023-09-04;4;2;5
CLI0042;2023-09-11;6;3;6
CLI0042;2023-09-18;8;4;7
CLI0042;2023-09-25;6;1;7
CLI0042;2023-10-02;9;3;7
CLI0042;2023-10-09;5;3;2
CLI0042;2023-10-16;10;4;6
CLI0042;2023-10-23;7;5;7
CLI0042;2023-10-30;10;2;6
CLI0042;2023-11-06;5;5;4
CLI0042;2023-11-13;8;4;4
CLI0042;2023-11-20;12;5;3
CLI0042;2023-11-27;4;5;3
CLI0042;2023-12-04;10;3;8
CLI0042;2023-12-11;7;5;4
CLI0042;2023-12-18;10;1;8
CLI0042;2023-12-25;11;4;7
CLI0042;2024-01-01;5;1;6
CLI0042;2024-01-08;8;5;3
CLI0042;2024-01-15;8;1;7
CLI0042;2024-01-22;11;4;3
CLI0042;2024-01-29;11;4;8
CLI0042;2024-02-05;11;2;6
CLI0042;2024-02-12;7;3;5
CLI0042;2024-02-19;8;1;2
CLI0042;2024-02-26;11;1;2
CLI0042;2024-03-04;5;2;8
CLI0042;2024-03-11;3;2;2
CLI0042;2024-03-18;10;2;2
CLI0042;2024-03-25;3;5;7
CLI0042;2024-04-01;9;4;6
CLI0042;2024-04-08;12;5;4
CLI0042;2024-04-15;3;3;3
CLI0042;2024-04-22;12;1;2
CLI0042;2024-04-29;6;4;8
CLI0042;2024-05-06;4;4;8
CLI0042;2024-05-13;3;3;6
CLI0042;2024-05-20;9;3;8
CLI0042;2024-05-27;3;5;4
CLI0042;2024-06-03;11;1;7
CLI0042;2024-06-10;4;3;2
CLI0042;2024-06-17;6;5;2
CLI0042;2024-06-24;4;2;6
CLI0042;2024-07-01;9;2;3
CLI0042;2024-07-08;11;2;6
CLI0042;2024-07-15;5;5;7
CLI0042;2024-07-22;11;4;7
CLI0042;2024-07-29;4;5;4
CLI0042;2024-08-05;10;4;2
CLI0042;2024-08-12;5;2;6
CLI0042;2024-08-19;9;5;4
CLI0042;2024-08-26;5;5;6
CLI0042;2024-09-02;10;3;4
CLI0042;2024-09-09;11;3;8
CLI0042;2024-09-16;8;4;8
CLI0042;2024-09-23;9;3;6
CLI0042;2024-09-30;6;5;6
CLI0042;2024-10-07;6;4;8
CLI0042;2024-10-14;11;3;4
CLI0042;2024-10-21;10;4;5
CLI0042;2024-10-28;3;1;4
CLI0042;2024-11-04;12;1;6
CLI0042;2024-11-11;5;3;2
CLI0042;2024-11-18;7;2;3
CLI0042;2024-11-25;8;1;8
CLI0042;2024-12-02;7;5;6
CLI0042;2024-12-09;11;5;6
CLI0042;2024-12-16;5;1;2
CLI0043;2024-04-16;12;2;3
CLI0043;2024-04-23;7;3;2
CLI0043;2024-04-30;12;4;6
CLI0043;2024-05-07;6;1;7
CLI0043;2024-05-14;8;4;3
CLI0043;2024-05-21;10;5;8
CLI0043;2024-05-28;4;5;7
CLI0043;2024-06-04;7;1;7
CLI0043;2024-06-11;12;4;2
CLI0043;2024-06-18;0;0;1
CLI0043;2024-06-25;2;1;2
CLI0043;2024-07-02;1;0;2
CLI0043;2024-07-09;3;0;2
CLI0044;2024-01-27;12;2;4
CLI0044;2024-02-03;11;2;3
CLI0044;2024-02-10;3;4;5
CLI0044;2024-02-17;12;5;6
CLI0044;2024-02-24;4;2;5
CLI0044;2024-03-02;2;1;0
CLI0044;2024-03-09;1;0;0
CLI0044;2024-03-16;3;1;2
CLI0044;2024-03-23;0;1;1
CLI0045;2023-09-26;5;2;5
CLI0045;2023-10-03;11;2;5
CLI0045;2023-10-10;9;5;3
CLI0045;2023-10-17;11;5;7
CLI0045;2023-10-24;11;2;3
CLI0045;2023-10-31;4;3;8
CLI0045;2023-11-07;9;3;7
CLI0045;2023-11-14;12;1;2
CLI0045;2023-11-21;9;4;4
CLI0045;2023-11-28;8;2;4
CLI0045;2023-12-05;8;5;7
CLI0045;2023-12-12;3;3;3
CLI0045;2023-12-19;8;5;8
CLI0045;2023-12-26;10;5;3
CLI0045;2024-01-02;3;0;2
CLI0045;2024-01-09;1;0;2
CLI0045;2024-01-16;2;0;2
CLI0045;2024-01-23;1;0;2
CLI0046;2023-02-25;3;3;7
CLI0046;2023-03-04;4;3;5
CLI0046;2023-03-11;10;1;4
CLI0046;2023-03-18;6;5;3
CLI0046;2023-03-25;6;5;6
CLI0046;2023-04-01;7;5;5
CLI0046;2023-04-08;12;2;7
CLI0046;2023-04-15;3;4;6
CLI0046;2023-04-22;11;1;4
CLI0046;2023-04-29;5;1;4
CLI0046;2023-05-06;6;5;4
CLI0046;2023-05-13;3;4;7
CLI0046;2023-05-20;3;1;5
CLI0046;2023-05-27;7;3;8
CLI0046;2023-06-03;4;1;4
CLI0046;2023-06-10;9;2;5
CLI0046;2023-06-17;11;1;4
CLI0046;2023-06-24;10;5;6
CLI0046;2023-07-01;4;2;3
CLI0046;2023-07-08;11;4;6
CLI0046;2023-07-15;3;1;3
CLI0046;2023-07-22;11;3;4
CLI0046;2023-07-29;10;4;7
CLI0046;2023-08-05;5;1;4
CLI0046;2023-08-12;8;3;7
CLI0046;2023-08-19;7;2;6
CLI0046;2023-08-26;7;1;7
CLI0046;2023-09-02;7;4;8
CLI0046;2023-09-09;3;5;4
CLI0046;2023-09-16;6;2;4
CLI0046;2023-09-23;9;2;2
CLI0046;2023-09-30;9;5;7
CLI0046;2023-10-07;12;2;5
CLI0046;2023-10-14;6;5;3
CLI0046;2023-10-21;9;3;6
CLI0046;2023-10-28;8;4;6
CLI0046;2023-11-04;5;2;7
CLI0046;2023-11-11;5;5;6
CLI0046;2023-11-18;6;2;4
CLI0046;2023-11-25;11;2;5
CLI0046;2023-12-02;5;5;3
CLI0046;2023-12-09;8;1;6
CLI0046;2023-12-16;11;1;3
CLI0046;2023-12-23;8;2;7
CLI0046;2023-12-30;3;3;5
CLI0046;2024-01-06;9;3;5
CLI0046;2024-01-13;7;2;8
CLI0046;2024-01-20;6;1;3
CLI0046;2024-01-27;5;1;8
CLI0046;2024-02-03;12;5;4
CLI0046;2024-02-10;12;5;6
CLI0046;2024-02-17;6;5;3
CLI0046;2024-02-24;6;1;4
CLI0046;2024-03-02;4;4;3
CLI0046;2024-03-09;11;5;5
CLI0046;2024-03-16;8;2;8
CLI0046;2024-03-23;9;4;5
CLI0046;2024-03-30;5;2;3
CLI0046;2024-04-06;6;1;5
CLI0046;2024-04-13;3;3;5
CLI0046;2024-04-20;6;2;8
CLI0046;2024-04-27;6;1;3
CLI0046;2024-05-04;10;5;5
CLI0046;2024-05-11;8;4;3
CLI0046;2024-05-18;9;4;8
CLI0046;2024-05-25;3;5;7
CLI0046;2024-06-01;9;3;5
CLI0046;2024-06-08;12;5;6
CLI0046;2024-06-15;11;5;7
CLI0046;2024-06-22;3;5;2
CLI0046;2024-06-29;10;4;8
CLI0046;2024-07-06;3;2;6
CLI0046;2024-07-13;11;4;7
CLI0046;2024-07-20;3;5;5
CLI0046;2024-07-27;11;1;3
CLI0046;2024-08-03;7;4;5
CLI0046;2024-08-10;7;3;5
CLI0046;2024-08-17;5;4;4
CLI0046;2024-08-24;12;1;7
CLI0046;2024-08-31;11;2;5
CLI0046;2024-09-07;10;1;7
CLI0046;2024-09-14;11;1;3
CLI0046;2024-09-21;12;5;3
CLI0046;2024-09-28;9;4;4
CLI0046;2024-10-05;10;1;3
CLI0046;2024-10-12;10;5;7
CLI0046;2024-10-19;6;4;2
CLI0046;2024-10-26;7;3;7
CLI0046;2024-11-02;5;1;2
CLI0046;2024-11-09;4;4;7
CLI0046;2024-11-16;8;1;6
CLI0046;2024-11-23;9;5;6
CLI0046;2024-11-30;5;4;6
CLI0046;2024-12-07;9;1;8
CLI0046;2024-12-14;5;3;6
CLI0047;2023-06-03;3;4;4
CLI0047;2023-06-10;7;4;4
CLI0047;2023-06-17;5;1;3
CLI0047;2023-06-24;6;1;6
CLI0047;2023-07-01;7;1;5
CLI0047;2023-07-08;10;4;6
CLI0047;2023-07-15;3;5;5
CLI0047;2023-07-22;6;2;6
CLI0047;2023-07-29;10;4;5
CLI0047;2023-08-05;10;1;6
CLI0047;2023-08-12;12;1;3
CLI0047;2023-08-19;11;3;6
CLI0047;2023-08-26;11;2;2
CLI0047;2023-09-02;5;2;2
CLI0047;2023-09-09;2;0;0
CLI0047;2023-09-16;0;1;2
CLI0047;2023-09-23;3;0;1
CLI0047;2023-09-30;1;0;0
CLI0048;2024-03-02;12;5;6
CLI0048;2024-03-09;11;2;5
CLI0048;2024-03-16;12;3;2
CLI0048;2024-03-23;4;3;4
CLI0048;2024-03-30;8;4;8
CLI0048;2024-04-06;4;4;8
CLI0048;2024-04-13;11;1;4
CLI0048;2024-04-20;10;2;2
CLI0048;2024-04-27;7;3;6
CLI0048;2024-05-04;9;5;3
CLI0048;2024-05-11;6;5;2
CLI0048;2024-05-18;4;5;7
CLI0048;2024-05-25;11;1;5
CLI0048;2024-06-01;12;3;5
CLI0048;2024-06-08;12;3;4
CLI0048;2024-06-15;11;5;6
CLI0048;2024-06-22;8;2;6
CLI0048;2024-06-29;12;4;6
CLI0048;2024-07-06;10;4;8
CLI0048;2024-07-13;5;5;3
CLI0048;2024-07-20;7;2;2
CLI0048;2024-07-27;4;1;5
CLI0048;2024-08-03;4;2;8
CLI0048;2024-08-10;12;4;5
CLI0048;2024-08-17;3;3;4
CLI0048;2024-08-24;11;2;2
CLI0048;2024-08-31;6;3;4
CLI0048;2024-09-07;4;3;4
CLI0048;2024-09-14;11;5;4
CLI0048;2024-09-21;3;1;7
CLI0048;2024-09-28;8;3;5
CLI0048;2024-10-05;12;5;2
CLI0048;2024-10-12;5;2;4
CLI0048;2024-10-19;8;4;5
CLI0048;2024-10-26;3;2;5
CLI0048;2024-11-02;5;4;8
CLI0048;2024-11-09;11;3;5
CLI0048;2024-11-16;9;1;8
CLI0048;2024-11-23;11;3;6
CLI0048;2024-11-30;8;5;6
CLI0048;2024-12-07;3;2;6
CLI0048;2024-12-14;8;3;2
CLI0049;2023-06-02;11;2;6
CLI0049;2023-06-09;12;4;3
CLI0049;2023-06-16;12;1;8
CLI0049;2023-06-23;7;3;7
CLI0049;2023-06-30;3;3;5
CLI0049;2023-07-07;4;4;3
CLI0049;2023-07-14;8;4;8
CLI0049;2023-07-21;7;2;6
CLI0049;2023-07-28;7;2;2
CLI0049;2023-08-04;8;1;8
CLI0049;2023-08-11;6;1;5
CLI0049;2023-08-18;11;1;8
CLI0049;2023-08-25;10;5;3
CLI0049;2023-09-01;6;3;5
CLI0049;2023-09-08;11;3;8
CLI0049;2023-09-15;8;2;8
CLI0049;2023-09-22;4;5;7
CLI0049;2023-09-29;5;2;7
CLI0049;2023-10-06;3;4;5
CLI0049;2023-10-13;11;1;2
CLI0049;2023-10-20;7;1;7
CLI0049;2023-10-27;12;1;4
CLI0049;2023-11-03;10;1;2
CLI0049;2023-11-10;11;3;2
CLI0049;2023-11-17;12;3;7
CLI0049;2023-11-24;6;3;3
CLI0049;2023-12-01;6;3;4
CLI0049;2023-12-08;11;3;8
CLI0049;2023-12-15;10;1;4
CLI0049;2023-12-22;5;2;4
CLI0049;2023-12-29;4;1;6
CLI0049;2024-01-05;11;5;2
CLI0049;2024-01-12;6;5;4
CLI0049;2024-01-19;11;3;4
CLI0049;2024-01-26;5;3;6
CLI0049;2024-02-02;6;2;2
CLI0049;2024-02-09;7;5;4
CLI0049;2024-02-16;11;4;2
CLI0049;2024-02-23;5;1;5
CLI0049;2024-03-01;3;1;5
CLI0049;2024-03-08;3;1;5
CLI0049;2024-03-15;9;2;7
CLI0049;2024-03-22;12;5;7
CLI0049;2024-03-29;10;5;4
CLI0049;2024-04-05;7;3;8
CLI0049;2024-04-12;6;5;2
CLI0049;2024-04-19;10;5;3
CLI0049;2024-04-26;4;4;2
CLI0049;2024-05-03;10;3;7
CLI0049;2024-05-10;10;4;3
CLI0049;2024-05-17;6;2;8
CLI0049;2024-05-24;12;3;4
CLI0049;2024-05-31;9;2;7
CLI0049;2024-06-07;8;3;5
CLI0049;2024-06-14;10;1;2
CLI0049;2024-06-21;10;1;4
CLI0049;2024-06-28;10;4;8
CLI0049;2024-07-05;5;3;8
CLI0049;2024-07-12;8;5;6
CLI0049;2024-07-19;5;5;2
CLI0049;2024-07-26;9;1;4
CLI0049;2024-08-02;11;1;8
CLI0049;2024-08-09;7;5;5
CLI0049;2024-08-16;9;5;5
CLI0049;2024-08-23;6;5;3
CLI0049;2024-08-30;11;2;5
CLI0049;2024-09-06;9;1;4
CLI0049;2024-09-13;6;5;5
CLI0049;2024-09-20;9;5;8
CLI0049;2024-09-27;8;5;7
CLI0049;2024-10-04;6;2;7
CLI0049;2024-10-11;4;5;8
CLI0049;2024-10-18;10;1;6
CLI0049;2024-10-25;12;4;4
CLI0049;2024-11-01;11;1;8
CLI0049;2024-11-08;10;2;4
CLI0049;2024-11-15;9;1;6
CLI0049;2024-11-22;4;5;8
CLI0049;2024-11-29;9;3;5
CLI0049;2024-12-06;3;1;3
CLI0049;2024-12-13;5;5;8
CLI0050;2023-01-01;7;4;6
CLI0050;2023-01-08;12;4;3
CLI0050;2023-01-15;6;3;4
CLI0050;2023-01-22;12;3;5
CLI0050;2023-01-29;8;1;6
CLI0050;2023-02-05;3;5;6
CLI0050;2023-02-12;9;2;8
CLI0050;2023-02-19;7;1;4
CLI0050;2023-02-26;11;1;2
CLI0050;2023-03-05;11;3;2
CLI0050;2023-03-12;7;1;3
CLI0050;2023-03-19;9;5;5
CLI0050;2023-03-26;8;4;5
CLI0050;2023-04-02;9;4;6
CLI0050;2023-04-09;6;2;5
CLI0050;2023-04-16;5;2;6
CLI0050;2023-04-23;9;3;8
CLI0050;2023-04-30;9;2;4
CLI0050;2023-05-07;5;2;2
CLI0050;2023-05-14;4;1;3
CLI0050;2023-05-21;10;4;3
CLI0050;2023-05-28;4;2;7
CLI0050;2023-06-04;9;4;8
CLI0050;2023-06-11;12;4;6
CLI0050;2023-06-18;5;4;6
CLI0050;2023-06-25;9;5;8
CLI0050;2023-07-02;10;4;4
CLI0050;2023-07-09;6;2;5
CLI0050;2023-07-16;12;1;6
CLI0050;2023-07-23;10;2;7
CLI0050;2023-07-30;11;3;5
CLI0050;2023-08-06;11;5;4
CLI0050;2023-08-13;3;1;6
CLI0050;2023-08-20;10;3;2
CLI0050;2023-08-27;12;4;7
CLI0050;2023-09-03;4;2;7
CLI0050;2023-09-10;11;3;5
CLI0050;2023-09-17;11;1;6
CLI0050;2023-09-24;12;1;3
CLI0050;2023-10-01;10;1;7
CLI0050;2023-10-08;11;5;4
CLI0050;2023-10-15;12;1;4
CLI0050;2023-10-22;11;1;5
CLI0050;2023-10-29;10;5;5
CLI0050;2023-11-05;12;3;5
CLI0050;2023-11-12;8;3;4
CLI0050;2023-11-19;5;1;7
CLI0050;2023-11-26;12;3;7
CLI0050;2023-12-03;12;3;2
CLI0050;2023-12-10;10;5;3
CLI0050;2023-12-17;12;1;7
CLI0050;2023-12-24;7;5;2
CLI0050;2023-12-31;7;4;2
CLI0050;2024-01-07;5;5;2
CLI0050;2024-01-14;7;3;3
CLI0050;2024-01-21;12;3;4
CLI0050;2024-01-28;7;1;7
CLI0050;2024-02-04;4;5;3
CLI0050;2024-02-11;12;2;7
CLI0050;2024-02-18;10;3;8
CLI0050;2024-02-25;5;3;8
CLI0050;2024-03-03;6;4;3
CLI0050;2024-03-10;11;1;4
CLI0050;2024-03-17;4;2;6
CLI0050;2024-03-24;5;4;8
CLI0050;2024-03-31;9;4;3
CLI0050;2024-04-07;10;2;3
CLI0050;2024-04-14;12;3;2
CLI0050;2024-04-21;7;1;2
CLI0050;2024-04-28;5;4;5
CLI0050;2024-05-05;10;3;5
CLI0050;2024-05-12;11;2;5
CLI0050;2024-05-19;9;4;4
CLI0050;2024-05-26;5;5;8
CLI0050;2024-06-02;9;1;4
CLI0050;2024-06-09;10;4;7
CLI0050;2024-06-16;8;5;7
CLI0050;2024-06-23;3;1;6
CLI0050;2024-06-30;8;4;6
CLI0050;2024-07-07;7;3;4
CLI0050;2024-07-14;7;1;4
CLI0050;2024-07-21;12;4;5
CLI0050;2024-07-28;6;5;8
CLI0050;2024-08-04;6;5;4
CLI0050;2024-08-11;5;3;6
CLI0050;2024-08-18;3;1;8
CLI0050;2024-08-25;4;1;5
CLI0050;2024-09-01;4;5;2
CLI0050;2024-09-08;10;3;3
CLI0050;2024-09-15;7;3;3
CLI0050;2024-09-22;3;1;6
CLI0050;2024-09-29;4;1;6
CLI0050;2024-10-06;6;5;7
CLI0050;2024-10-13;4;1;2
CLI0050;2024-10-20;12;2;5
CLI0050;2024-10-27;12;2;2
CLI0050;2024-11-03;5;3;4
CLI0050;2024-11-10;10;1;7
CLI0050;2024-11-17;10;3;8
CLI0050;2024-11-24;9;3;4
CLI0050;2024-12-01;5;1;4
CLI0050;2024-12-08;3;4;5
CLI0051;2023-12-07;5;4;2
CLI0051;2023-12-14;10;2;6
CLI0051;2023-12-21;9;2;7
CLI0051;2023-12-28;10;1;3
CLI0051;2024-01-04;11;4;3
CLI0051;2024-01-11;12;1;5
CLI0051;2024-01-18;7;1;2
CLI0051;2024-01-25;4;1;6
CLI0051;2024-02-01;7;4;2
CLI0051;2024-02-08;10;2;7
CLI0051;2024-02-15;3;1;7
CLI0051;2024-02-22;9;3;3
CLI0051;2024-02-29;8;4;6
CLI0051;2024-03-07;3;5;7
CLI0051;2024-03-14;10;4;5
CLI0051;2024-03-21;9;1;6
CLI0051;2024-03-28;6;1;5
CLI0051;2024-04-04;10;1;6
CLI0051;2024-04-11;11;3;4
CLI0051;2024-04-18;7;4;2
CLI0051;2024-04-25;4;3;6
CLI0051;2024-05-02;8;1;8
CLI0051;2024-05-09;10;3;7
CLI0051;2024-05-16;6;2;6
CLI0051;2024-05-23;3;4;7
CLI0051;2024-05-30;6;3;7
CLI0051;2024-06-06;9;1;7
CLI0051;2024-06-13;8;4;2
CLI0051;2024-06-20;10;2;3
CLI0051;2024-06-27;3;2;2
CLI0051;2024-07-04;12;2;5
CLI0051;2024-07-11;9;1;8
CLI0051;2024-07-18;11;3;5
CLI0051;2024-07-25;11;4;2
CLI0051;2024-08-01;3;3;2
CLI0051;2024-08-08;8;1;5
CLI0051;2024-08-15;4;2;8
CLI0051;2024-08-22;11;4;7
CLI0051;2024-08-29;11;2;7
CLI0051;2024-09-05;12;2;2
CLI0051;2024-09-12;3;2;5
CLI0051;2024-09-19;3;4;6
CLI0051;2024-09-26;3;2;7
CLI0051;2024-10-03;5;1;3
CLI0051;2024-10-10;3;3;8
CLI0051;2024-10-17;4;4;6
CLI0051;2024-10-24;5;5;2
CLI0051;2024-10-31;4;1;5
CLI0051;2024-11-07;12;5;3
CLI0051;2024-11-14;4;2;5
CLI0051;2024-11-21;8;4;4
CLI0051;2024-11-28;4;5;6
CLI0051;2024-12-05;5;3;8
CLI0051;2024-12-12;6;1;6
CLI0051;2024-12-19;5;3;2
CLI0052;2023-05-04;8;5;3
CLI0052;2023-05-11;10;2;6
CLI0052;2023-05-18;3;2;2
CLI0052;2023-05-25;12;4;8
CLI0052;2023-06-01;5;1;5
CLI0052;2023-06-08;4;1;2
CLI0052;2023-06-15;5;1;7
CLI0052;2023-06-22;12;3;5
CLI0052;2023-06-29;10;2;3
CLI0052;2023-07-06;5;3;6
CLI0052;2023-07-13;10;4;3
CLI0052;2023-07-20;5;5;7
CLI0052;2023-07-27;3;5;3
CLI0052;2023-08-03;10;5;2
CLI0052;2023-08-10;7;3;5
CLI0052;2023-08-17;3;5;3
CLI0052;2023-08-24;6;1;6
CLI0052;2023-08-31;4;5;4
CLI0052;2023-09-07;11;5;3
CLI0052;2023-09-14;10;2;4
CLI0052;2023-09-21;3;2;2
CLI0052;2023-09-28;5;4;5
CLI0052;2023-10-05;5;2;7
CLI0052;2023-10-12;3;1;7
CLI0052;2023-10-19;8;3;3
CLI0052;2023-10-26;9;3;4
CLI0052;2023-11-02;12;4;2
CLI0052;2023-11-09;4;1;6
CLI0052;2023-11-16;5;2;8
CLI0052;2023-11-23;3;4;6
CLI0052;2023-11-30;4;1;3
CLI0052;2023-12-07;10;5;6
CLI0052;2023-12-14;8;4;3
CLI0052;2023-12-21;8;2;8
CLI0052;2023-12-28;4;3;3
CLI0052;2024-01-04;4;2;7
CLI0052;2024-01-11;9;2;5
CLI0052;2024-01-18;6;1;5
CLI0052;2024-01-25;12;4;2
CLI0052;2024-02-01;9;2;3
CLI0052;2024-02-08;12;4;3
CLI0052;2024-02-15;9;3;3
CLI0052;2024-02-22;10;2;7
CLI0052;2024-02-29;8;3;3
CLI0052;2024-03-07;8;2;2
CLI0052;2024-03-14;12;1;4
CLI0052;2024-03-21;5;1;8
CLI0052;2024-03-28;10;4;5
CLI0052;2024-04-04;5;3;3
CLI0052;2024-04-11;7;5;3
CLI0052;2024-04-18;12;2;6
CLI0052;2024-04-25;11;2;2
CLI0052;2024-05-02;9;5;5
CLI0052;2024-05-09;6;5;5
CLI0052;2024-05-16;10;3;2
CLI0052;2024-05-23;9;2;3
CLI0052;2024-05-30;8;4;6
CLI0052;2024-06-06;6;5;3
CLI0052;2024-06-13;12;1;5
CLI0052;2024-06-20;3;1;5
CLI0052;2024-06-27;11;1;5
CLI0052;2024-07-04;11;4;5
CLI0052;2024-07-11;4;4;5
CLI0052;2024-07-18;6;1;6
CLI0052;2024-07-25;3;4;3
CLI0052;2024-08-01;5;3;4
CLI0052;2024-08-08;6;1;2
CLI0052;2024-08-15;10;3;3
CLI0052;2024-08-22;10;5;7
CLI0052;2024-08-29;12;1;5
CLI0052;2024-09-05;10;2;8
CLI0052;2024-09-12;9;2;8
CLI0052;2024-09-19;8;4;7
CLI0052;2024-09-26;3;1;5
CLI0052;2024-10-03;8;5;2
CLI0052;2024-10-10;7;4;8
CLI0052;2024-10-17;7;5;6
CLI0052;2024-10-24;12;2;8
CLI0052;2024-10-31;4;5;4
CLI0052;2024-11-07;3;5;7
CLI0052;2024-11-14;8;1;2
CLI0052;2024-11-21;9;3;5
CLI0052;2024-11-28;12;1;4
CLI0052;2024-12-05;8;2;7
CLI0053;2024-07-26;5;3;3
CLI0053;2024-08-02;11;1;7
CLI0053;2024-08-09;10;5;8
CLI0053;2024-08-16;6;2;4
CLI0053;2024-08-23;8;3;6
CLI0053;2024-08-30;9;3;2
CLI0053;2024-09-06;4;3;4
CLI0053;2024-09-13;10;4;6
CLI0053;2024-09-20;11;1;5
CLI0053;2024-09-27;11;5;4
CLI0053;2024-10-04;10;5;4
CLI0053;2024-10-11;4;2;5
CLI0053;2024-10-18;4;1;5
CLI0053;2024-10-25;5;3;2
CLI0053;2024-11-01;4;2;4
CLI0053;2024-11-08;4;2;5
CLI0053;2024-11-15;5;2;6
CLI0053;2024-11-22;3;3;5
CLI0053;2024-11-29;11;2;5
CLI0053;2024-12-06;8;4;5
CLI0053;2024-12-13;3;3;3
CLI0053;2024-12-20;4;1;8
CLI0054;2023-08-26;9;5;4
CLI0054;2023-09-02;8;4;6
CLI0054;2023-09-09;11;5;5
CLI0054;2023-09-16;10;3;6
CLI0054;2023-09-23;5;3;3
CLI0054;2023-09-30;7;2;5
CLI0054;2023-10-07;8;3;8
CLI0054;2023-10-14;3;2;4
CLI0054;2023-10-21;7;4;3
CLI0054;2023-10-28;12;2;7
CLI0054;2023-11-04;11;3;3
CLI0054;2023-11-11;5;2;3
CLI0054;2023-11-18;6;1;2
CLI0054;2023-11-25;8;5;3
CLI0054;2023-12-02;10;3;4
CLI0054;2023-12-09;5;2;6
CLI0054;2023-12-16;3;3;4
CLI0054;2023-12-23;5;3;5
CLI0054;2023-12-30;11;2;6
CLI0054;2024-01-06;7;1;2
CLI0054;2024-01-13;9;4;8
CLI0054;2024-01-20;5;4;4
CLI0054;2024-01-27;5;1;7
CLI0054;2024-02-03;11;5;4
CLI0054;2024-02-10;7;4;4
CLI0054;2024-02-17;12;2;8
CLI0054;2024-02-24;12;4;4
CLI0054;2024-03-02;4;4;2
CLI0054;2024-03-09;5;5;2
CLI0054;2024-03-16;7;1;5
CLI0054;2024-03-23;12;2;5
CLI0054;2024-03-30;8;1;4
CLI0054;2024-04-06;3;5;7
CLI0054;2024-04-13;6;5;6
CLI0054;2024-04-20;6;3;3
CLI0054;2024-04-27;3;1;6
CLI0054;2024-05-04;10;1;6
CLI0054;2024-05-11;9;2;5
CLI0054;2024-05-18;8;5;6
CLI0054;2024-05-25;11;1;7
CLI0054;2024-06-01;8;4;3
CLI0054;2024-06-08;9;3;5
CLI0054;2024-06-15;8;1;4
CLI0054;2024-06-22;8;3;4
CLI0054;2024-06-29;10;5;2
CLI0054;2024-07-06;6;4;7
CLI0054;2024-07-13;9;4;4
CLI0054;2024-07-20;5;4;7
CLI0054;2024-07-27;9;2;8
CLI0054;2024-08-03;12;5;2
CLI0054;2024-08-10;5;2;4
CLI0054;2024-08-17;10;5;4
CLI0054;2024-08-24;4;5;8
CLI0054;2024-08-31;9;1;2
CLI0054;2024-09-07;9;3;5
CLI0054;2024-09-14;5;5;5
CLI0054;2024-09-21;12;2;3
CLI0054;2024-09-28;5;4;4
CLI0054;2024-10-05;11;4;2
CLI0054;2024-10-12;7;5;4
CLI0054;2024-10-19;10;5;7
CLI0054;2024-10-26;10;2;2
CLI0054;2024-11-02;3;2;4
CLI0054;2024-11-09;7;4;2
CLI0054;2024-11-16;7;4;3
CLI0054;2024-11-23;10;2;2
CLI0054;2024-11-30;4;3;5
CLI0054;2024-12-07;4;5;7
CLI0054;2024-12-14;8;5;5
CLI0055;2024-08-02;4;3;6
CLI0055;2024-08-09;12;1;8
CLI0055;2024-08-16;7;2;6
CLI0055;2024-08-23;3;2;4
CLI0055;2024-08-30;10;2;4
CLI0055;2024-09-06;5;1;4
CLI0055;2024-09-13;8;4;7
CLI0055;2024-09-20;8;1;4
CLI0055;2024-09-27;7;5;7
CLI0055;2024-10-04;4;5;3
CLI0055;2024-10-11;5;1;6
CLI0055;2024-10-18;5;5;4
CLI0055;2024-10-25;8;3;4
CLI0055;2024-11-01;8;1;6
CLI0055;2024-11-08;3;0;2
CLI0055;2024-11-15;1;0;0
CLI0055;2024-11-22;3;0;1
CLI0055;2024-11-29;3;1;1
CLI0056;2023-06-16;6;5;6
CLI0056;2023-06-23;11;5;7
CLI0056;2023-06-30;11;1;5
CLI0056;2023-07-07;10;1;2
CLI0056;2023-07-14;5;1;5
CLI0056;2023-07-21;2;0;2
CLI0056;2023-07-28;2;0;2
CLI0056;2023-08-04;3;1;1
CLI0056;2023-08-11;2;0;2
CLI0057;2023-11-08;5;2;4
CLI0057;2023-11-15;5;2;3
CLI0057;2023-11-22;4;4;7
CLI0057;2023-11-29;4;1;2
CLI0057;2023-12-06;10;4;2
CLI0057;2023-12-13;1;0;0
CLI0057;2023-12-20;3;1;0
CLI0057;2023-12-27;3;0;1
CLI0057;2024-01-03;0;0;1
CLI0058;2023-01-11;6;2;7
CLI0058;2023-01-18;8;1;2
CLI0058;2023-01-25;5;3;6
CLI0058;2023-02-01;8;3;3
CLI0058;2023-02-08;11;5;3
CLI0058;2023-02-15;11;5;2
CLI0058;2023-02-22;4;5;8
CLI0058;2023-03-01;3;5;3
CLI0058;2023-03-08;6;3;3
CLI0058;2023-03-15;11;1;7
CLI0058;2023-03-22;4;2;6
CLI0058;2023-03-29;10;3;7
CLI0058;2023-04-05;12;2;5
CLI0058;2023-04-12;4;2;8
CLI0058;2023-04-19;8;4;5
CLI0058;2023-04-26;6;5;3
CLI0058;2023-05-03;9;1;8
CLI0058;2023-05-10;8;1;5
CLI0058;2023-05-17;4;5;3
CLI0058;2023-05-24;10;3;7
CLI0058;2023-05-31;7;5;7
CLI0058;2023-06-07;3;1;4
CLI0058;2023-06-14;10;1;5
CLI0058;2023-06-21;7;4;6
CLI0058;2023-06-28;7;4;3
CLI0058;2023-07-05;11;4;4
CLI0058;2023-07-12;9;2;8
CLI0058;2023-07-19;4;4;7
CLI0058;2023-07-26;8;2;2
CLI0058;2023-08-02;10;1;5
CLI0058;2023-08-09;10;5;7
CLI0058;2023-08-16;4;1;3
CLI0058;2023-08-23;9;4;7
CLI0058;2023-08-30;12;1;7
CLI0058;2023-09-06;5;1;4
CLI0058;2023-09-13;6;3;3
CLI0058;2023-09-20;12;4;2
CLI0058;2023-09-27;6;4;7
CLI0058;2023-10-04;10;3;8
CLI0058;2023-10-11;12;5;4
CLI0058;2023-10-18;9;3;5
CLI0058;2023-10-25;12;4;5
CLI0058;2023-11-01;11;3;3
CLI0058;2023-11-08;10;1;2
CLI0058;2023-11-15;7;4;5
CLI0058;2023-11-22;6;2;2
CLI0058;2023-11-29;4;1;8
CLI0058;2023-12-06;4;4;7
CLI0058;2023-12-13;3;2;5
CLI0058;2023-12-20;12;3;3
CLI0058;2023-12-27;7;5;6
CLI0058;2024-01-03;4;1;7
CLI0058;2024-01-10;11;4;8
CLI0058;2024-01-17;10;2;4
CLI0058;2024-01-24;10;4;6
CLI0058;2024-01-31;7;5;4
CLI0058;2024-02-07;11;5;2
CLI0058;2024-02-14;3;4;2
CLI0058;2024-02-21;9;4;4
CLI0058;2024-02-28;9;4;5
CLI0058;2024-03-06;3;1;3
CLI0058;2024-03-13;11;3;7
CLI0058;2024-03-20;5;4;5
CLI0058;2024-03-27;5;3;7
CLI0058;2024-04-03;9;4;8
CLI0058;2024-04-10;4;5;7
CLI0058;2024-04-17;10;5;7
CLI0058;2024-04-24;11;5;5
CLI0058;2024-05-01;10;5;8
CLI0058;2024-05-08;5;5;2
CLI0058;2024-05-15;9;3;5
CLI0058;2024-05-22;12;4;6
CLI0058;2024-05-29;8;3;4
CLI0058;2024-06-05;3;1;6
CLI0058;2024-06-12;3;2;8
CLI0058;2024-06-19;8;3;8
CLI0058;2024-06-26;12;1;8
CLI0058;2024-07-03;8;4;2
CLI0058;2024-07-10;9;3;4
CLI0058;2024-07-17;9;3;2
CLI0058;2024-07-24;6;2;3
CLI0058;2024-07-31;7;5;2
CLI0058;2024-08-07;4;3;2
CLI0058;2024-08-14;8;2;2
CLI0058;2024-08-21;11;3;2
CLI0058;2024-08-28;10;4;6
CLI0058;2024-09-04;11;4;4
CLI0058;2024-09-11;3;4;6
CLI0058;2024-09-18;3;3;5
CLI0058;2024-09-25;12;4;4
CLI0058;2024-10-02;12;1;8
CLI0058;2024-10-09;10;1;7
CLI0058;2024-10-16;6;3;5
CLI0058;2024-10-23;11;3;3
CLI0058;2024-10-30;12;3;4
CLI0058;2024-11-06;9;2;5
CLI0058;2024-11-13;4;5;3
CLI0058;2024-11-20;7;3;2
CLI0058;2024-11-27;7;5;5
CLI0058;2024-12-04;6;5;7
CLI0058;2024-12-11;4;5;2
CLI0059;2024-08-29;10;4;3
CLI0059;2024-09-05;8;1;7
CLI0059;2024-09-12;7;5;8
CLI0059;2024-09-19;7;4;7
CLI0059;2024-09-26;11;3;3
CLI0059;2024-10-03;9;4;4
CLI0059;2024-10-10;12;5;5
CLI0059;2024-10-17;11;2;2
CLI0059;2024-10-24;11;2;6
CLI0059;2024-10-31;10;2;7
CLI0059;2024-11-07;10;3;7
CLI0059;2024-11-14;11;5;8
CLI0059;2024-11-21;9;5;7
CLI0059;2024-11-28;3;5;3
CLI0059;2024-12-05;8;4;3
CLI0059;2024-12-12;6;2;7
CLI0060;2023-11-04;6;4;4
CLI0060;2023-11-11;7;2;4
CLI0060;2023-11-18;12;2;5
CLI0060;2023-11-25;6;1;3
CLI0060;2023-12-02;6;1;3
CLI0060;2023-12-09;7;4;5
CLI0060;2023-12-16;11;4;5
CLI0060;2023-12-23;3;2;3
CLI0060;2023-12-30;7;2;2
CLI0060;2024-01-06;7;3;7
CLI0060;2024-01-13;11;2;7
CLI0060;2024-01-20;3;4;8
CLI0060;2024-01-27;3;1;8
CLI0060;2024-02-03;4;3;6
CLI0060;2024-02-10;7;1;5
CLI0060;2024-02-17;8;1;5
CLI0060;2024-02-24;5;2;2
CLI0060;2024-03-02;12;5;2
CLI0060;2024-03-09;11;5;8
CLI0060;2024-03-16;11;3;5
CLI0060;2024-03-23;4;2;6
CLI0060;2024-03-30;4;3;4
CLI0060;2024-04-06;12;4;8
CLI0060;2024-04-13;6;4;3
CLI0060;2024-04-20;5;1;3
CLI0060;2024-04-27;6;3;5
CLI0060;2024-05-04;9;3;8
CLI0060;2024-05-11;12;1;5
CLI0060;2024-05-18;11;3;7
CLI0060;2024-05-25;4;3;6
CLI0060;2024-06-01;9;4;7
CLI0060;2024-06-08;6;3;8
CLI0060;2024-06-15;5;3;5
CLI0060;2024-06-22;8;3;2
CLI0060;2024-06-29;12;1;8
CLI0060;2024-07-06;3;2;4
CLI0060;2024-07-13;11;4;4
CLI0060;2024-07-20;8;1;6
CLI0060;2024-07-27;6;4;5
CLI0060;2024-08-03;3;4;4
CLI0060;2024-08-10;7;1;8
CLI0060;2024-08-17;6;3;3
CLI0060;2024-08-24;5;4;7
CLI0060;2024-08-31;8;4;8
CLI0060;2024-09-07;3;3;8
CLI0060;2024-09-14;4;4;5
CLI0060;2024-09-21;9;3;7
CLI0060;2024-09-28;9;1;8
CLI0060;2024-10-05;5;3;6
CLI0060;2024-10-12;4;3;5
CLI0060;2024-10-19;12;5;7
CLI0060;2024-10-26;8;4;7
CLI0060;2024-11-02;3;1;7
CLI0060;2024-11-09;5;4;8
CLI0060;2024-11-16;5;1;5
CLI0060;2024-11-23;6;3;4
CLI0060;2024-11-30;12;1;2
CLI0060;2024-12-07;5;2;6
CLI0060;2024-12-14;5;5;7
CLI0060;2024-12-21;9;3;5
CLI0061;2024-05-04;12;3;8
CLI0061;2024-05-11;7;2;2
CLI0061;2024-05-18;9;3;3
CLI0061;2024-05-25;9;4;8
CLI0061;2024-06-01;12;2;2
CLI0061;2024-06-08;3;5;7
CLI0061;2024-06-15;12;2;2
CLI0061;2024-06-22;10;2;4
CLI0061;2024-06-29;5;1;5
CLI0061;2024-07-06;12;4;6
CLI0061;2024-07-13;7;2;2
CLI0061;2024-07-20;8;2;6
CLI0061;2024-07-27;4;1;7
CLI0061;2024-08-03;11;4;8
CLI0061;2024-08-10;10;4;2
CLI0061;2024-08-17;6;2;3
CLI0061;2024-08-24;7;3;7
CLI0061;2024-08-31;10;4;3
CLI0061;2024-09-07;9;2;6
CLI0061;2024-09-14;6;3;7
CLI0061;2024-09-21;6;4;3
CLI0061;2024-09-28;9;2;2
CLI0061;2024-10-05;7;3;3
CLI0061;2024-10-12;12;4;3
CLI0061;2024-10-19;8;5;7
CLI0061;2024-10-26;10;1;2
CLI0061;2024-11-02;10;2;8
CLI0061;2024-11-09;8;4;7
CLI0061;2024-11-16;6;4;7
CLI0061;2024-11-23;9;5;4
CLI0061;2024-11-30;4;1;6
CLI0061;2024-12-07;3;1;4
CLI0061;2024-12-14;6;4;4
CLI0061;2024-12-21;12;5;7
CLI0062;2023-02-16;9;3;3
CLI0062;2023-02-23;11;1;6
CLI0062;2023-03-02;5;3;3
CLI0062;2023-03-09;11;4;4
CLI0062;2023-03-16;10;2;2
CLI0062;2023-03-23;8;5;5
CLI0062;2023-03-30;5;3;2
CLI0062;2023-04-06;8;1;3
CLI0062;2023-04-13;10;3;7
CLI0062;2023-04-20;2;1;1
CLI0062;2023-04-27;2;1;2
CLI0062;2023-05-04;2;1;1
CLI0062;2023-05-11;2;0;1
CLI0063;2024-05-18;10;1;3
CLI0063;2024-05-25;5;1;3
CLI0063;2024-06-01;5;1;5
CLI0063;2024-06-08;7;2;7
CLI0063;2024-06-15;10;4;2
CLI0063;2024-06-22;10;1;5
CLI0063;2024-06-29;8;5;5
CLI0063;2024-07-06;10;4;2
CLI0063;2024-07-13;5;1;4
CLI0063;2024-07-20;4;2;8
CLI0063;2024-07-27;7;2;8
CLI0063;2024-08-03;5;5;8
CLI0063;2024-08-10;7;5;7
CLI0063;2024-08-17;12;2;6
CLI0063;2024-08-24;3;5;8
CLI0063;2024-08-31;12;2;5
CLI0063;2024-09-07;4;2;8
CLI0063;2024-09-14;10;1;4
CLI0063;2024-09-21;3;3;7
CLI0063;2024-09-28;4;4;4
CLI0063;2024-10-05;12;1;8
CLI0063;2024-10-12;8;2;2
CLI0063;2024-10-19;4;4;8
CLI0063;2024-10-26;10;4;7
CLI0063;2024-11-02;7;5;7
CLI0063;2024-11-09;3;3;2
CLI0063;2024-11-16;12;4;4
CLI0063;2024-11-23;12;2;3
CLI0063;2024-11-30;3;3;4
CLI0063;2024-12-07;3;1;6
CLI0064;2024-09-08;6;4;2
CLI0064;2024-09-15;3;2;3
CLI0064;2024-09-22;9;4;4
CLI0064;2024-09-29;5;1;4
CLI0064;2024-10-06;10;4;7
CLI0064;2024-10-13;7;5;3
CLI0064;2024-10-20;8;1;8
CLI0064;2024-10-27;8;5;3
CLI0064;2024-11-03;10;4;5
CLI0064;2024-11-10;10;3;6
CLI0064;2024-11-17;12;4;2
CLI0064;2024-11-24;9;3;6
CLI0064;2024-12-01;5;4;7
CLI0064;2024-12-08;9;1;2
CLI0064;2024-12-15;11;3;5
CLI0064;2024-12-22;6;2;5
CLI0065;2024-06-23;10;4;2
CLI0065;2024-06-30;10;3;3
CLI0065;2024-07-07;5;3;8
CLI0065;2024-07-14;6;5;5
CLI0065;2024-07-21;7;5;2
CLI0065;2024-07-28;11;1;2
CLI0065;2024-08-04;11;1;6
CLI0065;2024-08-11;9;4;2
CLI0065;2024-08-18;10;5;8
CLI0065;2024-08-25;7;3;4
CLI0065;2024-09-01;12;1;8
CLI0065;2024-09-08;11;1;2
CLI0065;2024-09-15;10;2;8
CLI0065;2024-09-22;5;4;2
CLI0065;2024-09-29;4;4;7
CLI0065;2024-10-06;7;3;6
CLI0065;2024-10-13;10;4;6
CLI0065;2024-10-20;7;3;8
CLI0065;2024-10-27;5;2;3
CLI0065;2024-11-03;4;5;4
CLI0065;2024-11-10;4;4;6
CLI0065;2024-11-17;3;1;5
CLI0065;2024-11-24;4;1;3
CLI0065;2024-12-01;10;4;7
CLI0065;2024-12-08;9;5;7
CLI0065;2024-12-15;10;3;6
CLI0066;2024-09-23;4;2;3
CLI0066;2024-09-30;3;2;2
CLI0066;2024-10-07;3;2;8
CLI0066;2024-10-14;3;2;5
CLI0066;2024-10-21;5;2;5
CLI0066;2024-10-28;11;2;2
CLI0066;2024-11-04;7;4;3
CLI0066;2024-11-11;10;4;2
CLI0066;2024-11-18;4;2;3
CLI0066;2024-11-25;10;4;5
CLI0066;2024-12-02;3;4;6
CLI0066;2024-12-09;6;2;4
CLI0066;2024-12-16;12;4;2
CLI0067;2023-12-08;9;4;7
CLI0067;2023-12-15;12;5;7
CLI0067;2023-12-22;11;3;2
CLI0067;2023-12-29;10;4;5
CLI0067;2024-01-05;11;5;7
CLI0067;2024-01-12;12;4;3
CLI0067;2024-01-19;3;5;2
CLI0067;2024-01-26;9;5;4
CLI0067;2024-02-02;11;1;4
CLI0067;2024-02-09;2;1;0
CLI0067;2024-02-16;3;1;2
CLI0067;2024-02-23;2;1;2
CLI0067;2024-03-01;2;0;0
CLI0068;2023-10-22;6;5;3
CLI0068;2023-10-29;12;3;6
CLI0068;2023-11-05;10;2;4
CLI0068;2023-11-12;9;4;8
CLI0068;2023-11-19;8;4;8
CLI0068;2023-11-26;5;5;3
CLI0068;2023-12-03;7;1;7
CLI0068;2023-12-10;10;2;3
CLI0068;2023-12-17;6;2;6
CLI0068;2023-12-24;10;1;8
CLI0068;2023-12-31;9;4;4
CLI0068;2024-01-07;6;2;6
CLI0068;2024-01-14;3;1;4
CLI0068;2024-01-21;7;3;7
CLI0068;2024-01-28;5;2;8
CLI0068;2024-02-04;11;1;8
CLI0068;2024-02-11;4;3;5
CLI0068;2024-02-18;4;5;3
CLI0068;2024-02-25;4;5;3
CLI0068;2024-03-03;10;3;4
CLI0068;2024-03-10;8;1;8
CLI0068;2024-03-17;11;3;3
CLI0068;2024-03-24;11;5;7
CLI0068;2024-03-31;4;1;5
CLI0068;2024-04-07;10;1;2
CLI0068;2024-04-14;12;5;8
CLI0068;2024-04-21;4;5;2
CLI0068;2024-04-28;11;1;3
CLI0068;2024-05-05;4;2;4
CLI0068;2024-05-12;5;3;7
CLI0068;2024-05-19;10;5;5
CLI0068;2024-05-26;4;2;7
CLI0068;2024-06-02;8;3;8
CLI0068;2024-06-09;5;1;8
CLI0068;2024-06-16;6;4;5
CLI0068;2024-06-23;3;2;8
CLI0068;2024-06-30;10;3;4
CLI0068;2024-07-07;11;2;2
CLI0068;2024-07-14;7;3;7
CLI0068;2024-07-21;9;3;7
CLI0068;2024-07-28;6;2;8
CLI0068;2024-08-04;11;4;8
CLI0068;2024-08-11;6;2;8
CLI0068;2024-08-18;9;4;5
CLI0068;2024-08-25;10;5;8
CLI0068;2024-09-01;8;1;5
CLI0068;2024-09-08;5;1;7
CLI0068;2024-09-15;11;1;2
CLI0068;2024-09-22;8;3;5
CLI0068;2024-09-29;5;4;2
CLI0068;2024-10-06;9;1;7
CLI0068;2024-10-13;5;5;2
CLI0068;2024-10-20;11;3;5
CLI0068;2024-10-27;9;5;8
CLI0068;2024-11-03;7;3;4
CLI0068;2024-11-10;3;3;6
CLI0068;2024-11-17;12;2;7
CLI0068;2024-11-24;9;4;7
CLI0068;2024-12-01;6;5;6
CLI0068;2024-12-08;12;4;7
CLI0068;2024-12-15;8;4;8
CLI0069;2023-07-22;8;4;7
CLI0069;2023-07-29;5;5;6
CLI0069;2023-08-05;7;2;2
CLI0069;2023-08-12;11;5;4
CLI0069;2023-08-19;11;3;8
CLI0069;2023-08-26;5;1;2
CLI0069;2023-09-02;11;5;4
CLI0069;2023-09-09;6;3;7
CLI0069;2023-09-16;9;5;2
CLI0069;2023-09-23;3;3;4
CLI0069;2023-09-30;11;3;2
CLI0069;2023-10-07;3;1;5
CLI0069;2023-10-14;7;5;7
CLI0069;2023-10-21;3;4;4
CLI0069;2023-10-28;6;5;6
CLI0069;2023-11-04;11;5;3
CLI0069;2023-11-11;8;3;4
CLI0069;2023-11-18;12;2;7
CLI0069;2023-11-25;9;5;7
CLI0069;2023-12-02;6;1;4
CLI0069;2023-12-09;11;5;3
CLI0069;2023-12-16;8;4;2
CLI0069;2023-12-23;5;4;8
CLI0069;2023-12-30;9;1;2
CLI0069;2024-01-06;3;4;3
CLI0069;2024-01-13;10;2;5
CLI0069;2024-01-20;4;3;7
CLI0069;2024-01-27;11;4;6
CLI0069;2024-02-03;11;5;8
CLI0069;2024-02-10;9;3;6
CLI0069;2024-02-17;10;4;5
CLI0069;2024-02-24;10;4;8
CLI0069;2024-03-02;5;2;6
CLI0069;2024-03-09;5;4;7
CLI0069;2024-03-16;10;2;7
CLI0069;2024-03-23;11;5;2
CLI0069;2024-03-30;6;4;5
CLI0069;2024-04-06;3;2;6
CLI0069;2024-04-13;8;1;6
CLI0069;2024-04-20;9;1;2
CLI0069;2024-04-27;8;5;4
CLI0069;2024-05-04;3;5;3
CLI0069;2024-05-11;4;3;4
CLI0069;2024-05-18;8;3;4
CLI0069;2024-05-25;10;1;8
CLI0069;2024-06-01;5;2;8
CLI0069;2024-06-08;12;4;2
CLI0069;2024-06-15;7;3;3
CLI0069;2024-06-22;5;4;2
CLI0069;2024-06-29;4;5;4
CLI0069;2024-07-06;4;1;5
CLI0069;2024-07-13;10;5;4
CLI0069;2024-07-20;12;4;4
CLI0069;2024-07-27;9;4;8
CLI0069;2024-08-03;12;2;8
CLI0069;2024-08-10;5;5;7
CLI0069;2024-08-17;10;4;7
CLI0069;2024-08-24;10;2;8
CLI0069;2024-08-31;8;1;8
CLI0069;2024-09-07;12;5;5
CLI0069;2024-09-14;9;2;5
CLI0069;2024-09-21;8;5;2
CLI0069;2024-09-28;10;3;7
CLI0069;2024-10-05;4;2;7
CLI0069;2024-10-12;3;5;7
CLI0069;2024-10-19;7;5;7
CLI0069;2024-10-26;4;5;2
CLI0069;2024-11-02;6;5;6
CLI0069;2024-11-09;12;1;6
CLI0069;2024-11-16;11;2;8
CLI0069;2024-11-23;10;5;2
CLI0069;2024-11-30;4;5;3
CLI0069;2024-12-07;3;3;8
CLI0070;2023-07-30;10;1;8
CLI0070;2023-08-06;11;5;4
CLI0070;2023-08-13;9;5;2
CLI0070;2023-08-20;10;1;4
CLI0070;2023-08-27;9;2;5
CLI0070;2023-09-03;3;5;4
CLI0070;2023-09-10;9;3;2
CLI0070;2023-09-17;4;1;6
CLI0070;2023-09-24;5;3;3
CLI0070;2023-10-01;5;3;8
CLI0070;2023-10-08;4;2;4
CLI0070;2023-10-15;9;2;2
CLI0070;2023-10-22;12;3;3
CLI0070;2023-10-29;3;1;4
CLI0070;2023-11-05;2;0;1
CLI0070;2023-11-12;1;1;1
CLI0070;2023-11-19;2;1;2
CLI0070;2023-11-26;1;0;0
CLI0071;2023-09-03;11;5;5
CLI0071;2023-09-10;4;3;2
CLI0071;2023-09-17;8;4;6
CLI0071;2023-09-24;9;1;5
CLI0071;2023-10-01;3;4;7
CLI0071;2023-10-08;6;1;4
CLI0071;2023-10-15;11;5;7
CLI0071;2023-10-22;4;2;8
CLI0071;2023-10-29;11;2;4
CLI0071;2023-11-05;12;4;5
CLI0071;2023-11-12;4;5;3
CLI0071;2023-11-19;5;3;6
CLI0071;2023-11-26;5;2;6
CLI0071;2023-12-03;9;5;5
CLI0071;2023-12-10;3;1;8
CLI0071;2023-12-17;10;5;4
CLI0071;2023-12-24;5;1;2
CLI0071;2023-12-31;10;3;6
CLI0071;2024-01-07;7;4;4
CLI0071;2024-01-14;6;5;8
CLI0071;2024-01-21;11;3;2
CLI0071;2024-01-28;5;5;6
CLI0071;2024-02-04;4;3;2
CLI0071;2024-02-11;9;1;8
CLI0071;2024-02-18;5;5;4
CLI0071;2024-02-25;9;2;6
CLI0071;2024-03-03;11;3;7
CLI0071;2024-03-10;8;3;8
CLI0071;2024-03-17;10;3;3
CLI0071;2024-03-24;8;3;3
CLI0071;2024-03-31;10;5;4
CLI0071;2024-04-07;3;2;7
CLI0071;2024-04-14;3;5;5
CLI0071;2024-04-21;3;1;7
CLI0071;2024-04-28;5;4;6
CLI0071;2024-05-05;10;4;6
CLI0071;2024-05-12;4;1;6
CLI0071;2024-05-19;3;4;7
CLI0071;2024-05-26;4;3;8
CLI0071;2024-06-02;9;5;4
CLI0071;2024-06-09;9;2;8
CLI0071;2024-06-16;3;1;5
CLI0071;2024-06-23;8;2;5
CLI0071;2024-06-30;3;2;7
CLI0071;2024-07-07;3;3;7
CLI0071;2024-07-14;8;2;2
CLI0071;2024-07-21;12;3;8
CLI0071;2024-07-28;6;2;5
CLI0071;2024-08-04;8;1;4
CLI0071;2024-08-11;10;5;3
CLI0071;2024-08-18;3;2;8
CLI0071;2024-08-25;9;1;8
CLI0071;2024-09-01;7;5;6
CLI0071;2024-09-08;10;2;6
CLI0071;2024-09-15;6;5;7
CLI0071;2024-09-22;12;5;3
CLI0071;2024-09-29;4;5;3
CLI0071;2024-10-06;4;2;4
CLI0071;2024-10-13;12;2;6
CLI0071;2024-10-20;7;2;8
CLI0071;2024-10-27;3;5;6
CLI0071;2024-11-03;7;5;5
CLI0071;2024-11-10;3;4;7
CLI0071;2024-11-17;3;3;5
CLI0071;2024-11-24;9;3;2
CLI0071;2024-12-01;11;4;5
CLI0071;2024-12-08;8;5;8
CLI0072;2023-02-14;9;5;5
CLI0072;2023-02-21;8;1;5
CLI0072;2023-02-28;6;3;2
CLI0072;2023-03-07;12;1;7
CLI0072;2023-03-14;6;4;2
CLI0072;2023-03-21;6;2;3
CLI0072;2023-03-28;8;3;2
CLI0072;2023-04-04;4;1;5
CLI0072;2023-04-11;9;1;6
CLI0072;2023-04-18;8;3;3
CLI0072;2023-04-25;4;4;3
CLI0072;2023-05-02;8;1;8
CLI0072;2023-05-09;8;5;8
CLI0072;2023-05-16;6;1;8
CLI0072;2023-05-23;12;5;5
CLI0072;2023-05-30;4;4;6
CLI0072;2023-06-06;4;1;2
CLI0072;2023-06-13;3;4;4
CLI0072;2023-06-20;4;2;2
CLI0072;2023-06-27;10;1;4
CLI0072;2023-07-04;12;4;2
CLI0072;2023-07-11;4;1;6
CLI0072;2023-07-18;3;3;8
CLI0072;2023-07-25;9;4;2
CLI0072;2023-08-01;12;4;3
CLI0072;2023-08-08;12;5;2
CLI0072;2023-08-15;10;4;5
CLI0072;2023-08-22;9;5;6
CLI0072;2023-08-29;4;3;7
CLI0072;2023-09-05;3;4;6
CLI0072;2023-09-12;8;5;3
CLI0072;2023-09-19;4;1;2
CLI0072;2023-09-26;12;1;6
CLI0072;2023-10-03;6;5;3
CLI0072;2023-10-10;11;3;4
CLI0072;2023-10-17;9;4;7
CLI0072;2023-10-24;12;4;3
CLI0072;2023-10-31;6;2;8
CLI0072;2023-11-07;3;1;3
CLI0072;2023-11-14;7;5;5
CLI0072;2023-11-21;11;3;4
CLI0072;2023-11-28;12;5;8
CLI0072;2023-12-05;5;2;5
CLI0072;2023-12-12;7;5;4
CLI0072;2023-12-19;7;3;2
CLI0072;2023-12-26;11;5;7
CLI0072;2024-01-02;5;1;3
CLI0072;2024-01-09;11;5;8
CLI0072;2024-01-16;3;4;4
CLI0072;2024-01-23;6;2;7
CLI0072;2024-01-30;6;1;4
CLI0072;2024-02-06;6;4;7
CLI0072;2024-02-13;10;5;7
CLI0072;2024-02-20;8;5;6
CLI0072;2024-02-27;8;5;4
CLI0072;2024-03-05;9;3;3
CLI0072;2024-03-12;4;4;8
CLI0072;2024-03-19;3;4;3
CLI0072;2024-03-26;3;2;7
CLI0072;2024-04-02;6;4;6
CLI0072;2024-04-09;6;2;5
CLI0072;2024-04-16;8;4;3
CLI0072;2024-04-23;9;2;8
CLI0072;2024-04-30;3;3;2
CLI0072;2024-05-07;4;3;2
CLI0072;2024-05-14;11;1;3
CLI0072;2024-05-21;7;4;3
CLI0072;2024-05-28;12;3;2
CLI0072;2024-06-04;3;2;3
CLI0072;2024-06-11;7;2;3
CLI0072;2024-06-18;7;2;4
CLI0072;2024-06-25;11;2;3
CLI0072;2024-07-02;6;1;3
CLI0072;2024-07-09;7;1;2
CLI0072;2024-07-16;5;4;7
CLI0072;2024-07-23;4;3;3
CLI0072;2024-07-30;7;4;3
CLI0072;2024-08-06;8;3;7
CLI0072;2024-08-13;5;5;8
CLI0072;2024-08-20;12;4;7
CLI0072;2024-08-27;4;1;3
CLI0072;2024-09-03;5;2;3
CLI0072;2024-09-10;11;4;7
CLI0072;2024-09-17;8;3;6
CLI0072;2024-09-24;9;2;2
CLI0072;2024-10-01;12;5;3
CLI0072;2024-10-08;11;3;8
CLI0072;2024-10-15;5;3;3
CLI0072;2024-10-22;3;3;8
CLI0072;2024-10-29;5;5;6
CLI0072;2024-11-05;10;2;7
CLI0072;2024-11-12;4;4;8
CLI0072;2024-11-19;12;1;3
CLI0072;2024-11-26;11;4;8
CLI0072;2024-12-03;11;3;5
CLI0072;2024-12-10;11;4;3
CLI0072;2024-12-17;8;3;6
CLI0073;2024-05-09;12;4;7
CLI0073;2024-05-16;12;1;3
CLI0073;2024-05-23;6;2;5
CLI0073;2024-05-30;6;4;3
CLI0073;2024-06-06;7;4;5
CLI0073;2024-06-13;12;2;8
CLI0073;2024-06-20;8;3;6
CLI0073;2024-06-27;4;2;8
CLI0073;2024-07-04;4;3;5
CLI0073;2024-07-11;11;3;3
CLI0073;2024-07-18;12;1;5
CLI0073;2024-07-25;11;5;4
CLI0073;2024-08-01;9;4;5
CLI0073;2024-08-08;9;4;4
CLI0073;2024-08-15;10;3;4
CLI0073;2024-08-22;9;1;3
CLI0073;2024-08-29;10;2;4
CLI0073;2024-09-05;4;3;2
CLI0073;2024-09-12;7;5;6
CLI0073;2024-09-19;11;1;8
CLI0073;2024-09-26;7;2;2
CLI0073;2024-10-03;4;1;4
CLI0073;2024-10-10;3;5;3
CLI0073;2024-10-17;8;2;7
CLI0073;2024-10-24;8;3;4
CLI0073;2024-10-31;7;2;7
CLI0073;2024-11-07;12;2;8
CLI0073;2024-11-14;11;3;2
CLI0073;2024-11-21;7;3;8
CLI0073;2024-11-28;8;4;5
CLI0073;2024-12-05;12;1;5
CLI0073;2024-12-12;11;2;8
CLI0073;2024-12-19;9;2;3
CLI0074;2023-08-03;10;4;4
CLI0074;2023-08-10;4;3;8
CLI0074;2023-08-17;6;4;8
CLI0074;2023-08-24;9;2;5
CLI0074;2023-08-31;10;5;2
CLI0074;2023-09-07;8;2;6
CLI0074;2023-09-14;5;3;7
CLI0074;2023-09-21;3;4;8
CLI0074;2023-09-28;8;3;3
CLI0074;2023-10-05;9;4;7
CLI0074;2023-10-12;9;5;4
CLI0074;2023-10-19;8;5;2
CLI0074;2023-10-26;12;1;3
CLI0074;2023-11-02;5;3;6
CLI0074;2023-11-09;12;5;6
CLI0074;2023-11-16;9;4;3
CLI0074;2023-11-23;9;1;6
CLI0074;2023-11-30;9;2;5
CLI0074;2023-12-07;4;3;6
CLI0074;2023-12-14;10;3;2
CLI0074;2023-12-21;5;1;7
CLI0074;2023-12-28;11;2;2
CLI0074;2024-01-04;12;4;2
CLI0074;2024-01-11;5;2;2
CLI0074;2024-01-18;9;3;3
CLI0074;2024-01-25;6;3;7
CLI0074;2024-02-01;11;1;5
CLI0074;2024-02-08;3;3;6
CLI0074;2024-02-15;3;2;4
CLI0074;2024-02-22;9;4;3
CLI0074;2024-02-29;4;2;6
CLI0074;2024-03-07;9;4;7
CLI0074;2024-03-14;4;4;8
CLI0074;2024-03-21;6;2;8
CLI0074;2024-03-28;6;3;5
CLI0074;2024-04-04;10;2;6
CLI0074;2024-04-11;12;3;6
CLI0074;2024-04-18;6;5;7
CLI0074;2024-04-25;10;3;3
CLI0074;2024-05-02;3;2;5
CLI0074;2024-05-09;4;4;6
CLI0074;2024-05-16;6;5;4
CLI0074;2024-05-23;12;4;5
CLI0074;2024-05-30;10;5;2
CLI0074;2024-06-06;4;3;7
CLI0074;2024-06-13;10;3;7
CLI0074;2024-06-20;7;4;6
CLI0074;2024-06-27;5;4;3
CLI0074;2024-07-04;5;5;7
CLI0074;2024-07-11;9;4;5
CLI0074;2024-07-18;5;5;2
CLI0074;2024-07-25;9;1;3
CLI0074;2024-08-01;5;3;7
CLI0074;2024-08-08;11;3;7
CLI0074;2024-08-15;4;2;5
CLI0074;2024-08-22;9;5;2
CLI0074;2024-08-29;8;1;8
CLI0074;2024-09-05;4;5;8
CLI0074;2024-09-12;8;4;5
CLI0074;2024-09-19;5;3;3
CLI0074;2024-09-26;11;1;5
CLI0074;2024-10-03;3;1;7
CLI0074;2024-10-10;10;4;4
CLI0074;2024-10-17;9;2;5
CLI0074;2024-10-24;3;1;4
CLI0074;2024-10-31;4;2;4
CLI0074;2024-11-07;10;4;5
CLI0074;2024-11-14;4;1;6
CLI0074;2024-11-21;6;4;3
CLI0074;2024-11-28;10;3;8
CLI0074;2024-12-05;5;2;8
CLI0074;2024-12-12;3;5;2
CLI0075;2023-07-01;5;1;7
CLI0075;2023-07-08;3;3;3
CLI0075;2023-07-15;10;3;3
CLI0075;2023-07-22;6;1;7
CLI0075;2023-07-29;11;2;5
CLI0075;2023-08-05;3;5;7
CLI0075;2023-08-12;4;4;7
CLI0075;2023-08-19;7;4;2
CLI0075;2023-08-26;12;1;2
CLI0075;2023-09-02;9;2;3
CLI0075;2023-09-09;8;2;3
CLI0075;2023-09-16;4;1;5
CLI0075;2023-09-23;3;1;4
CLI0075;2023-09-30;6;1;3
CLI0075;2023-10-07;4;2;7
CLI0075;2023-10-14;5;1;5
CLI0075;2023-10-21;11;1;8
CLI0075;2023-10-28;8;3;6
CLI0075;2023-11-04;6;5;3
CLI0075;2023-11-11;11;4;5
CLI0075;2023-11-18;4;2;3
CLI0075;2023-11-25;4;3;4
CLI0075;2023-12-02;5;1;5
CLI0075;2023-12-09;8;1;5
CLI0075;2023-12-16;6;4;3
CLI0075;2023-12-23;4;3;7
CLI0075;2023-12-30;12;3;2
CLI0075;2024-01-06;4;2;5
CLI0075;2024-01-13;7;5;5
CLI0075;2024-01-20;4;5;8
CLI0075;2024-01-27;12;2;4
CLI0075;2024-02-03;4;5;4
CLI0075;2024-02-10;9;2;4
CLI0075;2024-02-17;5;3;8
CLI0075;2024-02-24;10;1;4
CLI0075;2024-03-02;3;5;6
CLI0075;2024-03-09;10;4;6
CLI0075;2024-03-16;6;5;6
CLI0075;2024-03-23;3;2;2
CLI0075;2024-03-30;12;1;4
CLI0075;2024-04-06;6;4;8
CLI0075;2024-04-13;6;5;2
CLI0075;2024-04-20;3;2;4
CLI0075;2024-04-27;10;3;3
CLI0075;2024-05-04;5;4;3
CLI0075;2024-05-11;3;2;7
CLI0075;2024-05-18;12;4;7
CLI0075;2024-05-25;8;2;4
CLI0075;2024-06-01;8;1;6
CLI0075;2024-06-08;9;3;8
CLI0075;2024-06-15;3;2;8
CLI0075;2024-06-22;8;3;3
CLI0075;2024-06-29;6;5;2
CLI0075;2024-07-06;6;2;6
CLI0075;2024-07-13;9;5;4
CLI0075;2024-07-20;5;4;7
CLI0075;2024-07-27;3;1;8
CLI0075;2024-08-03;10;1;3
CLI0075;2024-08-10;3;2;3
CLI0075;2024-08-17;5;1;3
CLI0075;2024-08-24;12;5;8
CLI0075;2024-08-31;6;2;6
CLI0075;2024-09-07;4;4;7
CLI0075;2024-09-14;10;3;3
CLI0075;2024-09-21;6;2;5
CLI0075;2024-09-28;5;5;3
CLI0075;2024-10-05;7;3;6
CLI0075;2024-10-12;10;2;4
CLI0075;2024-10-19;10;1;4
CLI0075;2024-10-26;9;4;3
CLI0075;2024-11-02;10;4;5
CLI0075;2024-11-09;11;5;7
CLI0075;2024-11-16;9;2;8
CLI0075;2024-11-23;10;1;8
CLI0075;2024-11-30;9;4;8
CLI0075;2024-12-07;4;3;6
CLI0075;2024-12-14;11;2;6
CLI0076;2023-06-29;7;4;6
CLI0076;2023-07-06;12;4;2
CLI0076;2023-07-13;8;2;7
CLI0076;2023-07-20;10;2;3
CLI0076;2023-07-27;6;1;2
CLI0076;2023-08-03;11;3;5
CLI0076;2023-08-10;9;4;5
CLI0076;2023-08-17;8;4;5
CLI0076;2023-08-24;7;5;2
CLI0076;2023-08-31;9;1;2
CLI0076;2023-09-07;9;5;3
CLI0076;2023-09-14;6;4;4
CLI0076;2023-09-21;8;5;7
CLI0076;2023-09-28;10;3;7
CLI0076;2023-10-05;3;4;5
CLI0076;2023-10-12;6;2;5
CLI0076;2023-10-19;3;3;7
CLI0076;2023-10-26;3;2;4
CLI0076;2023-11-02;12;4;7
CLI0076;2023-11-09;5;3;3
CLI0076;2023-11-16;12;5;7
CLI0076;2023-11-23;5;1;2
CLI0076;2023-11-30;4;4;5
CLI0076;2023-12-07;12;1;6
CLI0076;2023-12-14;6;4;3
CLI0076;2023-12-21;9;3;7
CLI0076;2023-12-28;7;5;6
CLI0076;2024-01-04;9;5;4
CLI0076;2024-01-11;9;1;2
CLI0076;2024-01-18;12;3;8
CLI0076;2024-01-25;5;3;7
CLI0076;2024-02-01;6;4;7
CLI0076;2024-02-08;7;1;3
CLI0076;2024-02-15;10;1;2
CLI0076;2024-02-22;4;4;6
CLI0076;2024-02-29;9;3;7
CLI0076;2024-03-07;9;2;3
CLI0076;2024-03-14;8;2;7
CLI0076;2024-03-21;5;2;5
CLI0076;2024-03-28;5;5;2
CLI0076;2024-04-04;10;5;8
CLI0076;2024-04-11;6;2;3
CLI0076;2024-04-18;3;2;8
CLI0076;2024-04-25;6;3;8
CLI0076;2024-05-02;9;4;7
CLI0076;2024-05-09;12;1;8
CLI0076;2024-05-16;5;1;4
CLI0076;2024-05-23;4;4;2
CLI0076;2024-05-30;7;1;4
CLI0076;2024-06-06;3;5;3
CLI0076;2024-06-13;10;4;7
CLI0076;2024-06-20;4;1;2
CLI0076;2024-06-27;7;1;7
CLI0076;2024-07-04;12;1;2
CLI0076;2024-07-11;6;5;8
CLI0076;2024-07-18;3;4;6
CLI0076;2024-07-25;11;3;5
CLI0076;2024-08-01;10;3;6
CLI0076;2024-08-08;9;3;4
CLI0076;2024-08-15;8;3;8
CLI0076;2024-08-22;6;3;7
CLI0076;2024-08-29;9;4;6
CLI0076;2024-09-05;3;3;8
CLI0076;2024-09-12;8;1;2
CLI0076;2024-09-19;10;4;7
CLI0076;2024-09-26;5;1;6
CLI0076;2024-10-03;4;5;4
CLI0076;2024-10-10;6;3;5
CLI0076;2024-10-17;12;4;6
CLI0076;2024-10-24;9;2;2
CLI0076;2024-10-31;8;1;7
CLI0076;2024-11-07;8;1;8
CLI0076;2024-11-14;8;4;3
CLI0076;2024-11-21;12;4;5
CLI0076;2024-11-28;12;1;4
CLI0076;2024-12-05;9;4;7
CLI0076;2024-12-12;4;4;4
CLI0077;2024-09-13;12;5;2
CLI0077;2024-09-20;5;4;8
CLI0077;2024-09-27;4;3;8
CLI0077;2024-10-04;11;4;3
CLI0077;2024-10-11;10;1;5
CLI0077;2024-10-18;11;2;3
CLI0077;2024-10-25;6;2;8
CLI0077;2024-11-01;4;1;5
CLI0077;2024-11-08;3;2;4
CLI0077;2024-11-15;9;3;3
CLI0077;2024-11-22;7;4;7
CLI0077;2024-11-29;4;2;6
CLI0077;2024-12-06;10;1;8
CLI0077;2024-12-13;8;2;6
CLI0078;2024-09-07;11;4;8
CLI0078;2024-09-14;1;0;1
CLI0078;2024-09-21;1;0;0
CLI0078;2024-09-28;1;0;1
CLI0078;2024-10-05;3;0;2
CLI0079;2023-04-29;9;5;7
CLI0079;2023-05-06;3;3;2
CLI0079;2023-05-13;12;5;3
CLI0079;2023-05-20;9;4;4
CLI0079;2023-05-27;8;2;6
CLI0079;2023-06-03;12;5;3
CLI0079;2023-06-10;4;4;2
CLI0079;2023-06-17;11;4;4
CLI0079;2023-06-24;5;3;8
CLI0079;2023-07-01;6;4;7
CLI0079;2023-07-08;10;2;6
CLI0079;2023-07-15;7;2;7
CLI0079;2023-07-22;3;5;4
CLI0079;2023-07-29;7;5;7
CLI0079;2023-08-05;4;3;8
CLI0079;2023-08-12;12;4;7
CLI0079;2023-08-19;6;4;4
CLI0079;2023-08-26;9;1;8
CLI0079;2023-09-02;8;2;8
CLI0079;2023-09-09;6;2;7
CLI0079;2023-09-16;3;2;8
CLI0079;2023-09-23;10;4;4
CLI0079;2023-09-30;5;1;6
CLI0079;2023-10-07;9;3;5
CLI0079;2023-10-14;10;3;8
CLI0079;2023-10-21;9;4;2
CLI0079;2023-10-28;11;3;4
CLI0079;2023-11-04;6;5;5
CLI0079;2023-11-11;4;2;4
CLI0079;2023-11-18;12;1;8
CLI0079;2023-11-25;7;4;7
CLI0079;2023-12-02;5;5;3
CLI0079;2023-12-09;10;4;4
CLI0079;2023-12-16;5;2;3
CLI0079;2023-12-23;6;1;4
CLI0079;2023-12-30;12;1;7
CLI0079;2024-01-06;5;4;5
CLI0079;2024-01-13;5;1;2
CLI0079;2024-01-20;8;4;3
CLI0079;2024-01-27;3;1;6
CLI0079;2024-02-03;8;5;5
CLI0079;2024-02-10;5;4;3
CLI0079;2024-02-17;3;1;3
CLI0079;2024-02-24;9;4;4
CLI0079;2024-03-02;12;2;7
CLI0079;2024-03-09;9;1;8
CLI0079;2024-03-16;10;4;4
CLI0079;2024-03-23;10;3;2
CLI0079;2024-03-30;4;1;2
CLI0079;2024-04-06;4;4;7
CLI0079;2024-04-13;11;2;2
CLI0079;2024-04-20;12;5;6
CLI0079;2024-04-27;10;3;7
CLI0079;2024-05-04;4;5;3
CLI0079;2024-05-11;9;4;7
CLI0079;2024-05-18;9;3;6
CLI0079;2024-05-25;5;1;4
CLI0079;2024-06-01;4;5;3
CLI0079;2024-06-08;9;1;5
CLI0079;2024-06-15;11;5;8
CLI0079;2024-06-22;11;4;2
CLI0079;2024-06-29;11;5;6
CLI0079;2024-07-06;4;2;7
CLI0079;2024-07-13;4;2;8
CLI0079;2024-07-20;12;2;2
CLI0079;2024-07-27;11;4;8
CLI0079;2024-08-03;8;1;2
CLI0079;2024-08-10;5;5;3
CLI0079;2024-08-17;5;1;6
CLI0079;2024-08-24;7;1;2
CLI0079;2024-08-31;4;5;4
CLI0079;2024-09-07;8;5;3
CLI0079;2024-09-14;9;1;3
CLI0079;2024-09-21;7;1;6
CLI0079;2024-09-28;7;5;5
CLI0079;2024-10-05;5;5;5
CLI0079;2024-10-12;8;5;4
CLI0079;2024-10-19;12;5;6
CLI0079;2024-10-26;6;1;7
CLI0079;2024-11-02;3;2;2
CLI0079;2024-11-09;6;2;4
CLI0079;2024-11-16;6;2;6
CLI0079;2024-11-23;11;2;6
CLI0079;2024-11-30;8;3;3
CLI0079;2024-12-07;12;4;2
CLI0079;2024-12-14;11;3;4
CLI0080;2024-01-26;4;3;7
CLI0080;2024-02-02;9;2;6
CLI0080;2024-02-09;6;1;7
CLI0080;2024-02-16;7;2;7
CLI0080;2024-02-23;8;5;7
CLI0080;2024-03-01;11;5;3
CLI0080;2024-03-08;9;2;4
CLI0080;2024-03-15;9;4;2
CLI0080;2024-03-22;12;2;2
CLI0080;2024-03-29;7;1;6
CLI0080;2024-04-05;4;5;5
CLI0080;2024-04-12;4;3;7
CLI0080;2024-04-19;4;3;4
CLI0080;2024-04-26;7;2;8
CLI0080;2024-05-03;6;3;2
CLI0080;2024-05-10;4;4;3
CLI0080;2024-05-17;9;1;8
CLI0080;2024-05-24;4;2;6
CLI0080;2024-05-31;7;5;8
CLI0080;2024-06-07;10;1;6
CLI0080;2024-06-14;8;5;8
CLI0080;2024-06-21;7;5;4
CLI0080;2024-06-28;12;1;2
CLI0080;2024-07-05;5;3;8
CLI0080;2024-07-12;9;2;4
CLI0080;2024-07-19;11;5;6
CLI0080;2024-07-26;9;4;6
CLI0080;2024-08-02;5;3;2
CLI0080;2024-08-09;11;2;7
CLI0080;2024-08-16;5;2;5
CLI0080;2024-08-23;12;3;2
CLI0080;2024-08-30;8;2;7
CLI0080;2024-09-06;12;4;7
CLI0080;2024-09-13;10;2;5
CLI0080;2024-09-20;8;4;6
CLI0080;2024-09-27;7;3;5
CLI0080;2024-10-04;11;2;4
CLI0080;2024-10-11;4;3;5
CLI0080;2024-10-18;8;1;7
CLI0080;2024-10-25;4;1;7
CLI0080;2024-11-01;6;1;3
CLI0080;2024-11-08;12;1;2
CLI0080;2024-11-15;7;5;5
CLI0080;2024-11-22;3;4;7
CLI0080;2024-11-29;11;2;5
CLI0080;2024-12-06;10;5;7
CLI0080;2024-12-13;11;1;5
CLI0081;2023-01-15;9;5;7
CLI0081;2023-01-22;8;2;7
CLI0081;2023-01-29;11;5;2
CLI0081;2023-02-05;12;4;3
CLI0081;2023-02-12;11;2;3
CLI0081;2023-02-19;4;3;8
CLI0081;2023-02-26;5;5;4
CLI0081;2023-03-05;3;4;5
CLI0081;2023-03-12;9;2;4
CLI0081;2023-03-19;4;3;7
CLI0081;2023-03-26;6;5;8
CLI0081;2023-04-02;4;3;4
CLI0081;2023-04-09;10;3;4
CLI0081;2023-04-16;6;1;7
CLI0081;2023-04-23;12;4;3
CLI0081;2023-04-30;7;5;8
CLI0081;2023-05-07;3;4;6
CLI0081;2023-05-14;10;1;4
CLI0081;2023-05-21;3;5;5
CLI0081;2023-05-28;8;3;4
CLI0081;2023-06-04;4;1;4
CLI0081;2023-06-11;5;4;4
CLI0081;2023-06-18;3;1;5
CLI0081;2023-06-25;10;2;2
CLI0081;2023-07-02;11;5;3
CLI0081;2023-07-09;9;1;5
CLI0081;2023-07-16;3;2;8
CLI0081;2023-07-23;7;2;5
CLI0081;2023-07-30;9;3;4
CLI0081;2023-08-06;8;4;3
CLI0081;2023-08-13;11;3;2
CLI0081;2023-08-20;10;4;3
CLI0081;2023-08-27;5;3;7
CLI0081;2023-09-03;9;1;4
CLI0081;2023-09-10;6;1;3
CLI0081;2023-09-17;7;1;3
CLI0081;2023-09-24;9;4;7
CLI0081;2023-10-01;8;1;3
CLI0081;2023-10-08;6;4;7
CLI0081;2023-10-15;7;1;5
CLI0081;2023-10-22;10;5;5
CLI0081;2023-10-29;5;3;8
CLI0081;2023-11-05;9;5;7
CLI0081;2023-11-12;9;2;2
CLI0081;2023-11-19;4;1;3
CLI0081;2023-11-26;5;3;6
CLI0081;2023-12-03;3;2;2
CLI0081;2023-12-10;8;4;6
CLI0081;2023-12-17;3;4;5
CLI0081;2023-12-24;7;3;5
CLI0081;2023-12-31;4;4;3
CLI0081;2024-01-07;12;2;7
CLI0081;2024-01-14;11;2;3
CLI0081;2024-01-21;7;1;8
CLI0081;2024-01-28;7;2;7
CLI0081;2024-02-04;9;2;5
CLI0081;2024-02-11;4;5;6
CLI0081;2024-02-18;5;2;8
CLI0081;2024-02-25;12;2;3
CLI0081;2024-03-03;4;2;5
CLI0081;2024-03-10;3;3;3
CLI0081;2024-03-17;5;4;2
CLI0081;2024-03-24;12;2;2
CLI0081;2024-03-31;3;4;5
CLI0081;2024-04-07;11;3;7
CLI0081;2024-04-14;6;2;4
CLI0081;2024-04-21;9;4;2
CLI0081;2024-04-28;11;4;7
CLI0081;2024-05-05;3;3;2
CLI0081;2024-05-12;7;3;4
CLI0081;2024-05-19;8;4;3
CLI0081;2024-05-26;8;1;3
CLI0081;2024-06-02;3;1;2
CLI0081;2024-06-09;8;2;4
CLI0081;2024-06-16;10;3;6
CLI0081;2024-06-23;4;4;3
CLI0081;2024-06-30;7;4;4
CLI0081;2024-07-07;8;3;2
CLI0081;2024-07-14;4;1;7
CLI0081;2024-07-21;11;2;4
CLI0081;2024-07-28;8;3;7
CLI0081;2024-08-04;12;5;6
CLI0081;2024-08-11;8;2;7
CLI0081;2024-08-18;7;2;6
CLI0081;2024-08-25;9;1;2
CLI0081;2024-09-01;5;5;2
CLI0081;2024-09-08;3;5;7
CLI0081;2024-09-15;6;2;7
CLI0081;2024-09-22;10;1;2
CLI0081;2024-09-29;11;5;4
CLI0081;2024-10-06;7;4;8
CLI0081;2024-10-13;6;5;7
CLI0081;2024-10-20;5;1;3
CLI0081;2024-10-27;6;4;6
CLI0081;2024-11-03;7;5;4
CLI0081;2024-11-10;8;4;7
CLI0081;2024-11-17;4;4;2
CLI0081;2024-11-24;10;4;6
CLI0081;2024-12-01;11;1;3
CLI0082;2024-09-05;12;1;8
CLI0082;2024-09-12;6;4;5
CLI0082;2024-09-19;11;5;2
CLI0082;2024-09-26;5;4;8
CLI0082;2024-10-03;11;4;6
CLI0082;2024-10-10;9;4;6
CLI0082;2024-10-17;7;2;3
CLI0082;2024-10-24;3;2;6
CLI0082;2024-10-31;6;5;7
CLI0082;2024-11-07;3;5;5
CLI0082;2024-11-14;11;5;4
CLI0082;2024-11-21;7;2;4
CLI0082;2024-11-28;7;5;2
CLI0082;2024-12-05;5;2;2
CLI0082;2024-12-12;11;2;4
CLI0082;2024-12-19;3;2;4
CLI0082;2024-12-26;5;3;8
CLI0083;2023-02-22;11;1;2
CLI0083;2023-03-01;8;5;4
CLI0083;2023-03-08;8;1;7
CLI0083;2023-03-15;11;3;7
CLI0083;2023-03-22;5;4;6
CLI0083;2023-03-29;7;3;2
CLI0083;2023-04-05;3;3;3
CLI0083;2023-04-12;7;2;4
CLI0083;2023-04-19;3;5;7
CLI0083;2023-04-26;12;1;7
CLI0083;2023-05-03;9;3;8
CLI0083;2023-05-10;12;5;3
CLI0083;2023-05-17;10;2;4
CLI0083;2023-05-24;7;2;6
CLI0083;2023-05-31;9;2;5
CLI0083;2023-06-07;6;4;4
CLI0083;2023-06-14;5;4;2
CLI0083;2023-06-21;10;2;5
CLI0083;2023-06-28;5;2;3
CLI0083;2023-07-05;12;4;7
CLI0083;2023-07-12;5;3;2
CLI0083;2023-07-19;7;2;3
CLI0083;2023-07-26;9;5;3
CLI0083;2023-08-02;4;2;2
CLI0083;2023-08-09;9;2;5
CLI0083;2023-08-16;9;1;7
CLI0083;2023-08-23;11;2;7
CLI0083;2023-08-30;3;5;2
CLI0083;2023-09-06;9;4;2
CLI0083;2023-09-13;4;1;8
CLI0083;2023-09-20;3;2;3
CLI0083;2023-09-27;4;3;3
CLI0083;2023-10-04;12;1;8
CLI0083;2023-10-11;3;1;6
CLI0083;2023-10-18;8;1;3
CLI0083;2023-10-25;5;4;8
CLI0083;2023-11-01;12;4;8
CLI0083;2023-11-08;5;3;4
CLI0083;2023-11-15;10;2;3
CLI0083;2023-11-22;3;5;7
CLI0083;2023-11-29;7;5;2
CLI0083;2023-12-06;3;1;2
CLI0083;2023-12-13;11;3;2
CLI0083;2023-12-20;11;4;3
CLI0083;2023-12-27;3;2;2
CLI0083;2024-01-03;6;4;5
CLI0083;2024-01-10;5;3;7
CLI0083;2024-01-17;7;2;7
CLI0083;2024-01-24;9;1;5
CLI0083;2024-01-31;5;1;3
CLI0083;2024-02-07;4;3;4
CLI0083;2024-02-14;4;5;4
CLI0083;2024-02-21;4;3;2
CLI0083;2024-02-28;3;5;3
CLI0083;2024-03-06;5;4;6
CLI0083;2024-03-13;8;5;3
CLI0083;2024-03-20;9;2;7
CLI0083;2024-03-27;7;5;8
CLI0083;2024-04-03;7;3;2
CLI0083;2024-04-10;7;4;7
CLI0083;2024-04-17;8;3;8
CLI0083;2024-04-24;4;1;8
CLI0083;2024-05-01;5;2;4
CLI0083;2024-05-08;5;4;5
CLI0083;2024-05-15;10;1;2
CLI0083;2024-05-22;12;4;7
CLI0083;2024-05-29;7;2;2
CLI0083;2024-06-05;8;2;3
CLI0083;2024-06-12;9;3;4
CLI0083;2024-06-19;10;4;5
CLI0083;2024-06-26;9;5;8
CLI0083;2024-07-03;8;2;8
CLI0083;2024-07-10;6;4;5
CLI0083;2024-07-17;11;4;6
CLI0083;2024-07-24;11;4;6
CLI0083;2024-07-31;11;2;5
CLI0083;2024-08-07;4;5;7
CLI0083;2024-08-14;9;5;6
CLI0083;2024-08-21;6;1;3
CLI0083;2024-08-28;8;1;3
CLI0083;2024-09-04;3;3;6
CLI0083;2024-09-11;10;2;2
CLI0083;2024-09-18;3;3;4
CLI0083;2024-09-25;5;3;5
CLI0083;2024-10-02;5;5;5
CLI0083;2024-10-09;6;2;8
CLI0083;2024-10-16;6;1;7
CLI0083;2024-10-23;5;1;7
CLI0083;2024-10-30;5;4;7
CLI0083;2024-11-06;3;4;4
CLI0083;2024-11-13;3;1;7
CLI0083;2024-11-20;12;1;5
CLI0083;2024-11-27;12;2;2
CLI0083;2024-12-04;5;3;3
CLI0083;2024-12-11;4;2;2
CLI0083;2024-12-18;3;5;8
CLI0084;2024-03-02;11;3;5
CLI0084;2024-03-09;9;3;5
CLI0084;2024-03-16;3;3;2
CLI0084;2024-03-23;5;1;7
CLI0084;2024-03-30;3;5;8
CLI0084;2024-04-06;5;5;3
CLI0084;2024-04-13;3;4;8
CLI0084;2024-04-20;9;4;6
CLI0084;2024-04-27;7;5;6
CLI0084;2024-05-04;7;2;5
CLI0084;2024-05-11;5;3;2
CLI0084;2024-05-18;11;4;3
CLI0084;2024-05-25;6;4;6
CLI0084;2024-06-01;3;2;5
CLI0084;2024-06-08;1;1;1
CLI0084;2024-06-15;1;1;1
CLI0084;2024-06-22;2;1;2
CLI0084;2024-06-29;2;0;0
CLI0085;2024-01-16;4;1;4
CLI0085;2024-01-23;12;3;2
CLI0085;2024-01-30;6;3;3
CLI0085;2024-02-06;11;1;2
CLI0085;2024-02-13;6;5;2
CLI0085;2024-02-20;7;2;6
CLI0085;2024-02-27;6;1;3
CLI0085;2024-03-05;7;1;6
CLI0085;2024-03-12;12;1;6
CLI0085;2024-03-19;10;1;2
CLI0085;2024-03-26;8;1;4
CLI0085;2024-04-02;3;3;8
CLI0085;2024-04-09;7;4;6
CLI0085;2024-04-16;6;3;8
CLI0085;2024-04-23;9;3;3
CLI0085;2024-04-30;4;3;5
CLI0085;2024-05-07;11;1;6
CLI0085;2024-05-14;5;1;6
CLI0085;2024-05-21;9;4;6
CLI0085;2024-05-28;3;3;3
CLI0085;2024-06-04;5;4;2
CLI0085;2024-06-11;4;2;3
CLI0085;2024-06-18;5;2;6
CLI0085;2024-06-25;11;5;7
CLI0085;2024-07-02;11;3;5
CLI0085;2024-07-09;5;3;4
CLI0085;2024-07-16;8;5;8
CLI0085;2024-07-23;9;1;7
CLI0085;2024-07-30;9;2;3
CLI0085;2024-08-06;12;5;2
CLI0085;2024-08-13;5;5;7
CLI0085;2024-08-20;10;1;8
CLI0085;2024-08-27;3;2;8
CLI0085;2024-09-03;7;5;8
CLI0085;2024-09-10;4;4;2
CLI0085;2024-09-17;10;3;3
CLI0085;2024-09-24;7;2;2
CLI0085;2024-10-01;7;5;4
CLI0085;2024-10-08;8;1;2
CLI0085;2024-10-15;5;4;4
CLI0085;2024-10-22;10;3;8
CLI0085;2024-10-29;10;2;2
CLI0085;2024-11-05;12;4;2
CLI0085;2024-11-12;8;3;5
CLI0085;2024-11-19;9;5;7
CLI0085;2024-11-26;5;4;4
CLI0085;2024-12-03;11;5;4
CLI0085;2024-12-10;8;1;7
CLI0085;2024-12-17;9;5;5
CLI0085;2024-12-24;7;1;6
CLI0086;2023-02-28;3;2;8
CLI0086;2023-03-07;4;3;5
CLI0086;2023-03-14;5;5;5
CLI0086;2023-03-21;4;2;5
CLI0086;2023-03-28;10;1;4
CLI0086;2023-04-04;10;4;7
CLI0086;2023-04-11;11;4;2
CLI0086;2023-04-18;4;2;7
CLI0086;2023-04-25;4;4;8
CLI0086;2023-05-02;9;2;5
CLI0086;2023-05-09;8;1;4
CLI0086;2023-05-16;8;5;5
CLI0086;2023-05-23;6;4;2
CLI0086;2023-05-30;7;4;2
CLI0086;2023-06-06;11;2;5
CLI0086;2023-06-13;5;2;4
CLI0086;2023-06-20;12;1;6
CLI0086;2023-06-27;9;1;8
CLI0086;2023-07-04;8;4;5
CLI0086;2023-07-11;6;1;3
CLI0086;2023-07-18;3;4;4
CLI0086;2023-07-25;7;2;2
CLI0086;2023-08-01;5;1;4
CLI0086;2023-08-08;9;1;4
CLI0086;2023-08-15;10;4;6
CLI0086;2023-08-22;6;3;3
CLI0086;2023-08-29;3;1;5
CLI0086;2023-09-05;8;3;3
CLI0086;2023-09-12;6;3;5
CLI0086;2023-09-19;10;4;6
CLI0086;2023-09-26;5;4;4
CLI0086;2023-10-03;12;4;8
CLI0086;2023-10-10;3;5;8
CLI0086;2023-10-17;12;2;2
CLI0086;2023-10-24;12;5;3
CLI0086;2023-10-31;8;3;2
CLI0086;2023-11-07;5;4;3
CLI0086;2023-11-14;10;3;2
CLI0086;2023-11-21;9;3;6
CLI0086;2023-11-28;3;4;8
CLI0086;2023-12-05;5;4;7
CLI0086;2023-12-12;12;1;2
CLI0086;2023-12-19;6;2;5
CLI0086;2023-12-26;11;2;6
CLI0086;2024-01-02;9;2;4
CLI0086;2024-01-09;6;2;7
CLI0086;2024-01-16;12;1;4
CLI0086;2024-01-23;8;1;4
CLI0086;2024-01-30;7;5;8
CLI0086;2024-02-06;4;4;7
CLI0086;2024-02-13;10;4;5
CLI0086;2024-02-20;8;3;8
CLI0086;2024-02-27;11;4;6
CLI0086;2024-03-05;8;1;3
CLI0086;2024-03-12;10;4;4
CLI0086;2024-03-19;5;5;6
CLI0086;2024-03-26;5;5;5
CLI0086;2024-04-02;9;3;8
CLI0086;2024-04-09;9;3;7
CLI0086;2024-04-16;12;1;2
CLI0086;2024-04-23;4;1;7
CLI0086;2024-04-30;3;5;5
CLI0086;2024-05-07;4;4;7
CLI0086;2024-05-14;12;5;2
CLI0086;2024-05-21;10;5;6
CLI0086;2024-05-28;3;3;8
CLI0086;2024-06-04;9;2;3
CLI0086;2024-06-11;10;5;5
CLI0086;2024-06-18;4;2;8
CLI0086;2024-06-25;10;1;4
CLI0086;2024-07-02;10;4;8
CLI0086;2024-07-09;9;1;4
CLI0086;2024-07-16;6;5;4
CLI0086;2024-07-23;7;3;4
CLI0086;2024-07-30;9;2;2
CLI0086;2024-08-06;9;1;2
CLI0086;2024-08-13;3;2;8
CLI0086;2024-08-20;8;5;8
CLI0086;2024-08-27;12;3;4
CLI0086;2024-09-03;5;5;5
CLI0086;2024-09-10;6;5;5
CLI0086;2024-09-17;6;5;7
CLI0086;2024-09-24;9;1;8
CLI0086;2024-10-01;12;4;3
CLI0086;2024-10-08;9;2;5
CLI0086;2024-10-15;8;5;3
CLI0086;2024-10-22;9;2;2
CLI0086;2024-10-29;5;5;2
CLI0086;2024-11-05;12;4;8
CLI0086;2024-11-12;7;5;3
CLI0086;2024-11-19;8;2;2
CLI0086;2024-11-26;4;1;5
CLI0086;2024-12-03;3;5;3
CLI0086;2024-12-10;3;5;7
CLI0087;2024-07-10;3;2;5
CLI0087;2024-07-17;8;2;3
CLI0087;2024-07-24;6;3;3
CLI0087;2024-07-31;11;2;7
CLI0087;2024-08-07;9;3;7
CLI0087;2024-08-14;3;3;2
CLI0087;2024-08-21;5;1;7
CLI0087;2024-08-28;12;1;2
CLI0087;2024-09-04;10;5;2
CLI0087;2024-09-11;4;2;4
CLI0087;2024-09-18;7;2;2
CLI0087;2024-09-25;4;4;8
CLI0087;2024-10-02;8;2;5
CLI0087;2024-10-09;4;4;8
CLI0087;2024-10-16;3;4;2
CLI0087;2024-10-23;10;1;3
CLI0087;2024-10-30;9;4;4
CLI0087;2024-11-06;10;2;3
CLI0087;2024-11-13;7;1;3
CLI0087;2024-11-20;12;5;8
CLI0087;2024-11-27;3;1;4
CLI0087;2024-12-04;8;4;6
CLI0087;2024-12-11;12;5;2
CLI0088;2023-06-12;6;5;2
CLI0088;2023-06-19;11;1;6
CLI0088;2023-06-26;11;2;3
CLI0088;2023-07-03;8;1;3
CLI0088;2023-07-10;3;3;3
CLI0088;2023-07-17;6;1;7
CLI0088;2023-07-24;5;3;4
CLI0088;2023-07-31;10;2;2
CLI0088;2023-08-07;8;5;7
CLI0088;2023-08-14;7;4;7
CLI0088;2023-08-21;10;4;6
CLI0088;2023-08-28;9;2;4
CLI0088;2023-09-04;5;2;7
CLI0088;2023-09-11;7;4;2
CLI0088;2023-09-18;12;5;4
CLI0088;2023-09-25;5;2;7
CLI0088;2023-10-02;10;4;5
CLI0088;2023-10-09;9;5;7
CLI0088;2023-10-16;7;3;6
CLI0088;2023-10-23;4;5;5
CLI0088;2023-10-30;9;2;6
CLI0088;2023-11-06;8;3;7
CLI0088;2023-11-13;4;4;3
CLI0088;2023-11-20;3;5;4
CLI0088;2023-11-27;12;4;4
CLI0088;2023-12-04;12;5;4
CLI0088;2023-12-11;9;1;2
CLI0088;2023-12-18;5;3;5
CLI0088;2023-12-25;5;3;3
CLI0088;2024-01-01;4;2;7
CLI0088;2024-01-08;8;3;3
CLI0088;2024-01-15;8;1;2
CLI0088;2024-01-22;8;1;7
CLI0088;2024-01-29;8;2;5
CLI0088;2024-02-05;12;3;3
CLI0088;2024-02-12;11;1;5
CLI0088;2024-02-19;7;5;3
CLI0088;2024-02-26;11;2;2
CLI0088;2024-03-04;11;3;7
CLI0088;2024-03-11;12;1;6
CLI0088;2024-03-18;9;4;4
CLI0088;2024-03-25;8;2;3
CLI0088;2024-04-01;3;4;5
CLI0088;2024-04-08;3;3;5
CLI0088;2024-04-15;4;1;5
CLI0088;2024-04-22;5;5;4
CLI0088;2024-04-29;12;4;3
CLI0088;2024-05-06;12;1;4
CLI0088;2024-05-13;3;5;2
CLI0088;2024-05-20;10;3;3
CLI0088;2024-05-27;9;1;6
CLI0088;2024-06-03;11;1;4
CLI0088;2024-06-10;3;1;5
CLI0088;2024-06-17;4;4;7
CLI0088;2024-06-24;7;3;4
CLI0088;2024-07-01;8;4;2
CLI0088;2024-07-08;11;3;5
CLI0088;2024-07-15;12;1;5
CLI0088;2024-07-22;7;4;5
CLI0088;2024-07-29;4;3;6
CLI0088;2024-08-05;4;1;3
CLI0088;2024-08-12;3;1;3
CLI0088;2024-08-19;4;3;8
CLI0088;2024-08-26;9;2;3
CLI0088;2024-09-02;4;2;7
CLI0088;2024-09-09;8;5;2
CLI0088;2024-09-16;3;3;8
CLI0088;2024-09-23;3;1;2
CLI0088;2024-09-30;7;1;4
CLI0088;2024-10-07;8;5;8
CLI0088;2024-10-14;9;3;7
CLI0088;2024-10-21;5;2;6
CLI0088;2024-10-28;10;1;3
CLI0088;2024-11-04;8;2;8
CLI0088;2024-11-11;12;4;7
CLI0088;2024-11-18;10;1;6
CLI0088;2024-11-25;11;2;6
CLI0088;2024-12-02;10;4;4
CLI0088;2024-12-09;8;4;3
CLI0088;2024-12-16;4;3;8
CLI0088;2024-12-23;7;1;4
CLI0089;2024-07-25;6;1;2
CLI0089;2024-08-01;10;1;3
CLI0089;2024-08-08;3;2;5
CLI0089;2024-08-15;9;2;5
CLI0089;2024-08-22;4;3;3
CLI0089;2024-08-29;12;5;6
CLI0089;2024-09-05;8;3;7
CLI0089;2024-09-12;10;2;8
CLI0089;2024-09-19;11;1;3
CLI0089;2024-09-26;6;3;5
CLI0089;2024-10-03;10;5;6
CLI0089;2024-10-10;6;4;3
CLI0089;2024-10-17;4;3;5
CLI0089;2024-10-24;5;3;8
CLI0089;2024-10-31;12;1;3
CLI0089;2024-11-07;10;1;7
CLI0089;2024-11-14;4;2;2
CLI0089;2024-11-21;10;2;4
CLI0089;2024-11-28;3;4;7
CLI0089;2024-12-05;11;4;4
CLI0090;2023-09-29;6;2;5
CLI0090;2023-10-06;11;4;6
CLI0090;2023-10-13;8;1;5
CLI0090;2023-10-20;7;3;2
CLI0090;2023-10-27;3;4;7
CLI0090;2023-11-03;9;2;4
CLI0090;2023-11-10;6;4;3
CLI0090;2023-11-17;12;3;6
CLI0090;2023-11-24;12;4;6
CLI0090;2023-12-01;2;0;2
CLI0090;2023-12-08;0;0;0
CLI0090;2023-12-15;1;0;0
CLI0090;2023-12-22;0;1;1
CLI0091;2023-09-02;12;4;5
CLI0091;2023-09-09;9;1;3
CLI0091;2023-09-16;7;4;3
CLI0091;2023-09-23;5;2;4
CLI0091;2023-09-30;7;5;4
CLI0091;2023-10-07;0;0;0
CLI0091;2023-10-14;3;1;1
CLI0091;2023-10-21;2;0;0
CLI0091;2023-10-28;2;0;0
CLI0092;2023-07-11;10;4;4
CLI0092;2023-07-18;3;2;4
CLI0092;2023-07-25;4;2;7
CLI0092;2023-08-01;3;5;4
CLI0092;2023-08-08;10;5;2
CLI0092;2023-08-15;10;2;5
CLI0092;2023-08-22;4;1;8
CLI0092;2023-08-29;3;5;7
CLI0092;2023-09-05;7;2;6
CLI0092;2023-09-12;11;2;8
CLI0092;2023-09-19;5;1;2
CLI0092;2023-09-26;7;3;5
CLI0092;2023-10-03;10;3;6
CLI0092;2023-10-10;7;4;4
CLI0092;2023-10-17;8;4;2
CLI0092;2023-10-24;8;3;7
CLI0092;2023-10-31;8;5;8
CLI0092;2023-11-07;12;4;2
CLI0092;2023-11-14;2;1;2
CLI0092;2023-11-21;0;0;1
CLI0092;2023-11-28;1;0;1
CLI0092;2023-12-05;3;0;0
CLI0093;2024-08-14;4;2;5
CLI0093;2024-08-21;4;3;7
CLI0093;2024-08-28;11;4;6
CLI0093;2024-09-04;5;3;7
CLI0093;2024-09-11;8;3;5
CLI0093;2024-09-18;12;4;4
CLI0093;2024-09-25;7;2;2
CLI0093;2024-10-02;12;5;7
CLI0093;2024-10-09;8;5;2
CLI0093;2024-10-16;9;4;6
CLI0093;2024-10-23;8;3;2
CLI0093;2024-10-30;3;4;7
CLI0093;2024-11-06;5;4;7
CLI0093;2024-11-13;5;5;4
CLI0093;2024-11-20;12;5;7
CLI0093;2024-11-27;5;3;5
CLI0093;2024-12-04;7;1;8
CLI0093;2024-12-11;7;1;5
CLI0093;2024-12-18;3;2;4
CLI0094;2024-08-30;8;1;2
CLI0094;2024-09-06;2;0;1
CLI0094;2024-09-13;2;1;2
CLI0094;2024-09-20;3;0;0
CLI0094;2024-09-27;2;0;2
CLI0095;2023-07-21;3;4;4
CLI0095;2023-07-28;6;4;5
CLI0095;2023-08-04;9;1;4
CLI0095;2023-08-11;7;5;4
CLI0095;2023-08-18;5;5;5
CLI0095;2023-08-25;8;5;3
CLI0095;2023-09-01;6;3;3
CLI0095;2023-09-08;9;5;3
CLI0095;2023-09-15;7;3;2
CLI0095;2023-09-22;7;5;7
CLI0095;2023-09-29;10;5;3
CLI0095;2023-10-06;9;4;2
CLI0095;2023-10-13;5;5;5
CLI0095;2023-10-20;8;5;7
CLI0095;2023-10-27;8;4;4
CLI0095;2023-11-03;9;4;5
CLI0095;2023-11-10;9;4;2
CLI0095;2023-11-17;11;1;8
CLI0095;2023-11-24;9;1;8
CLI0095;2023-12-01;5;5;4
CLI0095;2023-12-08;6;5;6
CLI0095;2023-12-15;8;2;6
CLI0095;2023-12-22;11;5;4
CLI0095;2023-12-29;3;4;3
CLI0095;2024-01-05;9;1;5
CLI0095;2024-01-12;11;4;8
CLI0095;2024-01-19;3;1;2
CLI0095;2024-01-26;7;1;4
CLI0095;2024-02-02;12;1;8
CLI0095;2024-02-09;7;5;5
CLI0095;2024-02-16;8;1;2
CLI0095;2024-02-23;12;5;7
CLI0095;2024-03-01;3;2;6
CLI0095;2024-03-08;5;5;7
CLI0095;2024-03-15;10;2;3
CLI0095;2024-03-22;5;3;7
CLI0095;2024-03-29;7;1;8
CLI0095;2024-04-05;10;5;7
CLI0095;2024-04-12;6;1;2
CLI0095;2024-04-19;3;2;6
CLI0095;2024-04-26;4;5;2
CLI0095;2024-05-03;6;2;2
CLI0095;2024-05-10;10;1;8
CLI0095;2024-05-17;11;4;5
CLI0095;2024-05-24;3;1;4
CLI0095;2024-05-31;9;4;3
CLI0095;2024-06-07;6;5;4
CLI0095;2024-06-14;12;4;8
CLI0095;2024-06-21;12;1;5
CLI0095;2024-06-28;5;1;3
CLI0095;2024-07-05;5;2;3
CLI0095;2024-07-12;11;5;3
CLI0095;2024-07-19;10;4;4
CLI0095;2024-07-26;7;1;6
CLI0095;2024-08-02;10;3;7
CLI0095;2024-08-09;7;4;5
CLI0095;2024-08-16;4;4;5
CLI0095;2024-08-23;9;2;2
CLI0095;2024-08-30;7;4;2
CLI0095;2024-09-06;12;4;2
CLI0095;2024-09-13;12;3;2
CLI0095;2024-09-20;12;4;2
CLI0095;2024-09-27;8;2;5
CLI0095;2024-10-04;10;3;2
CLI0095;2024-10-11;5;3;6
CLI0095;2024-10-18;11;2;4
CLI0095;2024-10-25;11;4;6
CLI0095;2024-11-01;4;2;7
CLI0095;2024-11-08;5;3;7
CLI0095;2024-11-15;12;3;5
CLI0095;2024-11-22;5;3;8
CLI0095;2024-11-29;7;4;2
CLI0095;2024-12-06;10;4;5
CLI0095;2024-12-13;12;2;6
CLI0095;2024-12-20;11;5;4
CLI0096;2023-05-13;8;5;6
CLI0096;2023-05-20;9;1;2
CLI0096;2023-05-27;3;2;3
CLI0096;2023-06-03;4;1;5
CLI0096;2023-06-10;10;3;8
CLI0096;2023-06-17;6;2;2
CLI0096;2023-06-24;5;4;8
CLI0096;2023-07-01;9;1;2
CLI0096;2023-07-08;12;3;2
CLI0096;2023-07-15;3;1;5
CLI0096;2023-07-22;8;5;7
CLI0096;2023-07-29;3;2;4
CLI0096;2023-08-05;4;4;5
CLI0096;2023-08-12;5;5;6
CLI0096;2023-08-19;6;2;4
CLI0096;2023-08-26;10;4;7
CLI0096;2023-09-02;7;2;3
CLI0096;2023-09-09;5;4;8
CLI0096;2023-09-16;11;2;2
CLI0096;2023-09-23;12;1;7
CLI0096;2023-09-30;4;2;2
CLI0096;2023-10-07;5;1;4
CLI0096;2023-10-14;9;5;6
CLI0096;2023-10-21;4;3;3
CLI0096;2023-10-28;11;4;3
CLI0096;2023-11-04;6;5;8
CLI0096;2023-11-11;10;5;4
CLI0096;2023-11-18;8;5;6
CLI0096;2023-11-25;5;1;5
CLI0096;2023-12-02;9;4;8
CLI0096;2023-12-09;4;5;2
CLI0096;2023-12-16;5;5;4
CLI0096;2023-12-23;4;1;5
CLI0096;2023-12-30;6;1;6
CLI0096;2024-01-06;11;3;2
CLI0096;2024-01-13;6;3;8
CLI0096;2024-01-20;7;4;7
CLI0096;2024-01-27;8;1;8
CLI0096;2024-02-03;5;3;2
CLI0096;2024-02-10;11;5;3
CLI0096;2024-02-17;11;5;6
CLI0096;2024-02-24;7;4;6
CLI0096;2024-03-02;3;5;7
CLI0096;2024-03-09;4;5;5
CLI0096;2024-03-16;7;1;2
CLI0096;2024-03-23;8;4;4
CLI0096;2024-03-30;6;3;8
CLI0096;2024-04-06;3;2;3
CLI0096;2024-04-13;11;3;8
CLI0096;2024-04-20;3;2;5
CLI0096;2024-04-27;4;5;6
CLI0096;2024-05-04;3;3;2
CLI0096;2024-05-11;9;5;7
CLI0096;2024-05-18;12;1;6
CLI0096;2024-05-25;10;2;4
CLI0096;2024-06-01;3;1;2
CLI0096;2024-06-08;10;5;3
CLI0096;2024-06-15;8;4;5
CLI0096;2024-06-22;7;2;2
CLI0096;2024-06-29;3;1;8
CLI0096;2024-07-06;6;5;6
CLI0096;2024-07-13;9;1;6
CLI0096;2024-07-20;10;1;5
CLI0096;2024-07-27;9;2;5
CLI0096;2024-08-03;9;5;3
CLI0096;2024-08-10;4;4;2
CLI0096;2024-08-17;12;3;4
CLI0096;2024-08-24;6;3;5
CLI0096;2024-08-31;3;2;3
CLI0096;2024-09-07;4;5;2
CLI0096;2024-09-14;6;4;7
CLI0096;2024-09-21;11;5;2
CLI0096;2024-09-28;3;2;8
CLI0096;2024-10-05;3;1;2
CLI0096;2024-10-12;5;4;3
CLI0096;2024-10-19;7;1;4
CLI0096;2024-10-26;8;5;7
CLI0096;2024-11-02;6;3;3
CLI0096;2024-11-09;12;4;5
CLI0096;2024-11-16;4;1;2
CLI0096;2024-11-23;7;5;3
CLI0096;2024-11-30;10;3;8
CLI0096;2024-12-07;6;4;7
CLI0097;2023-11-06;6;5;4
CLI0097;2023-11-13;8;5;6
CLI0097;2023-11-20;4;1;4
CLI0097;2023-11-27;9;5;5
CLI0097;2023-12-04;7;1;3
CLI0097;2023-12-11;5;5;3
CLI0097;2023-12-18;7;5;3
CLI0097;2023-12-25;4;3;7
CLI0097;2024-01-01;5;1;3
CLI0097;2024-01-08;10;4;2
CLI0097;2024-01-15;3;4;8
CLI0097;2024-01-22;3;3;4
CLI0097;2024-01-29;12;4;4
CLI0097;2024-02-05;4;1;4
CLI0097;2024-02-12;12;4;5
CLI0097;2024-02-19;3;4;5
CLI0097;2024-02-26;10;1;3
CLI0097;2024-03-04;6;4;3
CLI0097;2024-03-11;9;5;2
CLI0097;2024-03-18;7;1;6
CLI0097;2024-03-25;8;1;6
CLI0097;2024-04-01;8;3;8
CLI0097;2024-04-08;12;2;8
CLI0097;2024-04-15;3;3;7
CLI0097;2024-04-22;12;4;8
CLI0097;2024-04-29;9;1;8
CLI0097;2024-05-06;4;5;5
CLI0097;2024-05-13;7;5;5
CLI0097;2024-05-20;9;5;7
CLI0097;2024-05-27;12;5;4
CLI0097;2024-06-03;5;4;5
CLI0097;2024-06-10;6;2;2
CLI0097;2024-06-17;7;3;2
CLI0097;2024-06-24;6;5;4
CLI0097;2024-07-01;8;5;5
CLI0097;2024-07-08;3;5;4
CLI0097;2024-07-15;8;3;7
CLI0097;2024-07-22;7;5;2
CLI0097;2024-07-29;4;3;6
CLI0097;2024-08-05;8;3;8
CLI0097;2024-08-12;5;4;5
CLI0097;2024-08-19;3;4;2
CLI0097;2024-08-26;10;1;4
CLI0097;2024-09-02;10;5;3
CLI0097;2024-09-09;9;1;6
CLI0097;2024-09-16;4;3;6
CLI0097;2024-09-23;11;3;2
CLI0097;2024-09-30;10;2;4
CLI0097;2024-10-07;7;3;8
CLI0097;2024-10-14;10;2;3
CLI0097;2024-10-21;5;2;8
CLI0097;2024-10-28;12;1;3
CLI0097;2024-11-04;4;1;3
CLI0097;2024-11-11;11;4;6
CLI0097;2024-11-18;8;1;6
CLI0097;2024-11-25;6;1;7
CLI0097;2024-12-02;7;3;2
CLI0097;2024-12-09;8;5;7
CLI0098;2023-02-15;11;4;2
CLI0098;2023-02-22;11;1;3
CLI0098;2023-03-01;6;3;6
CLI0098;2023-03-08;8;4;2
CLI0098;2023-03-15;9;3;3
CLI0098;2023-03-22;3;3;6
CLI0098;2023-03-29;8;3;5
CLI0098;2023-04-05;8;4;4
CLI0098;2023-04-12;12;1;3
CLI0098;2023-04-19;8;1;4
CLI0098;2023-04-26;5;5;2
CLI0098;2023-05-03;4;5;3
CLI0098;2023-05-10;8;5;7
CLI0098;2023-05-17;11;5;7
CLI0098;2023-05-24;8;2;5
CLI0098;2023-05-31;12;1;7
CLI0098;2023-06-07;5;4;8
CLI0098;2023-06-14;4;1;3
CLI0098;2023-06-21;12;5;6
CLI0098;2023-06-28;11;4;6
CLI0098;2023-07-05;4;5;8
CLI0098;2023-07-12;3;5;5
CLI0098;2023-07-19;11;5;5
CLI0098;2023-07-26;8;3;3
CLI0098;2023-08-02;12;3;3
CLI0098;2023-08-09;8;2;8
CLI0098;2023-08-16;8;2;5
CLI0098;2023-08-23;8;1;7
CLI0098;2023-08-30;6;4;7
CLI0098;2023-09-06;9;3;2
CLI0098;2023-09-13;8;5;6
CLI0098;2023-09-20;4;3;7
CLI0098;2023-09-27;10;5;3
CLI0098;2023-10-04;10;4;3
CLI0098;2023-10-11;12;2;6
CLI0098;2023-10-18;6;4;7
CLI0098;2023-10-25;12;2;6
CLI0098;2023-11-01;7;3;4
CLI0098;2023-11-08;8;1;2
CLI0098;2023-11-15;9;4;6
CLI0098;2023-11-22;5;5;5
CLI0098;2023-11-29;6;2;5
CLI0098;2023-12-06;3;2;2
CLI0098;2023-12-13;9;3;8
CLI0098;2023-12-20;11;4;7
CLI0098;2023-12-27;4;2;8
CLI0098;2024-01-03;3;4;2
CLI0098;2024-01-10;5;1;3
CLI0098;2024-01-17;11;5;5
CLI0098;2024-01-24;9;3;3
CLI0098;2024-01-31;9;5;3
CLI0098;2024-02-07;7;1;4
CLI0098;2024-02-14;8;5;6
CLI0098;2024-02-21;12;1;7
CLI0098;2024-02-28;3;1;7
CLI0098;2024-03-06;8;4;5
CLI0098;2024-03-13;10;4;4
CLI0098;2024-03-20;10;2;7
CLI0098;2024-03-27;5;5;8
CLI0098;2024-04-03;11;1;3
CLI0098;2024-04-10;3;5;6
CLI0098;2024-04-17;8;4;5
CLI0098;2024-04-24;8;4;3
CLI0098;2024-05-01;11;5;4
CLI0098;2024-05-08;4;2;4
CLI0098;2024-05-15;10;3;2
CLI0098;2024-05-22;12;5;6
CLI0098;2024-05-29;12;5;8
CLI0098;2024-06-05;9;3;4
CLI0098;2024-06-12;9;3;8
CLI0098;2024-06-19;5;2;2
CLI0098;2024-06-26;6;4;6
CLI0098;2024-07-03;7;5;6
CLI0098;2024-07-10;8;1;4
CLI0098;2024-07-17;7;2;2
CLI0098;2024-07-24;7;3;5
CLI0098;2024-07-31;10;2;3
CLI0098;2024-08-07;7;3;6
CLI0098;2024-08-14;4;2;7
CLI0098;2024-08-21;7;2;2
CLI0098;2024-08-28;6;5;8
CLI0098;2024-09-04;11;2;2
CLI0098;2024-09-11;12;1;6
CLI0098;2024-09-18;11;2;2
CLI0098;2024-09-25;10;1;4
CLI0098;2024-10-02;6;3;6
CLI0098;2024-10-09;9;4;6
CLI0098;2024-10-16;5;4;4
CLI0098;2024-10-23;4;1;5
CLI0098;2024-10-30;9;4;4
CLI0098;2024-11-06;4;2;4
CLI0098;2024-11-13;4;3;8
CLI0098;2024-11-20;4;2;7
CLI0098;2024-11-27;4;3;3
CLI0098;2024-12-04;11;3;4
CLI0098;2024-12-11;10;5;7
CLI0098;2024-12-18;4;3;2
CLI0098;2024-12-25;9;1;7
CLI0099;2024-06-17;3;2;3
CLI0099;2024-06-24;12;4;8
CLI0099;2024-07-01;6;2;4
CLI0099;2024-07-08;10;2;5
CLI0099;2024-07-15;5;4;4
CLI0099;2024-07-22;5;2;7
CLI0099;2024-07-29;4;5;8
CLI0099;2024-08-05;6;1;5
CLI0099;2024-08-12;4;4;6
CLI0099;2024-08-19;12;2;7
CLI0099;2024-08-26;5;1;5
CLI0099;2024-09-02;7;5;5
CLI0099;2024-09-09;12;2;7
CLI0099;2024-09-16;8;4;6
CLI0099;2024-09-23;5;3;8
CLI0099;2024-09-30;6;3;7
CLI0099;2024-10-07;10;4;8
CLI0099;2024-10-14;9;5;4
CLI0099;2024-10-21;11;4;4
CLI0099;2024-10-28;4;2;2
CLI0099;2024-11-04;7;4;5
CLI0099;2024-11-11;8;2;7
CLI0099;2024-11-18;9;1;3
CLI0099;2024-11-25;10;3;7
CLI0099;2024-12-02;4;3;7
CLI0099;2024-12-09;9;2;8
CLI0100;2024-05-10;6;1;4
CLI0100;2024-05-17;7;5;3
CLI0100;2024-05-24;9;1;6
CLI0100;2024-05-31;8;3;7
CLI0100;2024-06-07;8;4;5
CLI0100;2024-06-14;10;4;5
CLI0100;2024-06-21;7;1;4
CLI0100;2024-06-28;10;2;4
CLI0100;2024-07-05;3;3;5
CLI0100;2024-07-12;9;2;6
CLI0100;2024-07-19;5;5;3
CLI0100;2024-07-26;4;5;6
CLI0100;2024-08-02;8;2;6
CLI0100;2024-08-09;11;1;7
CLI0100;2024-08-16;3;4;2
CLI0100;2024-08-23;8;3;8
CLI0100;2024-08-30;11;1;7
CLI0100;2024-09-06;3;5;3
CLI0100;2024-09-13;8;5;3
CLI0100;2024-09-20;5;5;5
CLI0100;2024-09-27;6;3;8
CLI0100;2024-10-04;5;3;4
CLI0100;2024-10-11;9;2;6
CLI0100;2024-10-18;6;1;2
CLI0100;2024-10-25;3;5;2
CLI0100;2024-11-01;11;4;8
CLI0100;2024-11-08;10;1;3
CLI0100;2024-11-15;7;3;2
CLI0100;2024-11-22;6;2;2
CLI0100;2024-11-29;7;1;8
CLI0100;2024-12-06;9;4;3
CLI0101;2023-10-04;9;1;2
CLI0101;2023-10-11;11;5;3
CLI0101;2023-10-18;4;5;8
CLI0101;2023-10-25;9;2;8
CLI0101;2023-11-01;12;3;8
CLI0101;2023-11-08;8;4;6
CLI0101;2023-11-15;3;3;4
CLI0101;2023-11-22;10;2;2
CLI0101;2023-11-29;7;5;5
CLI0101;2023-12-06;9;3;5
CLI0101;2023-12-13;4;2;5
CLI0101;2023-12-20;11;3;5
CLI0101;2023-12-27;7;5;6
CLI0101;2024-01-03;6;4;2
CLI0101;2024-01-10;10;4;4
CLI0101;2024-01-17;11;1;5
CLI0101;2024-01-24;6;5;2
CLI0101;2024-01-31;9;2;5
CLI0101;2024-02-07;8;4;6
CLI0101;2024-02-14;4;3;4
CLI0101;2024-02-21;5;1;2
CLI0101;2024-02-28;11;2;3
CLI0101;2024-03-06;10;5;3
CLI0101;2024-03-13;4;2;5
CLI0101;2024-03-20;12;4;6
CLI0101;2024-03-27;12;2;2
CLI0101;2024-04-03;10;3;5
CLI0101;2024-04-10;7;3;8
CLI0101;2024-04-17;5;1;4
CLI0101;2024-04-24;12;5;5
CLI0101;2024-05-01;3;3;7
CLI0101;2024-05-08;6;5;8
CLI0101;2024-05-15;10;5;5
CLI0101;2024-05-22;8;2;4
CLI0101;2024-05-29;10;4;6
CLI0101;2024-06-05;11;1;2
CLI0101;2024-06-12;9;1;5
CLI0101;2024-06-19;5;1;3
CLI0101;2024-06-26;11;1;3
CLI0101;2024-07-03;6;4;8
CLI0101;2024-07-10;4;1;5
CLI0101;2024-07-17;10;2;7
CLI0101;2024-07-24;11;4;3
CLI0101;2024-07-31;11;4;5
CLI0101;2024-08-07;3;3;2
CLI0101;2024-08-14;9;3;7
CLI0101;2024-08-21;7;5;4
CLI0101;2024-08-28;12;3;6
CLI0101;2024-09-04;5;2;4
CLI0101;2024-09-11;11;2;8
CLI0101;2024-09-18;12;3;6
CLI0101;2024-09-25;12;3;5
CLI0101;2024-10-02;10;2;4
CLI0101;2024-10-09;5;2;6
CLI0101;2024-10-16;10;1;4
CLI0101;2024-10-23;9;2;3
CLI0101;2024-10-30;10;1;2
CLI0101;2024-11-06;7;2;3
CLI0101;2024-11-13;4;5;5
CLI0101;2024-11-20;8;1;2
CLI0101;2024-11-27;12;4;6
CLI0101;2024-12-04;5;1;4
CLI0101;2024-12-11;11;2;4
CLI0102;2023-01-15;12;3;4
CLI0102;2023-01-22;12;4;4
CLI0102;2023-01-29;11;5;7
CLI0102;2023-02-05;6;1;6
CLI0102;2023-02-12;5;1;7
CLI0102;2023-02-19;6;3;3
CLI0102;2023-02-26;7;5;2
CLI0102;2023-03-05;5;5;6
CLI0102;2023-03-12;9;3;6
CLI0102;2023-03-19;12;5;4
CLI0102;2023-03-26;12;4;3
CLI0102;2023-04-02;5;1;8
CLI0102;2023-04-09;6;2;2
CLI0102;2023-04-16;12;2;3
CLI0102;2023-04-23;5;4;8
CLI0102;2023-04-30;3;3;2
CLI0102;2023-05-07;3;2;6
CLI0102;2023-05-14;10;4;7
CLI0102;2023-05-21;10;3;4
CLI0102;2023-05-28;11;1;3
CLI0102;2023-06-04;11;4;5
CLI0102;2023-06-11;9;4;4
CLI0102;2023-06-18;7;5;4
CLI0102;2023-06-25;11;1;6
CLI0102;2023-07-02;6;2;7
CLI0102;2023-07-09;7;2;8
CLI0102;2023-07-16;9;5;5
CLI0102;2023-07-23;10;3;7
CLI0102;2023-07-30;4;5;5
CLI0102;2023-08-06;8;2;2
CLI0102;2023-08-13;8;4;8
CLI0102;2023-08-20;8;4;3
CLI0102;2023-08-27;12;5;3
CLI0102;2023-09-03;9;3;3
CLI0102;2023-09-10;3;2;5
CLI0102;2023-09-17;8;5;3
CLI0102;2023-09-24;3;5;4
CLI0102;2023-10-01;8;1;4
CLI0102;2023-10-08;7;5;2
CLI0102;2023-10-15;12;3;2
CLI0102;2023-10-22;7;4;5
CLI0102;2023-10-29;3;3;4
CLI0102;2023-11-05;3;5;8
CLI0102;2023-11-12;3;4;6
CLI0102;2023-11-19;10;4;3
CLI0102;2023-11-26;10;5;8
CLI0102;2023-12-03;4;1;4
CLI0102;2023-12-10;3;5;7
CLI0102;2023-12-17;5;2;8
CLI0102;2023-12-24;5;1;5
CLI0102;2023-12-31;4;1;5
CLI0102;2024-01-07;3;3;2
CLI0102;2024-01-14;11;3;8
CLI0102;2024-01-21;6;5;7
CLI0102;2024-01-28;3;3;8
CLI0102;2024-02-04;8;2;6
CLI0102;2024-02-11;8;5;2
CLI0102;2024-02-18;9;4;8
CLI0102;2024-02-25;3;1;3
CLI0102;2024-03-03;11;2;7
CLI0102;2024-03-10;7;1;3
CLI0102;2024-03-17;10;1;4
CLI0102;2024-03-24;12;2;7
CLI0102;2024-03-31;11;4;3
CLI0102;2024-04-07;3;3;4
CLI0102;2024-04-14;11;3;2
CLI0102;2024-04-21;8;4;6
CLI0102;2024-04-28;4;5;5
CLI0102;2024-05-05;4;1;2
CLI0102;2024-05-12;5;1;3
CLI0102;2024-05-19;8;5;7
CLI0102;2024-05-26;3;2;8
CLI0102;2024-06-02;3;2;7
CLI0102;2024-06-09;8;4;2
CLI0102;2024-06-16;6;3;8
CLI0102;2024-06-23;6;2;4
CLI0102;2024-06-30;3;4;7
CLI0102;2024-07-07;7;2;4
CLI0102;2024-07-14;5;5;4
CLI0102;2024-07-21;9;2;8
CLI0102;2024-07-28;6;3;3
CLI0102;2024-08-04;5;3;4
CLI0102;2024-08-11;10;3;2
CLI0102;2024-08-18;10;3;6
CLI0102;2024-08-25;8;3;8
CLI0102;2024-09-01;11;4;8
CLI0102;2024-09-08;5;1;8
CLI0102;2024-09-15;12;4;3
CLI0102;2024-09-22;11;5;3
CLI0102;2024-09-29;9;3;7
CLI0102;2024-10-06;7;2;4
CLI0102;2024-10-13;11;5;8
CLI0102;2024-10-20;7;1;6
CLI0102;2024-10-27;6;3;3
CLI0102;2024-11-03;10;3;2
CLI0102;2024-11-10;4;5;7
CLI0102;2024-11-17;5;4;3
CLI0102;2024-11-24;10;5;4
CLI0102;2024-12-01;8;5;5
CLI0102;2024-12-08;12;1;4
CLI0102;2024-12-15;4;3;8
CLI0103;2023-01-09;4;2;4
CLI0103;2023-01-16;7;2;5
CLI0103;2023-01-23;11;2;8
CLI0103;2023-01-30;3;4;8
CLI0103;2023-02-06;12;4;6
CLI0103;2023-02-13;12;4;7
CLI0103;2023-02-20;9;4;8
CLI0103;2023-02-27;6;3;7
CLI0103;2023-03-06;8;5;4
CLI0103;2023-03-13;10;4;4
CLI0103;2023-03-20;3;2;8
CLI0103;2023-03-27;11;1;5
CLI0103;2023-04-03;9;3;6
CLI0103;2023-04-10;9;5;2
CLI0103;2023-04-17;5;5;3
CLI0103;2023-04-24;7;5;7
CLI0103;2023-05-01;11;2;6
CLI0103;2023-05-08;5;2;7
CLI0103;2023-05-15;8;1;2
CLI0103;2023-05-22;7;2;8
CLI0103;2023-05-29;8;4;5
CLI0103;2023-06-05;5;4;2
CLI0103;2023-06-12;5;2;3
CLI0103;2023-06-19;7;3;2
CLI0103;2023-06-26;5;2;8
CLI0103;2023-07-03;6;4;2
CLI0103;2023-07-10;6;2;7
CLI0103;2023-07-17;11;3;2
CLI0103;2023-07-24;10;2;4
CLI0103;2023-07-31;4;4;6
CLI0103;2023-08-07;9;2;5
CLI0103;2023-08-14;9;4;7
CLI0103;2023-08-21;6;1;5
CLI0103;2023-08-28;5;3;8
CLI0103;2023-09-04;5;4;8
CLI0103;2023-09-11;8;3;8
CLI0103;2023-09-18;9;5;5
CLI0103;2023-09-25;11;1;4
CLI0103;2023-10-02;10;5;2
CLI0103;2023-10-09;6;5;3
CLI0103;2023-10-16;6;3;4
CLI0103;2023-10-23;8;5;8
CLI0103;2023-10-30;3;5;6
CLI0103;2023-11-06;9;1;7
CLI0103;2023-11-13;6;2;5
CLI0103;2023-11-20;6;1;3
CLI0103;2023-11-27;7;4;2
CLI0103;2023-12-04;8;4;7
CLI0103;2023-12-11;5;4;3
CLI0103;2023-12-18;7;3;5
CLI0103;2023-12-25;10;1;4
CLI0103;2024-01-01;9;2;3
CLI0103;2024-01-08;9;5;8
CLI0103;2024-01-15;4;4;8
CLI0103;2024-01-22;4;3;7
CLI0103;2024-01-29;4;4;8
CLI0103;2024-02-05;3;2;4
CLI0103;2024-02-12;5;5;6
CLI0103;2024-02-19;9;4;2
CLI0103;2024-02-26;10;4;5
CLI0103;2024-03-04;3;3;5
CLI0103;2024-03-11;7;1;6
CLI0103;2024-03-18;10;5;4
CLI0103;2024-03-25;10;3;8
CLI0103;2024-04-01;11;3;2
CLI0103;2024-04-08;5;4;6
CLI0103;2024-04-15;9;1;3
CLI0103;2024-04-22;3;3;7
CLI0103;2024-04-29;12;3;3
CLI0103;2024-05-06;11;5;7
CLI0103;2024-05-13;10;4;2
CLI0103;2024-05-20;10;3;2
CLI0103;2024-05-27;4;4;5
CLI0103;2024-06-03;8;1;6
CLI0103;2024-06-10;8;3;5
CLI0103;2024-06-17;8;3;8
CLI0103;2024-06-24;3;5;4
CLI0103;2024-07-01;5;3;4
CLI0103;2024-07-08;9;1;5
CLI0103;2024-07-15;8;3;7
CLI0103;2024-07-22;3;5;2
CLI0103;2024-07-29;8;1;6
CLI0103;2024-08-05;9;2;3
CLI0103;2024-08-12;4;5;2
CLI0103;2024-08-19;5;2;7
CLI0103;2024-08-26;10;4;4
CLI0103;2024-09-02;8;4;7
CLI0103;2024-09-09;12;2;8
CLI0103;2024-09-16;11;5;5
CLI0103;2024-09-23;3;1;4
CLI0103;2024-09-30;8;1;3
CLI0103;2024-10-07;12;1;5
CLI0103;2024-10-14;11;1;4
CLI0103;2024-10-21;7;4;5
CLI0103;2024-10-28;3;2;7
CLI0103;2024-11-04;7;1;8
CLI0103;2024-11-11;9;1;8
CLI0103;2024-11-18;6;5;4
CLI0103;2024-11-25;7;5;6
CLI0103;2024-12-02;11;2;7
CLI0103;2024-12-09;3;3;6
CLI0103;2024-12-16;10;2;8
CLI0104;2024-03-23;11;1;6
CLI0104;2024-03-30;9;2;7
CLI0104;2024-04-06;7;3;2
CLI0104;2024-04-13;9;2;2
CLI0104;2024-04-20;9;2;4
CLI0104;2024-04-27;7;4;6
CLI0104;2024-05-04;8;1;3
CLI0104;2024-05-11;6;1;7
CLI0104;2024-05-18;8;2;2
CLI0104;2024-05-25;12;3;7
CLI0104;2024-06-01;12;4;6
CLI0104;2024-06-08;9;5;4
CLI0104;2024-06-15;11;4;5
CLI0104;2024-06-22;11;1;4
CLI0104;2024-06-29;8;3;4
CLI0104;2024-07-06;10;2;5
CLI0104;2024-07-13;10;2;6
CLI0104;2024-07-20;5;4;4
CLI0104;2024-07-27;9;1;7
CLI0104;2024-08-03;12;1;7
CLI0104;2024-08-10;10;5;4
CLI0104;2024-08-17;4;2;7
CLI0104;2024-08-24;11;3;4
CLI0104;2024-08-31;7;3;5
CLI0104;2024-09-07;10;1;3
CLI0104;2024-09-14;12;5;3
CLI0104;2024-09-21;12;3;6
CLI0104;2024-09-28;9;4;8
CLI0104;2024-10-05;3;3;6
CLI0104;2024-10-12;10;2;5
CLI0104;2024-10-19;11;2;5
CLI0104;2024-10-26;12;1;2
CLI0104;2024-11-02;9;2;3
CLI0104;2024-11-09;4;5;4
CLI0104;2024-11-16;5;2;8
CLI0104;2024-11-23;9;5;5
CLI0104;2024-11-30;8;2;5
CLI0104;2024-12-07;12;3;4
CLI0104;2024-12-14;8;1;7
CLI0104;2024-12-21;8;5;6
CLI0105;2024-06-29;10;3;8
CLI0105;2024-07-06;10;2;8
CLI0105;2024-07-13;5;4;4
CLI0105;2024-07-20;3;5;8
CLI0105;2024-07-27;8;4;7
CLI0105;2024-08-03;1;0;1
CLI0105;2024-08-10;3;1;1
CLI0105;2024-08-17;2;0;2
CLI0105;2024-08-24;0;1;0
CLI0106;2023-05-22;12;5;7
CLI0106;2023-05-29;9;1;4
CLI0106;2023-06-05;12;2;3
CLI0106;2023-06-12;12;4;7
CLI0106;2023-06-19;4;3;2
CLI0106;2023-06-26;12;4;6
CLI0106;2023-07-03;11;2;8
CLI0106;2023-07-10;5;4;4
CLI0106;2023-07-17;6;2;5
CLI0106;2023-07-24;6;3;3
CLI0106;2023-07-31;7;1;2
CLI0106;2023-08-07;6;5;5
CLI0106;2023-08-14;10;2;7
CLI0106;2023-08-21;12;4;3
CLI0106;2023-08-28;5;4;6
CLI0106;2023-09-04;4;5;8
CLI0106;2023-09-11;8;2;3
CLI0106;2023-09-18;10;1;2
CLI0106;2023-09-25;3;4;8
CLI0106;2023-10-02;11;4;8
CLI0106;2023-10-09;9;1;8
CLI0106;2023-10-16;9;3;7
CLI0106;2023-10-23;11;1;7
CLI0106;2023-10-30;12;5;7
CLI0106;2023-11-06;3;4;5
CLI0106;2023-11-13;3;3;8
CLI0106;2023-11-20;9;1;4
CLI0106;2023-11-27;9;5;7
CLI0106;2023-12-04;10;4;8
CLI0106;2023-12-11;4;1;3
CLI0106;2023-12-18;7;5;8
CLI0106;2023-12-25;4;2;4
CLI0106;2024-01-01;9;3;3
CLI0106;2024-01-08;6;4;3
CLI0106;2024-01-15;7;1;4
CLI0106;2024-01-22;4;4;7
CLI0106;2024-01-29;10;2;8
CLI0106;2024-02-05;7;3;4
CLI0106;2024-02-12;10;3;8
CLI0106;2024-02-19;10;3;6
CLI0106;2024-02-26;7;5;2
CLI0106;2024-03-04;5;2;6
CLI0106;2024-03-11;7;1;3
CLI0106;2024-03-18;8;5;4
CLI0106;2024-03-25;7;3;7
CLI0106;2024-04-01;5;5;7
CLI0106;2024-04-08;7;4;7
CLI0106;2024-04-15;10;3;3
CLI0106;2024-04-22;5;2;6
CLI0106;2024-04-29;7;4;4
CLI0106;2024-05-06;6;1;8
CLI0106;2024-05-13;6;5;4
CLI0106;2024-05-20;5;5;2
CLI0106;2024-05-27;7;3;7
CLI0106;2024-06-03;11;5;5
CLI0106;2024-06-10;10;5;3
CLI0106;2024-06-17;8;2;6
CLI0106;2024-06-24;11;3;6
CLI0106;2024-07-01;8;4;8
CLI0106;2024-07-08;10;2;8
CLI0106;2024-07-15;11;4;3
CLI0106;2024-07-22;10;4;2
CLI0106;2024-07-29;4;3;3
CLI0106;2024-08-05;7;2;3
CLI0106;2024-08-12;5;3;6
CLI0106;2024-08-19;4;2;4
CLI0106;2024-08-26;10;4;6
CLI0106;2024-09-02;3;5;3
CLI0106;2024-09-09;6;3;7
CLI0106;2024-09-16;3;4;7
CLI0106;2024-09-23;4;3;6
CLI0106;2024-09-30;4;3;6
CLI0106;2024-10-07;11;5;8
CLI0106;2024-10-14;4;1;5
CLI0106;2024-10-21;12;5;3
CLI0106;2024-10-28;6;3;8
CLI0106;2024-11-04;5;2;3
CLI0106;2024-11-11;10;2;2
CLI0106;2024-11-18;12;3;6
CLI0106;2024-11-25;7;1;7
CLI0106;2024-12-02;6;1;3
CLI0106;2024-12-09;11;3;2
CLI0106;2024-12-16;6;2;3
CLI0106;2024-12-23;12;5;5
CLI0107;2024-04-20;4;2;5
CLI0107;2024-04-27;1;1;0
CLI0107;2024-05-04;3;0;0
CLI0107;2024-05-11;3;1;0
CLI0107;2024-05-18;3;1;1
CLI0108;2024-08-05;6;5;8
CLI0108;2024-08-12;12;4;2
CLI0108;2024-08-19;7;4;6
CLI0108;2024-08-26;7;4;7
CLI0108;2024-09-02;5;3;6
CLI0108;2024-09-09;3;1;1
CLI0108;2024-09-16;2;0;2
CLI0108;2024-09-23;3;0;1
CLI0108;2024-09-30;2;1;1
CLI0109;2023-11-13;10;1;4
CLI0109;2023-11-20;11;4;5
CLI0109;2023-11-27;5;2;2
CLI0109;2023-12-04;9;3;2
CLI0109;2023-12-11;10;3;7
CLI0109;2023-12-18;11;2;3
CLI0109;2023-12-25;4;2;3
CLI0109;2024-01-01;7;5;4
CLI0109;2024-01-08;8;5;5
CLI0109;2024-01-15;4;3;6
CLI0109;2024-01-22;6;5;7
CLI0109;2024-01-29;5;3;3
CLI0109;2024-02-05;6;4;8
CLI0109;2024-02-12;5;2;6
CLI0109;2024-02-19;5;3;6
CLI0109;2024-02-26;10;5;8
CLI0109;2024-03-04;9;3;3
CLI0109;2024-03-11;7;4;8
CLI0109;2024-03-18;7;3;3
CLI0109;2024-03-25;7;3;7
CLI0109;2024-04-01;8;3;5
CLI0109;2024-04-08;7;4;6
CLI0109;2024-04-15;9;4;2
CLI0109;2024-04-22;9;1;5
CLI0109;2024-04-29;8;2;5
CLI0109;2024-05-06;7;1;8
CLI0109;2024-05-13;6;2;7
CLI0109;2024-05-20;7;3;8
CLI0109;2024-05-27;8;1;4
CLI0109;2024-06-03;9;4;4
CLI0109;2024-06-10;11;5;7
CLI0109;2024-06-17;6;2;6
CLI0109;2024-06-24;11;4;8
CLI0109;2024-07-01;7;1;2
CLI0109;2024-07-08;6;2;4
CLI0109;2024-07-15;10;5;5
CLI0109;2024-07-22;3;4;7
CLI0109;2024-07-29;10;2;4
CLI0109;2024-08-05;12;5;5
CLI0109;2024-08-12;3;1;2
CLI0109;2024-08-19;8;3;6
CLI0109;2024-08-26;8;4;4
CLI0109;2024-09-02;4;4;3
CLI0109;2024-09-09;4;3;8
CLI0109;2024-09-16;9;2;8
CLI0109;2024-09-23;5;5;4
CLI0109;2024-09-30;12;2;6
CLI0109;2024-10-07;4;4;3
CLI0109;2024-10-14;8;5;6
CLI0109;2024-10-21;7;5;6
CLI0109;2024-10-28;7;1;3
CLI0109;2024-11-04;4;3;8
CLI0109;2024-11-11;8;4;7
CLI0109;2024-11-18;6;2;4
CLI0109;2024-11-25;10;2;5
CLI0109;2024-12-02;8;3;3
CLI0109;2024-12-09;7;3;6
CLI0109;2024-12-16;3;2;2
CLI0109;2024-12-23;9;4;5
CLI0110;2024-05-13;8;1;6
CLI0110;2024-05-20;9;1;6
CLI0110;2024-05-27;8;5;5
CLI0110;2024-06-03;7;5;4
CLI0110;2024-06-10;4;1;6
CLI0110;2024-06-17;4;5;8
CLI0110;2024-06-24;4;5;3
CLI0110;2024-07-01;11;1;6
CLI0110;2024-07-08;10;5;7
CLI0110;2024-07-15;6;1;8
CLI0110;2024-07-22;9;3;5
CLI0110;2024-07-29;10;2;7
CLI0110;2024-08-05;8;1;3
CLI0110;2024-08-12;12;3;5
CLI0110;2024-08-19;11;4;2
CLI0110;2024-08-26;9;5;4
CLI0110;2024-09-02;3;5;8
CLI0110;2024-09-09;9;1;2
CLI0110;2024-09-16;6;3;5
CLI0110;2024-09-23;5;3;8
CLI0110;2024-09-30;6;5;7
CLI0110;2024-10-07;8;5;5
CLI0110;2024-10-14;6;5;4
CLI0110;2024-10-21;12;2;3
CLI0110;2024-10-28;5;2;4
CLI0110;2024-11-04;5;1;2
CLI0110;2024-11-11;11;5;8
CLI0110;2024-11-18;3;2;6
CLI0110;2024-11-25;8;1;4
CLI0110;2024-12-02;8;2;7
CLI0110;2024-12-09;6;2;4
CLI0111;2023-06-17;8;1;3
CLI0111;2023-06-24;10;1;8
CLI0111;2023-07-01;9;1;5
CLI0111;2023-07-08;6;4;2
CLI0111;2023-07-15;10;4;5
CLI0111;2023-07-22;6;2;8
CLI0111;2023-07-29;9;5;8
CLI0111;2023-08-05;4;1;3
CLI0111;2023-08-12;11;5;7
CLI0111;2023-08-19;11;1;3
CLI0111;2023-08-26;6;1;5
CLI0111;2023-09-02;12;3;7
CLI0111;2023-09-09;8;4;3
CLI0111;2023-09-16;6;1;8
CLI0111;2023-09-23;11;3;5
CLI0111;2023-09-30;7;5;2
CLI0111;2023-10-07;10;1;2
CLI0111;2023-10-14;9;4;5
CLI0111;2023-10-21;4;3;4
CLI0111;2023-10-28;7;1;5
CLI0111;2023-11-04;7;2;7
CLI0111;2023-11-11;4;4;5
CLI0111;2023-11-18;3;3;7
CLI0111;2023-11-25;8;1;3
CLI0111;2023-12-02;6;2;6
CLI0111;2023-12-09;3;2;6
CLI0111;2023-12-16;5;2;7
CLI0111;2023-12-23;10;1;2
CLI0111;2023-12-30;12;2;8
CLI0111;2024-01-06;7;3;6
CLI0111;2024-01-13;9;2;5
CLI0111;2024-01-20;5;2;6
CLI0111;2024-01-27;5;2;4
CLI0111;2024-02-03;4;2;2
CLI0111;2024-02-10;10;2;4
CLI0111;2024-02-17;9;3;8
CLI0111;2024-02-24;7;5;4
CLI0111;2024-03-02;3;1;4
CLI0111;2024-03-09;3;4;2
CLI0111;2024-03-16;5;4;2
CLI0111;2024-03-23;11;4;8
CLI0111;2024-03-30;12;5;3
CLI0111;2024-04-06;5;1;2
CLI0111;2024-04-13;8;2;2
CLI0111;2024-04-20;9;1;2
CLI0111;2024-04-27;10;4;5
CLI0111;2024-05-04;11;4;3
CLI0111;2024-05-11;12;1;4
CLI0111;2024-05-18;10;4;4
CLI0111;2024-05-25;5;3;7
CLI0111;2024-06-01;11;3;6
CLI0111;2024-06-08;4;4;5
CLI0111;2024-06-15;12;2;3
CLI0111;2024-06-22;6;5;3
CLI0111;2024-06-29;5;2;7
CLI0111;2024-07-06;4;1;7
CLI0111;2024-07-13;9;3;6
CLI0111;2024-07-20;4;2;3
CLI0111;2024-07-27;7;2;7
CLI0111;2024-08-03;7;3;7
CLI0111;2024-08-10;10;5;6
CLI0111;2024-08-17;11;5;4
CLI0111;2024-08-24;5;3;5
CLI0111;2024-08-31;8;2;6
CLI0111;2024-09-07;3;4;7
CLI0111;2024-09-14;3;2;3
CLI0111;2024-09-21;3;2;7
CLI0111;2024-09-28;3;2;3
CLI0111;2024-10-05;9;3;2
CLI0111;2024-10-12;12;4;5
CLI0111;2024-10-19;8;2;7
CLI0111;2024-10-26;12;4;5
CLI0111;2024-11-02;6;4;6
CLI0111;2024-11-09;7;5;5
CLI0111;2024-11-16;4;3;7
CLI0111;2024-11-23;11;3;4
CLI0111;2024-11-30;5;3;4
CLI0111;2024-12-07;10;5;5
CLI0111;2024-12-14;4;3;8
CLI0111;2024-12-21;11;3;2
CLI0112;2024-01-10;5;1;3
CLI0112;2024-01-17;10;1;2
CLI0112;2024-01-24;11;3;3
CLI0112;2024-01-31;8;3;5
CLI0112;2024-02-07;9;5;2
CLI0112;2024-02-14;11;2;5
CLI0112;2024-02-21;11;2;3
CLI0112;2024-02-28;6;1;3
CLI0112;2024-03-06;8;5;6
CLI0112;2024-03-13;5;5;8
CLI0112;2024-03-20;11;5;2
CLI0112;2024-03-27;11;3;6
CLI0112;2024-04-03;6;5;3
CLI0112;2024-04-10;8;2;2
CLI0112;2024-04-17;5;5;3
CLI0112;2024-04-24;5;5;6
CLI0112;2024-05-01;9;2;4
CLI0112;2024-05-08;3;4;4
CLI0112;2024-05-15;9;5;5
CLI0112;2024-05-22;10;4;4
CLI0112;2024-05-29;5;3;2
CLI0112;2024-06-05;4;3;7
CLI0112;2024-06-12;11;3;3
CLI0112;2024-06-19;12;5;2
CLI0112;2024-06-26;3;4;3
CLI0112;2024-07-03;5;4;8
CLI0112;2024-07-10;5;2;5
CLI0112;2024-07-17;5;4;5
CLI0112;2024-07-24;12;2;3
CLI0112;2024-07-31;8;1;3
CLI0112;2024-08-07;7;2;5
CLI0112;2024-08-14;4;5;7
CLI0112;2024-08-21;5;2;5
CLI0112;2024-08-28;5;3;8
CLI0112;2024-09-04;8;1;7
CLI0112;2024-09-11;4;5;4
CLI0112;2024-09-18;11;1;8
CLI0112;2024-09-25;12;4;3
CLI0112;2024-10-02;10;3;8
CLI0112;2024-10-09;4;5;7
CLI0112;2024-10-16;12;4;3
CLI0112;2024-10-23;4;3;4
CLI0112;2024-10-30;3;4;8
CLI0112;2024-11-06;7;1;7
CLI0112;2024-11-13;10;4;6
CLI0112;2024-11-20;5;4;8
CLI0112;2024-11-27;7;2;6
CLI0112;2024-12-04;4;1;7
CLI0112;2024-12-11;12;5;8
CLI0113;2024-01-07;9;4;2
CLI0113;2024-01-14;4;3;8
CLI0113;2024-01-21;7;3;7
CLI0113;2024-01-28;11;3;5
CLI0113;2024-02-04;7;3;2
CLI0113;2024-02-11;0;0;2
CLI0113;2024-02-18;3;0;1
CLI0113;2024-02-25;3;0;1
CLI0113;2024-03-03;2;0;0
CLI0114;2024-05-14;11;4;2
CLI0114;2024-05-21;12;1;6
CLI0114;2024-05-28;4;5;2
CLI0114;2024-06-04;4;2;4
CLI0114;2024-06-11;12;5;5
CLI0114;2024-06-18;9;1;4
CLI0114;2024-06-25;10;4;6
CLI0114;2024-07-02;11;1;5
CLI0114;2024-07-09;9;1;3
CLI0114;2024-07-16;12;2;2
CLI0114;2024-07-23;8;1;4
CLI0114;2024-07-30;9;1;7
CLI0114;2024-08-06;10;3;4
CLI0114;2024-08-13;8;3;3
CLI0114;2024-08-20;7;4;8
CLI0114;2024-08-27;3;3;5
CLI0114;2024-09-03;7;2;3
CLI0114;2024-09-10;11;5;7
CLI0114;2024-09-17;8;4;8
CLI0114;2024-09-24;8;2;8
CLI0114;2024-10-01;10;1;4
CLI0114;2024-10-08;8;5;6
CLI0114;2024-10-15;6;3;8
CLI0114;2024-10-22;7;1;7
CLI0114;2024-10-29;4;4;4
CLI0114;2024-11-05;12;4;7
CLI0114;2024-11-12;5;4;3
CLI0114;2024-11-19;7;4;4
CLI0114;2024-11-26;8;4;4
CLI0114;2024-12-03;5;2;4
CLI0114;2024-12-10;3;1;3
CLI0115;2024-08-18;11;3;8
CLI0115;2024-08-25;11;5;3
CLI0115;2024-09-01;9;5;7
CLI0115;2024-09-08;4;2;2
CLI0115;2024-09-15;4;5;7
CLI0115;2024-09-22;9;3;3
CLI0115;2024-09-29;8;5;4
CLI0115;2024-10-06;9;2;5
CLI0115;2024-10-13;4;3;6
CLI0115;2024-10-20;12;1;4
CLI0115;2024-10-27;6;4;8
CLI0115;2024-11-03;3;2;6
CLI0115;2024-11-10;5;3;2
CLI0115;2024-11-17;10;2;8
CLI0115;2024-11-24;6;2;3
CLI0115;2024-12-01;10;2;3
CLI0115;2024-12-08;3;3;3
CLI0116;2023-01-22;9;5;6
CLI0116;2023-01-29;12;2;5
CLI0116;2023-02-05;5;5;6
CLI0116;2023-02-12;9;5;5
CLI0116;2023-02-19;7;3;8
CLI0116;2023-02-26;7;4;4
CLI0116;2023-03-05;8;2;4
CLI0116;2023-03-12;11;3;2
CLI0116;2023-03-19;5;3;8
CLI0116;2023-03-26;6;5;6
CLI0116;2023-04-02;5;1;8
CLI0116;2023-04-09;11;4;6
CLI0116;2023-04-16;8;1;8
CLI0116;2023-04-23;12;2;7
CLI0116;2023-04-30;8;5;8
CLI0116;2023-05-07;6;4;4
CLI0116;2023-05-14;12;1;5
CLI0116;2023-05-21;12;4;5
CLI0116;2023-05-28;12;4;2
CLI0116;2023-06-04;5;1;6
CLI0116;2023-06-11;10;5;7
CLI0116;2023-06-18;3;3;5
CLI0116;2023-06-25;5;1;7
CLI0116;2023-07-02;8;1;7
CLI0116;2023-07-09;7;5;4
CLI0116;2023-07-16;3;5;5
CLI0116;2023-07-23;9;2;5
CLI0116;2023-07-30;6;4;4
CLI0116;2023-08-06;11;3;4
CLI0116;2023-08-13;6;5;8
CLI0116;2023-08-20;11;4;3
CLI0116;2023-08-27;11;5;4
CLI0116;2023-09-03;3;5;2
CLI0116;2023-09-10;8;5;2
CLI0116;2023-09-17;4;5;2
CLI0116;2023-09-24;11;4;7
CLI0116;2023-10-01;5;2;3
CLI0116;2023-10-08;12;2;8
CLI0116;2023-10-15;5;1;7
CLI0116;2023-10-22;10;1;4
CLI0116;2023-10-29;4;1;5
CLI0116;2023-11-05;12;4;8
CLI0116;2023-11-12;9;4;7
CLI0116;2023-11-19;10;2;8
CLI0116;2023-11-26;8;2;2
CLI0116;2023-12-03;7;3;3
CLI0116;2023-12-10;9;3;5
CLI0116;2023-12-17;4;2;4
CLI0116;2023-12-24;9;2;3
CLI0116;2023-12-31;8;1;4
CLI0116;2024-01-07;10;1;6
CLI0116;2024-01-14;7;1;6
CLI0116;2024-01-21;3;5;2
CLI0116;2024-01-28;8;1;3
CLI0116;2024-02-04;3;5;2
CLI0116;2024-02-11;3;3;5
CLI0116;2024-02-18;7;1;8
CLI0116;2024-02-25;12;5;4
CLI0116;2024-03-03;4;2;3
CLI0116;2024-03-10;12;4;3
CLI0116;2024-03-17;11;2;4
CLI0116;2024-03-24;4;2;6
CLI0116;2024-03-31;8;5;3
CLI0116;2024-04-07;10;2;6
CLI0116;2024-04-14;5;4;2
CLI0116;2024-04-21;12;1;6
CLI0116;2024-04-28;4;3;4
CLI0116;2024-05-05;4;3;7
CLI0116;2024-05-12;5;5;6
CLI0116;2024-05-19;5;1;5
CLI0116;2024-05-26;6;5;3
CLI0116;2024-06-02;12;3;5
CLI0116;2024-06-09;11;4;8
CLI0116;2024-06-16;10;1;7
CLI0116;2024-06-23;11;1;4
CLI0116;2024-06-30;6;3;3
CLI0116;2024-07-07;6;4;3
CLI0116;2024-07-14;9;1;4
CLI0116;2024-07-21;3;4;8
CLI0116;2024-07-28;12;1;8
CLI0116;2024-08-04;11;1;7
CLI0116;2024-08-11;8;5;6
CLI0116;2024-08-18;12;5;6
CLI0116;2024-08-25;9;5;7
CLI0116;2024-09-01;6;3;4
CLI0116;2024-09-08;5;4;8
CLI0116;2024-09-15;6;3;7
CLI0116;2024-09-22;9;4;5
CLI0116;2024-09-29;9;1;5
CLI0116;2024-10-06;3;4;2
CLI0116;2024-10-13;8;5;5
CLI0116;2024-10-20;12;4;4
CLI0116;2024-10-27;10;3;8
CLI0116;2024-11-03;3;5;8
CLI0116;2024-11-10;3;2;2
CLI0116;2024-11-17;7;5;7
CLI0116;2024-11-24;12;5;3
CLI0116;2024-12-01;8;1;6
CLI0116;2024-12-08;3;1;4
CLI0116;2024-12-15;9;2;4
CLI0117;2024-07-04;11;5;8
CLI0117;2024-07-11;5;5;4
CLI0117;2024-07-18;3;2;2
CLI0117;2024-07-25;10;2;3
CLI0117;2024-08-01;8;1;7
CLI0117;2024-08-08;6;4;3
CLI0117;2024-08-15;12;5;2
CLI0117;2024-08-22;3;4;3
CLI0117;2024-08-29;4;3;2
CLI0117;2024-09-05;6;3;3
CLI0117;2024-09-12;9;2;4
CLI0117;2024-09-19;9;1;3
CLI0117;2024-09-26;5;5;3
CLI0117;2024-10-03;12;3;5
CLI0117;2024-10-10;3;0;0
CLI0117;2024-10-17;2;1;2
CLI0117;2024-10-24;0;1;2
CLI0117;2024-10-31;2;1;1
CLI0118;2023-07-14;3;4;2
CLI0118;2023-07-21;10;2;7
CLI0118;2023-07-28;6;1;7
CLI0118;2023-08-04;4;1;3
CLI0118;2023-08-11;10;1;3
CLI0118;2023-08-18;11;3;3
CLI0118;2023-08-25;7;4;4
CLI0118;2023-09-01;11;3;4
CLI0118;2023-09-08;12;3;2
CLI0118;2023-09-15;4;4;8
CLI0118;2023-09-22;6;1;6
CLI0118;2023-09-29;10;2;3
CLI0118;2023-10-06;11;1;5
CLI0118;2023-10-13;10;1;2
CLI0118;2023-10-20;6;1;8
CLI0118;2023-10-27;9;2;2
CLI0118;2023-11-03;4;2;5
CLI0118;2023-11-10;12;3;5
CLI0118;2023-11-17;5;4;6
CLI0118;2023-11-24;3;5;8
CLI0118;2023-12-01;6;2;7
CLI0118;2023-12-08;8;1;6
CLI0118;2023-12-15;3;2;4
CLI0118;2023-12-22;7;2;4
CLI0118;2023-12-29;10;2;7
CLI0118;2024-01-05;3;4;5
CLI0118;2024-01-12;5;3;6
CLI0118;2024-01-19;4;2;3
CLI0118;2024-01-26;6;3;7
CLI0118;2024-02-02;10;1;8
CLI0118;2024-02-09;10;1;8
CLI0118;2024-02-16;6;5;6
CLI0118;2024-02-23;7;5;3
CLI0118;2024-03-01;5;5;4
CLI0118;2024-03-08;3;1;7
CLI0118;2024-03-15;4;4;6
CLI0118;2024-03-22;11;1;6
CLI0118;2024-03-29;5;3;4
CLI0118;2024-04-05;3;2;2
CLI0118;2024-04-12;6;1;5
CLI0118;2024-04-19;3;5;2
CLI0118;2024-04-26;9;5;2
CLI0118;2024-05-03;6;1;6
CLI0118;2024-05-10;11;1;2
CLI0118;2024-05-17;10;5;7
CLI0118;2024-05-24;9;3;7
CLI0118;2024-05-31;12;4;5
CLI0118;2024-06-07;6;4;6
CLI0118;2024-06-14;7;3;7
CLI0118;2024-06-21;10;4;3
CLI0118;2024-06-28;10;5;4
CLI0118;2024-07-05;6;2;4
CLI0118;2024-07-12;5;4;4
CLI0118;2024-07-19;5;3;7
CLI0118;2024-07-26;3;4;8
CLI0118;2024-08-02;7;2;2
CLI0118;2024-08-09;10;4;7
CLI0118;2024-08-16;11;2;5
CLI0118;2024-08-23;5;3;3
CLI0118;2024-08-30;9;4;5
CLI0118;2024-09-06;10;4;5
CLI0118;2024-09-13;9;4;4
CLI0118;2024-09-20;8;3;7
CLI0118;2024-09-27;9;2;7
CLI0118;2024-10-04;11;2;3
CLI0118;2024-10-11;6;2;6
CLI0118;2024-10-18;6;5;4
CLI0118;2024-10-25;10;5;8
CLI0118;2024-11-01;9;3;7
CLI0118;2024-11-08;7;2;5
CLI0118;2024-11-15;5;4;2
CLI0118;2024-11-22;11;4;4
CLI0118;2024-11-29;12;4;2
CLI0118;2024-12-06;6;2;4
CLI0119;2024-07-18;10;1;7
CLI0119;2024-07-25;6;4;6
CLI0119;2024-08-01;5;3;7
CLI0119;2024-08-08;12;2;7
CLI0119;2024-08-15;9;5;8
CLI0119;2024-08-22;6;2;5
CLI0119;2024-08-29;8;4;3
CLI0119;2024-09-05;5;4;4
CLI0119;2024-09-12;12;5;6
CLI0119;2024-09-19;3;1;8
CLI0119;2024-09-26;4;1;2
CLI0119;2024-10-03;3;1;4
CLI0119;2024-10-10;4;3;4
CLI0119;2024-10-17;6;2;3
CLI0119;2024-10-24;7;1;4
CLI0119;2024-10-31;12;3;6
CLI0119;2024-11-07;10;4;4
CLI0119;2024-11-14;5;3;4
CLI0119;2024-11-21;4;5;3
CLI0119;2024-11-28;5;2;5
CLI0119;2024-12-05;4;5;6
CLI0119;2024-12-12;9;2;6
CLI0119;2024-12-19;11;4;7
CLI0120;2023-10-15;5;4;2
CLI0120;2023-10-22;3;2;5
CLI0120;2023-10-29;10;4;5
CLI0120;2023-11-05;5;1;6
CLI0120;2023-11-12;8;4;6
CLI0120;2023-11-19;12;2;5
CLI0120;2023-11-26;3;4;7
CLI0120;2023-12-03;12;3;4
CLI0120;2023-12-10;4;3;2
CLI0120;2023-12-17;5;2;6
CLI0120;2023-12-24;7;4;3
CLI0120;2023-12-31;4;2;7
CLI0120;2024-01-07;8;3;7
CLI0120;2024-01-14;4;3;6
CLI0120;2024-01-21;10;1;6
CLI0120;2024-01-28;12;4;3
CLI0120;2024-02-04;8;3;3
CLI0120;2024-02-11;11;3;6
CLI0120;2024-02-18;3;4;4
CLI0120;2024-02-25;5;1;7
CLI0120;2024-03-03;6;3;4
CLI0120;2024-03-10;10;4;4
CLI0120;2024-03-17;3;3;7
CLI0120;2024-03-24;10;1;4
CLI0120;2024-03-31;11;1;3
CLI0120;2024-04-07;12;1;7
CLI0120;2024-04-14;12;1;4
CLI0120;2024-04-21;9;2;5
CLI0120;2024-04-28;9;4;2
CLI0120;2024-05-05;7;4;4
CLI0120;2024-05-12;8;5;8
CLI0120;2024-05-19;9;4;7
CLI0120;2024-05-26;8;2;4
CLI0120;2024-06-02;7;5;3
CLI0120;2024-06-09;10;3;4
CLI0120;2024-06-16;4;4;7
CLI0120;2024-06-23;4;3;8
CLI0120;2024-06-30;11;1;2
CLI0120;2024-07-07;5;1;3
CLI0120;2024-07-14;4;2;4
CLI0120;2024-07-21;4;2;6
CLI0120;2024-07-28;6;1;8
CLI0120;2024-08-04;4;1;7
CLI0120;2024-08-11;3;3;8
CLI0120;2024-08-18;12;1;3
CLI0120;2024-08-25;12;4;7
CLI0120;2024-09-01;8;1;6
CLI0120;2024-09-08;4;1;7
CLI0120;2024-09-15;5;2;7
CLI0120;2024-09-22;4;2;2
CLI0120;2024-09-29;4;1;5
CLI0120;2024-10-06;6;2;2
CLI0120;2024-10-13;4;4;4
CLI0120;2024-10-20;11;2;5
CLI0120;2024-10-27;6;4;6
CLI0120;2024-11-03;5;4;4
CLI0120;2024-11-10;12;1;5
CLI0120;2024-11-17;5;5;2
CLI0120;2024-11-24;4;2;3
CLI0120;2024-12-01;7;2;6
CLI0120;2024-12-08;12;2;7
CLI0121;2023-05-07;8;2;3
CLI0121;2023-05-14;9;5;4
CLI0121;2023-05-21;12;4;6
CLI0121;2023-05-28;7;2;5
CLI0121;2023-06-04;7;3;7
CLI0121;2023-06-11;6;5;2
CLI0121;2023-06-18;7;3;8
CLI0121;2023-06-25;5;1;2
CLI0121;2023-07-02;4;4;4
CLI0121;2023-07-09;3;5;8
CLI0121;2023-07-16;9;1;7
CLI0121;2023-07-23;10;1;7
CLI0121;2023-07-30;4;3;6
CLI0121;2023-08-06;8;5;7
CLI0121;2023-08-13;4;5;4
CLI0121;2023-08-20;8;4;4
CLI0121;2023-08-27;10;3;5
CLI0121;2023-09-03;7;4;4
CLI0121;2023-09-10;11;2;3
CLI0121;2023-09-17;12;2;2
CLI0121;2023-09-24;8;4;5
CLI0121;2023-10-01;10;3;8
CLI0121;2023-10-08;9;4;8
CLI0121;2023-10-15;10;4;3
CLI0121;2023-10-22;5;4;5
CLI0121;2023-10-29;3;2;8
CLI0121;2023-11-05;8;4;8
CLI0121;2023-11-12;5;4;4
CLI0121;2023-11-19;3;4;8
CLI0121;2023-11-26;5;2;6
CLI0121;2023-12-03;5;2;2
CLI0121;2023-12-10;3;4;5
CLI0121;2023-12-17;5;3;4
CLI0121;2023-12-24;6;1;5
CLI0121;2023-12-31;9;2;4
CLI0121;2024-01-07;11;3;3
CLI0121;2024-01-14;6;4;6
CLI0121;2024-01-21;10;4;5
CLI0121;2024-01-28;5;4;7
CLI0121;2024-02-04;3;3;2
CLI0121;2024-02-11;4;3;7
CLI0121;2024-02-18;10;5;4
CLI0121;2024-02-25;5;2;6
CLI0121;2024-03-03;10;2;5
CLI0121;2024-03-10;10;1;4
CLI0121;2024-03-17;5;3;7
CLI0121;2024-03-24;7;5;5
CLI0121;2024-03-31;12;1;6
CLI0121;2024-04-07;5;5;4
CLI0121;2024-04-14;8;3;8
CLI0121;2024-04-21;5;3;6
CLI0121;2024-04-28;10;1;2
CLI0121;2024-05-05;10;3;5
CLI0121;2024-05-12;6;2;4
CLI0121;2024-05-19;6;3;7
CLI0121;2024-05-26;10;3;6
CLI0121;2024-06-02;8;5;8
CLI0121;2024-06-09;8;2;3
CLI0121;2024-06-16;8;5;3
CLI0121;2024-06-23;12;5;3
CLI0121;2024-06-30;6;4;6
CLI0121;2024-07-07;10;1;4
CLI0121;2024-07-14;11;1;5
CLI0121;2024-07-21;5;5;4
CLI0121;2024-07-28;4;5;5
CLI0121;2024-08-04;10;5;7
CLI0121;2024-08-11;7;1;5
CLI0121;2024-08-18;9;2;8
CLI0121;2024-08-25;7;2;4
CLI0121;2024-09-01;3;4;3
CLI0121;2024-09-08;6;1;4
CLI0121;2024-09-15;8;5;5
CLI0121;2024-09-22;11;2;8
CLI0121;2024-09-29;7;3;5
CLI0121;2024-10-06;8;5;6
CLI0121;2024-10-13;6;2;6
CLI0121;2024-10-20;12;1;4
CLI0121;2024-10-27;3;2;6
CLI0121;2024-11-03;11;3;3
CLI0121;2024-11-10;9;4;7
CLI0121;2024-11-17;3;3;4
CLI0121;2024-11-24;6;2;4
CLI0121;2024-12-01;3;1;7
CLI0121;2024-12-08;9;1;4
CLI0121;2024-12-15;10;2;5
CLI0121;2024-12-22;9;5;3
CLI0122;2024-08-31;10;3;3
CLI0122;2024-09-07;12;4;4
CLI0122;2024-09-14;5;5;3
CLI0122;2024-09-21;8;1;2
CLI0122;2024-09-28;3;3;6
CLI0122;2024-10-05;10;3;3
CLI0122;2024-10-12;8;4;6
CLI0122;2024-10-19;3;4;7
CLI0122;2024-10-26;8;4;3
CLI0122;2024-11-02;8;5;8
CLI0122;2024-11-09;3;3;4
CLI0122;2024-11-16;12;5;2
CLI0122;2024-11-23;11;1;7
CLI0122;2024-11-30;5;4;2
CLI0122;2024-12-07;4;2;3
CLI0122;2024-12-14;4;5;3
CLI0122;2024-12-21;6;1;8
CLI0123;2024-01-04;8;1;5
CLI0123;2024-01-11;9;5;2
CLI0123;2024-01-18;11;4;7
CLI0123;2024-01-25;9;2;6
CLI0123;2024-02-01;4;2;5
CLI0123;2024-02-08;5;1;8
CLI0123;2024-02-15;7;2;3
CLI0123;2024-02-22;3;5;2
CLI0123;2024-02-29;3;2;5
CLI0123;2024-03-07;3;1;3
CLI0123;2024-03-14;6;2;8
CLI0123;2024-03-21;5;5;4
CLI0123;2024-03-28;8;4;8
CLI0123;2024-04-04;9;1;6
CLI0123;2024-04-11;7;4;2
CLI0123;2024-04-18;9;5;2
CLI0123;2024-04-25;3;2;6
CLI0123;2024-05-02;3;2;3
CLI0123;2024-05-09;12;4;2
CLI0123;2024-05-16;8;1;6
CLI0123;2024-05-23;8;5;8
CLI0123;2024-05-30;5;4;3
CLI0123;2024-06-06;5;5;2
CLI0123;2024-06-13;12;3;4
CLI0123;2024-06-20;11;3;6
CLI0123;2024-06-27;9;2;8
CLI0123;2024-07-04;6;5;4
CLI0123;2024-07-11;8;2;4
CLI0123;2024-07-18;7;4;2
CLI0123;2024-07-25;7;4;2
CLI0123;2024-08-01;10;5;7
CLI0123;2024-08-08;11;4;3
CLI0123;2024-08-15;5;1;2
CLI0123;2024-08-22;9;1;7
CLI0123;2024-08-29;6;2;8
CLI0123;2024-09-05;12;3;8
CLI0123;2024-09-12;6;5;8
CLI0123;2024-09-19;7;3;5
CLI0123;2024-09-26;3;2;6
CLI0123;2024-10-03;7;2;6
CLI0123;2024-10-10;3;3;2
CLI0123;2024-10-17;6;2;8
CLI0123;2024-10-24;8;2;5
CLI0123;2024-10-31;9;3;5
CLI0123;2024-11-07;9;5;8
CLI0123;2024-11-14;5;4;5
CLI0123;2024-11-21;11;5;4
CLI0123;2024-11-28;6;1;6
CLI0123;2024-12-05;4;1;8
CLI0123;2024-12-12;3;5;2
CLI0124;2023-01-12;9;5;3
CLI0124;2023-01-19;4;1;4
CLI0124;2023-01-26;6;2;5
CLI0124;2023-02-02;8;1;4
CLI0124;2023-02-09;9;1;4
CLI0124;2023-02-16;3;1;4
CLI0124;2023-02-23;5;3;5
CLI0124;2023-03-02;6;1;7
CLI0124;2023-03-09;3;4;3
CLI0124;2023-03-16;3;1;2
CLI0124;2023-03-23;6;4;8
CLI0124;2023-03-30;12;5;4
CLI0124;2023-04-06;7;1;7
CLI0124;2023-04-13;12;4;2
CLI0124;2023-04-20;5;2;2
CLI0124;2023-04-27;9;4;2
CLI0124;2023-05-04;3;4;5
CLI0124;2023-05-11;10;4;3
CLI0124;2023-05-18;3;5;2
CLI0124;2023-05-25;4;3;7
CLI0124;2023-06-01;7;4;3
CLI0124;2023-06-08;7;1;7
CLI0124;2023-06-15;7;2;3
CLI0124;2023-06-22;10;1;7
CLI0124;2023-06-29;3;5;8
CLI0124;2023-07-06;9;5;7
CLI0124;2023-07-13;10;2;7
CLI0124;2023-07-20;3;3;4
CLI0124;2023-07-27;4;5;4
CLI0124;2023-08-03;10;4;6
CLI0124;2023-08-10;5;3;7
CLI0124;2023-08-17;8;5;6
CLI0124;2023-08-24;5;3;7
CLI0124;2023-08-31;8;4;3
CLI0124;2023-09-07;12;4;4
CLI0124;2023-09-14;10;3;8
CLI0124;2023-09-21;7;2;8
CLI0124;2023-09-28;10;5;5
CLI0124;2023-10-05;8;4;2
CLI0124;2023-10-12;12;3;3
CLI0124;2023-10-19;8;3;7
CLI0124;2023-10-26;10;4;8
CLI0124;2023-11-02;11;2;2
CLI0124;2023-11-09;8;5;8
CLI0124;2023-11-16;5;5;4
CLI0124;2023-11-23;11;2;8
CLI0124;2023-11-30;12;2;8
CLI0124;2023-12-07;6;4;2
CLI0124;2023-12-14;9;1;6
CLI0124;2023-12-21;11;1;6
CLI0124;2023-12-28;4;5;2
CLI0124;2024-01-04;7;5;7
CLI0124;2024-01-11;5;2;7
CLI0124;2024-01-18;8;4;2
CLI0124;2024-01-25;8;3;6
CLI0124;2024-02-01;9;5;7
CLI0124;2024-02-08;9;2;6
CLI0124;2024-02-15;8;4;7
CLI0124;2024-02-22;4;2;7
CLI0124;2024-02-29;10;2;8
CLI0124;2024-03-07;6;1;8
CLI0124;2024-03-14;11;1;5
CLI0124;2024-03-21;5;1;7
CLI0124;2024-03-28;7;2;8
CLI0124;2024-04-04;9;3;8
CLI0124;2024-04-11;6;5;7
CLI0124;2024-04-18;4;2;2
CLI0124;2024-04-25;3;1;4
CLI0124;2024-05-02;4;2;3
CLI0124;2024-05-09;4;1;4
CLI0124;2024-05-16;10;1;5
CLI0124;2024-05-23;8;4;2
CLI0124;2024-05-30;12;3;4
CLI0124;2024-06-06;9;3;3
CLI0124;2024-06-13;7;4;6
CLI0124;2024-06-20;12;4;7
CLI0124;2024-06-27;12;5;2
CLI0124;2024-07-04;10;1;5
CLI0124;2024-07-11;8;3;2
CLI0124;2024-07-18;7;4;8
CLI0124;2024-07-25;9;5;8
CLI0124;2024-08-01;4;4;7
CLI0124;2024-08-08;12;5;4
CLI0124;2024-08-15;10;1;5
CLI0124;2024-08-22;3;4;8
CLI0124;2024-08-29;4;4;4
CLI0124;2024-09-05;11;1;2
CLI0124;2024-09-12;6;1;5
CLI0124;2024-09-19;9;3;3
CLI0124;2024-09-26;12;4;2
CLI0124;2024-10-03;8;3;6
CLI0124;2024-10-10;10;2;6
CLI0124;2024-10-17;9;1;2
CLI0124;2024-10-24;5;5;8
CLI0124;2024-10-31;3;5;5
CLI0124;2024-11-07;4;5;3
CLI0124;2024-11-14;10;3;7
CLI0124;2024-11-21;12;4;8
CLI0124;2024-11-28;11;1;4
CLI0124;2024-12-05;12;1;7
CLI0124;2024-12-12;11;4;3
CLI0125;2024-04-07;12;3;5
CLI0125;2024-04-14;4;2;8
CLI0125;2024-04-21;4;2;5
CLI0125;2024-04-28;10;2;2
CLI0125;2024-05-05;9;2;8
CLI0125;2024-05-12;9;1;4
CLI0125;2024-05-19;5;2;4
CLI0125;2024-05-26;12;4;3
CLI0125;2024-06-02;10;1;2
CLI0125;2024-06-09;5;2;3
CLI0125;2024-06-16;12;5;2
CLI0125;2024-06-23;10;4;4
CLI0125;2024-06-30;9;1;7
CLI0125;2024-07-07;11;3;7
CLI0125;2024-07-14;11;1;5
CLI0125;2024-07-21;10;1;4
CLI0125;2024-07-28;9;5;7
CLI0125;2024-08-04;9;1;2
CLI0125;2024-08-11;4;3;7
CLI0125;2024-08-18;8;4;5
CLI0125;2024-08-25;11;2;3
CLI0125;2024-09-01;4;1;3
CLI0125;2024-09-08;4;5;3
CLI0125;2024-09-15;6;4;7
CLI0125;2024-09-22;11;3;6
CLI0125;2024-09-29;7;4;2
CLI0125;2024-10-06;5;5;5
CLI0125;2024-10-13;4;5;2
CLI0125;2024-10-20;6;2;3
CLI0125;2024-10-27;7;2;7
CLI0125;2024-11-03;9;1;4
CLI0125;2024-11-10;3;5;8
CLI0125;2024-11-17;3;1;6
CLI0125;2024-11-24;7;5;6
CLI0125;2024-12-01;3;3;8
CLI0125;2024-12-08;5;3;3
CLI0125;2024-12-15;10;2;3
CLI0126;2024-05-01;9;5;7
CLI0126;2024-05-08;11;1;3
CLI0126;2024-05-15;5;5;3
CLI0126;2024-05-22;4;4;6
CLI0126;2024-05-29;4;5;3
CLI0126;2024-06-05;6;4;8
CLI0126;2024-06-12;8;2;8
CLI0126;2024-06-19;7;4;2
CLI0126;2024-06-26;9;1;8
CLI0126;2024-07-03;8;4;2
CLI0126;2024-07-10;6;3;5
CLI0126;2024-07-17;10;5;8
CLI0126;2024-07-24;6;2;5
CLI0126;2024-07-31;12;5;5
CLI0126;2024-08-07;5;2;6
CLI0126;2024-08-14;11;3;5
CLI0126;2024-08-21;4;4;6
CLI0126;2024-08-28;3;4;2
CLI0126;2024-09-04;11;1;7
CLI0126;2024-09-11;5;1;4
CLI0126;2024-09-18;7;4;4
CLI0126;2024-09-25;10;3;4
CLI0126;2024-10-02;11;5;4
CLI0126;2024-10-09;7;4;6
CLI0126;2024-10-16;10;4;8
CLI0126;2024-10-23;12;5;7
CLI0126;2024-10-30;12;5;7
CLI0126;2024-11-06;12;2;5
CLI0126;2024-11-13;8;1;7
CLI0126;2024-11-20;10;3;6
CLI0126;2024-11-27;11;5;7
CLI0126;2024-12-04;4;3;7
CLI0126;2024-12-11;7;3;8
CLI0126;2024-12-18;7;5;6
CLI0127;2023-08-22;12;2;4
CLI0127;2023-08-29;7;2;8
CLI0127;2023-09-05;8;5;7
CLI0127;2023-09-12;9;3;4
CLI0127;2023-09-19;12;4;7
CLI0127;2023-09-26;6;5;8
CLI0127;2023-10-03;5;3;3
CLI0127;2023-10-10;8;5;6
CLI0127;2023-10-17;8;2;8
CLI0127;2023-10-24;10;5;6
CLI0127;2023-10-31;5;1;7
CLI0127;2023-11-07;7;2;3
CLI0127;2023-11-14;12;3;3
CLI0127;2023-11-21;10;3;3
CLI0127;2023-11-28;2;1;2
CLI0127;2023-12-05;2;1;1
CLI0127;2023-12-12;3;0;0
CLI0127;2023-12-19;2;1;0
CLI0128;2023-09-16;9;1;2
CLI0128;2023-09-23;6;3;5
CLI0128;2023-09-30;10;5;6
CLI0128;2023-10-07;7;5;6
CLI0128;2023-10-14;9;2;4
CLI0128;2023-10-21;3;4;7
CLI0128;2023-10-28;10;5;2
CLI0128;2023-11-04;10;4;5
CLI0128;2023-11-11;8;1;3
CLI0128;2023-11-18;1;0;1
CLI0128;2023-11-25;0;0;2
CLI0128;2023-12-02;1;0;0
CLI0128;2023-12-09;3;1;1
CLI0129;2023-05-11;6;1;7
CLI0129;2023-05-18;12;1;2
CLI0129;2023-05-25;4;3;6
CLI0129;2023-06-01;7;3;5
CLI0129;2023-06-08;6;2;3
CLI0129;2023-06-15;12;5;6
CLI0129;2023-06-22;7;5;4
CLI0129;2023-06-29;6;2;2
CLI0129;2023-07-06;11;5;4
CLI0129;2023-07-13;6;2;8
CLI0129;2023-07-20;9;2;6
CLI0129;2023-07-27;12;1;3
CLI0129;2023-08-03;4;5;7
CLI0129;2023-08-10;12;3;8
CLI0129;2023-08-17;10;1;2
CLI0129;2023-08-24;6;4;3
CLI0129;2023-08-31;6;4;6
CLI0129;2023-09-07;5;2;3
CLI0129;2023-09-14;7;1;2
CLI0129;2023-09-21;6;3;5
CLI0129;2023-09-28;12;5;8
CLI0129;2023-10-05;9;4;3
CLI0129;2023-10-12;6;1;8
CLI0129;2023-10-19;4;4;7
CLI0129;2023-10-26;10;4;3
CLI0129;2023-11-02;9;5;8
CLI0129;2023-11-09;9;1;6
CLI0129;2023-11-16;7;2;7
CLI0129;2023-11-23;10;4;8
CLI0129;2023-11-30;11;3;4
CLI0129;2023-12-07;3;4;6
CLI0129;2023-12-14;12;4;8
CLI0129;2023-12-21;10;5;3
CLI0129;2023-12-28;8;2;7
CLI0129;2024-01-04;4;5;8
CLI0129;2024-01-11;9;2;8
CLI0129;2024-01-18;9;2;3
CLI0129;2024-01-25;8;3;5
CLI0129;2024-02-01;7;2;7
CLI0129;2024-02-08;7;2;5
CLI0129;2024-02-15;12;4;2
CLI0129;2024-02-22;12;2;7
CLI0129;2024-02-29;4;4;7
CLI0129;2024-03-07;3;4;6
CLI0129;2024-03-14;8;3;5
CLI0129;2024-03-21;3;4;5
CLI0129;2024-03-28;10;4;2
CLI0129;2024-04-04;9;3;4
CLI0129;2024-04-11;6;3;4
CLI0129;2024-04-18;7;4;3
CLI0129;2024-04-25;5;2;8
CLI0129;2024-05-02;12;5;6
CLI0129;2024-05-09;11;2;8
CLI0129;2024-05-16;3;4;4
CLI0129;2024-05-23;3;2;2
CLI0129;2024-05-30;5;1;6
CLI0129;2024-06-06;11;1;4
CLI0129;2024-06-13;4;5;4
CLI0129;2024-06-20;10;2;4
CLI0129;2024-06-27;5;4;4
CLI0129;2024-07-04;5;2;5
CLI0129;2024-07-11;7;2;6
CLI0129;2024-07-18;4;2;8
CLI0129;2024-07-25;4;5;2
CLI0129;2024-08-01;12;2;4
CLI0129;2024-08-08;11;4;5
CLI0129;2024-08-15;5;2;2
CLI0129;2024-08-22;6;5;7
CLI0129;2024-08-29;4;1;8
CLI0129;2024-09-05;4;3;8
CLI0129;2024-09-12;5;5;2
CLI0129;2024-09-19;10;5;8
CLI0129;2024-09-26;8;2;3
CLI0129;2024-10-03;11;2;3
CLI0129;2024-10-10;3;3;8
CLI0129;2024-10-17;5;3;6
CLI0129;2024-10-24;3;5;6
CLI0129;2024-10-31;3;4;3
CLI0129;2024-11-07;5;1;5
CLI0129;2024-11-14;5;2;3
CLI0129;2024-11-21;12;3;6
CLI0129;2024-11-28;7;4;3
CLI0129;2024-12-05;10;2;7
CLI0129;2024-12-12;4;2;3
CLI0130;2024-09-12;5;1;4
CLI0130;2024-09-19;10;5;8
CLI0130;2024-09-26;10;4;6
CLI0130;2024-10-03;11;4;6
CLI0130;2024-10-10;10;5;4
CLI0130;2024-10-17;12;5;7
CLI0130;2024-10-24;9;3;6
CLI0130;2024-10-31;9;2;6
CLI0130;2024-11-07;10;2;8
CLI0130;2024-11-14;3;2;2
CLI0130;2024-11-21;12;3;8
CLI0130;2024-11-28;7;1;6
CLI0130;2024-12-05;9;4;5
CLI0130;2024-12-12;7;3;2
CLI0131;2023-11-19;5;4;8
CLI0131;2023-11-26;12;2;7
CLI0131;2023-12-03;7;4;3
CLI0131;2023-12-10;5;1;3
CLI0131;2023-12-17;10;3;5
CLI0131;2023-12-24;9;4;7
CLI0131;2023-12-31;10;3;3
CLI0131;2024-01-07;10;2;5
CLI0131;2024-01-14;3;2;3
CLI0131;2024-01-21;4;3;4
CLI0131;2024-01-28;3;3;5
CLI0131;2024-02-04;9;4;2
CLI0131;2024-02-11;12;3;4
CLI0131;2024-02-18;11;5;5
CLI0131;2024-02-25;3;4;2
CLI0131;2024-03-03;8;3;3
CLI0131;2024-03-10;7;5;3
CLI0131;2024-03-17;3;1;3
CLI0131;2024-03-24;11;3;2
CLI0131;2024-03-31;3;5;3
CLI0131;2024-04-07;11;3;2
CLI0131;2024-04-14;10;4;4
CLI0131;2024-04-21;12;4;4
CLI0131;2024-04-28;12;3;4
CLI0131;2024-05-05;8;1;8
CLI0131;2024-05-12;11;5;2
CLI0131;2024-05-19;10;4;5
CLI0131;2024-05-26;11;1;7
CLI0131;2024-06-02;11;5;6
CLI0131;2024-06-09;4;2;8
CLI0131;2024-06-16;9;3;7
CLI0131;2024-06-23;10;3;3
CLI0131;2024-06-30;5;2;2
CLI0131;2024-07-07;12;4;4
CLI0131;2024-07-14;9;2;2
CLI0131;2024-07-21;3;3;2
CLI0131;2024-07-28;5;2;5
CLI0131;2024-08-04;12;2;5
CLI0131;2024-08-11;5;4;6
CLI0131;2024-08-18;12;3;3
CLI0131;2024-08-25;3;1;3
CLI0131;2024-09-01;3;3;7
CLI0131;2024-09-08;10;1;3
CLI0131;2024-09-15;10;2;7
CLI0131;2024-09-22;10;1;2
CLI0131;2024-09-29;10;3;6
CLI0131;2024-10-06;8;4;4
CLI0131;2024-10-13;12;5;6
CLI0131;2024-10-20;8;3;6
CLI0131;2024-10-27;5;5;6
CLI0131;2024-11-03;7;5;8
CLI0131;2024-11-10;6;2;8
CLI0131;2024-11-17;3;4;5
CLI0131;2024-11-24;7;3;6
CLI0131;2024-12-01;7;4;7
CLI0131;2024-12-08;9;1;6
CLI0131;2024-12-15;7;3;2
CLI0132;2023-06-01;10;2;2
CLI0132;2023-06-08;11;5;4
CLI0132;2023-06-15;9;4;5
CLI0132;2023-06-22;12;3;4
CLI0132;2023-06-29;4;2;3
CLI0132;2023-07-06;12;4;7
CLI0132;2023-07-13;4;3;2
CLI0132;2023-07-20;9;4;8
CLI0132;2023-07-27;9;2;5
CLI0132;2023-08-03;10;1;4
CLI0132;2023-08-10;8;1;4
CLI0132;2023-08-17;6;4;5
CLI0132;2023-08-24;9;5;3
CLI0132;2023-08-31;9;4;8
CLI0132;2023-09-07;6;3;3
CLI0132;2023-09-14;12;2;4
CLI0132;2023-09-21;5;5;4
CLI0132;2023-09-28;12;4;8
CLI0132;2023-10-05;4;1;2
CLI0132;2023-10-12;4;1;3
CLI0132;2023-10-19;11;4;5
CLI0132;2023-10-26;4;2;2
CLI0132;2023-11-02;3;4;3
CLI0132;2023-11-09;3;2;4
CLI0132;2023-11-16;8;3;7
CLI0132;2023-11-23;12;1;2
CLI0132;2023-11-30;5;3;4
CLI0132;2023-12-07;4;1;6
CLI0132;2023-12-14;4;1;6
CLI0132;2023-12-21;3;2;8
CLI0132;2023-12-28;5;4;8
CLI0132;2024-01-04;10;1;4
CLI0132;2024-01-11;12;3;6
CLI0132;2024-01-18;11;1;8
CLI0132;2024-01-25;12;3;3
CLI0132;2024-02-01;4;4;6
CLI0132;2024-02-08;7;2;7
CLI0132;2024-02-15;11;1;5
CLI0132;2024-02-22;12;2;7
CLI0132;2024-02-29;7;1;5
CLI0132;2024-03-07;8;2;7
CLI0132;2024-03-14;10;4;4
CLI0132;2024-03-21;11;3;4
CLI0132;2024-03-28;9;4;8
CLI0132;2024-04-04;6;3;7
CLI0132;2024-04-11;8;2;3
CLI0132;2024-04-18;10;2;7
CLI0132;2024-04-25;5;1;2
CLI0132;2024-05-02;3;5;2
CLI0132;2024-05-09;5;1;5
CLI0132;2024-05-16;5;2;7
CLI0132;2024-05-23;4;3;8
CLI0132;2024-05-30;8;3;6
CLI0132;2024-06-06;6;4;5
CLI0132;2024-06-13;9;1;7
CLI0132;2024-06-20;11;5;4
CLI0132;2024-06-27;6;4;7
CLI0132;2024-07-04;3;3;3
CLI0132;2024-07-11;9;2;4
CLI0132;2024-07-18;4;1;2
CLI0132;2024-07-25;7;4;3
CLI0132;2024-08-01;10;4;7
CLI0132;2024-08-08;9;3;5
CLI0132;2024-08-15;5;3;7
CLI0132;2024-08-22;9;3;8
CLI0132;2024-08-29;12;2;2
CLI0132;2024-09-05;5;3;5
CLI0132;2024-09-12;4;4;4
CLI0132;2024-09-19;5;1;3
CLI0132;2024-09-26;6;5;6
CLI0132;2024-10-03;10;3;3
CLI0132;2024-10-10;5;4;2
CLI0132;2024-10-17;3;3;7
CLI0132;2024-10-24;8;5;4
CLI0132;2024-10-31;8;1;2
CLI0132;2024-11-07;10;5;3
CLI0132;2024-11-14;6;2;4
CLI0132;2024-11-21;11;3;6
CLI0132;2024-11-28;9;5;6
CLI0132;2024-12-05;12;5;3
CLI0132;2024-12-12;9;1;5
CLI0132;2024-12-19;12;5;4
CLI0133;2024-07-05;8;1;5
CLI0133;2024-07-12;12;1;5
CLI0133;2024-07-19;9;4;6
CLI0133;2024-07-26;12;2;4
CLI0133;2024-08-02;12;2;5
CLI0133;2024-08-09;7;3;7
CLI0133;2024-08-16;3;2;7
CLI0133;2024-08-23;12;3;5
CLI0133;2024-08-30;7;1;6
CLI0133;2024-09-06;6;1;3
CLI0133;2024-09-13;10;2;5
CLI0133;2024-09-20;3;4;2
CLI0133;2024-09-27;4;3;6
CLI0133;2024-10-04;11;4;2
CLI0133;2024-10-11;11;3;8
CLI0133;2024-10-18;12;1;5
CLI0133;2024-10-25;12;2;6
CLI0133;2024-11-01;11;3;8
CLI0133;2024-11-08;4;2;5
CLI0133;2024-11-15;11;3;3
CLI0133;2024-11-22;11;2;2
CLI0133;2024-11-29;9;1;4
CLI0133;2024-12-06;6;4;2
CLI0133;2024-12-13;4;2;7
CLI0133;2024-12-20;7;2;7
CLI0134;2023-10-27;6;2;4
CLI0134;2023-11-03;4;3;4
CLI0134;2023-11-10;11;5;7
CLI0134;2023-11-17;4;1;3
CLI0134;2023-11-24;4;1;3
CLI0134;2023-12-01;4;3;3
CLI0134;2023-12-08;4;4;4
CLI0134;2023-12-15;4;5;8
CLI0134;2023-12-22;11;4;6
CLI0134;2023-12-29;4;4;7
CLI0134;2024-01-05;12;3;8
CLI0134;2024-01-12;4;3;8
CLI0134;2024-01-19;4;3;3
CLI0134;2024-01-26;9;2;6
CLI0134;2024-02-02;7;1;6
CLI0134;2024-02-09;4;1;3
CLI0134;2024-02-16;5;3;3
CLI0134;2024-02-23;11;5;3
CLI0134;2024-03-01;10;3;2
CLI0134;2024-03-08;8;4;8
CLI0134;2024-03-15;9;1;8
CLI0134;2024-03-22;11;4;3
CLI0134;2024-03-29;5;2;6
CLI0134;2024-04-05;10;5;7
CLI0134;2024-04-12;4;2;8
CLI0134;2024-04-19;10;5;8
CLI0134;2024-04-26;10;4;4
CLI0134;2024-05-03;8;2;2
CLI0134;2024-05-10;3;4;3
CLI0134;2024-05-17;3;5;4
CLI0134;2024-05-24;3;3;7
CLI0134;2024-05-31;8;4;7
CLI0134;2024-06-07;3;3;8
CLI0134;2024-06-14;10;1;3
CLI0134;2024-06-21;4;5;6
CLI0134;2024-06-28;11;1;6
CLI0134;2024-07-05;5;4;5
CLI0134;2024-07-12;11;5;7
CLI0134;2024-07-19;8;1;6
CLI0134;2024-07-26;3;3;3
CLI0134;2024-08-02;7;5;8
CLI0134;2024-08-09;9;3;2
CLI0134;2024-08-16;4;1;4
CLI0134;2024-08-23;5;3;8
CLI0134;2024-08-30;9;2;4
CLI0134;2024-09-06;8;4;2
CLI0134;2024-09-13;11;3;2
CLI0134;2024-09-20;10;3;7
CLI0134;2024-09-27;7;4;2
CLI0134;2024-10-04;3;3;4
CLI0134;2024-10-11;5;1;8
CLI0134;2024-10-18;5;5;6
CLI0134;2024-10-25;12;1;4
CLI0134;2024-11-01;4;1;4
CLI0134;2024-11-08;8;3;2
CLI0134;2024-11-15;5;5;3
CLI0134;2024-11-22;12;1;3
CLI0134;2024-11-29;3;3;4
CLI0134;2024-12-06;11;5;8
CLI0134;2024-12-13;4;5;6
CLI0135;2024-07-13;4;4;8
CLI0135;2024-07-20;3;3;5
CLI0135;2024-07-27;4;3;4
CLI0135;2024-08-03;3;2;2
CLI0135;2024-08-10;4;5;2
CLI0135;2024-08-17;4;4;2
CLI0135;2024-08-24;10;3;5
CLI0135;2024-08-31;11;1;4
CLI0135;2024-09-07;5;5;6
CLI0135;2024-09-14;6;1;4
CLI0135;2024-09-21;5;2;7
CLI0135;2024-09-28;12;1;7
CLI0135;2024-10-05;3;4;3
CLI0135;2024-10-12;5;2;7
CLI0135;2024-10-19;11;2;5
CLI0135;2024-10-26;3;5;4
CLI0135;2024-11-02;12;2;5
CLI0135;2024-11-09;11;2;2
CLI0135;2024-11-16;9;2;6
CLI0135;2024-11-23;9;2;8
CLI0135;2024-11-30;11;3;4
CLI0135;2024-12-07;5;4;6
CLI0135;2024-12-14;9;5;4
CLI0136;2023-10-03;9;3;7
CLI0136;2023-10-10;12;4;2
CLI0136;2023-10-17;4;4;6
CLI0136;2023-10-24;6;3;7
CLI0136;2023-10-31;5;5;3
CLI0136;2023-11-07;12;1;7
CLI0136;2023-11-14;6;2;7
CLI0136;2023-11-21;3;2;3
CLI0136;2023-11-28;3;1;7
CLI0136;2023-12-05;9;2;3
CLI0136;2023-12-12;7;1;6
CLI0136;2023-12-19;3;2;7
CLI0136;2023-12-26;4;1;5
CLI0136;2024-01-02;4;3;3
CLI0136;2024-01-09;10;2;3
CLI0136;2024-01-16;4;3;4
CLI0136;2024-01-23;9;4;7
CLI0136;2024-01-30;11;3;5
CLI0136;2024-02-06;6;2;3
CLI0136;2024-02-13;9;3;3
CLI0136;2024-02-20;6;4;5
CLI0136;2024-02-27;7;4;2
CLI0136;2024-03-05;7;1;5
CLI0136;2024-03-12;10;2;2
CLI0136;2024-03-19;3;4;6
CLI0136;2024-03-26;7;2;5
CLI0136;2024-04-02;4;3;3
CLI0136;2024-04-09;7;3;3
CLI0136;2024-04-16;9;1;5
CLI0136;2024-04-23;11;1;6
CLI0136;2024-04-30;10;3;4
CLI0136;2024-05-07;6;4;3
CLI0136;2024-05-14;7;4;5
CLI0136;2024-05-21;7;2;5
CLI0136;2024-05-28;6;4;3
CLI0136;2024-06-04;3;2;7
CLI0136;2024-06-11;10;4;3
CLI0136;2024-06-18;11;5;7
CLI0136;2024-06-25;5;1;4
CLI0136;2024-07-02;8;5;4
CLI0136;2024-07-09;4;3;8
CLI0136;2024-07-16;11;3;7
CLI0136;2024-07-23;9;1;2
CLI0136;2024-07-30;12;1;3
CLI0136;2024-08-06;7;3;8
CLI0136;2024-08-13;6;5;8
CLI0136;2024-08-20;12;5;8
CLI0136;2024-08-27;11;2;7
CLI0136;2024-09-03;10;5;2
CLI0136;2024-09-10;5;1;4
CLI0136;2024-09-17;11;4;6
CLI0136;2024-09-24;8;1;5
CLI0136;2024-10-01;6;2;2
CLI0136;2024-10-08;7;4;4
CLI0136;2024-10-15;7;5;3
CLI0136;2024-10-22;9;5;6
CLI0136;2024-10-29;12;3;2
CLI0136;2024-11-05;9;4;6
CLI0136;2024-11-12;6;2;4
CLI0136;2024-11-19;3;3;4
CLI0136;2024-11-26;10;2;6
CLI0136;2024-12-03;8;4;3
CLI0137;2024-03-17;4;5;3
CLI0137;2024-03-24;6;4;8
CLI0137;2024-03-31;3;2;5
CLI0137;2024-04-07;9;5;7
CLI0137;2024-04-14;4;1;7
CLI0137;2024-04-21;11;4;7
CLI0137;2024-04-28;5;2;7
CLI0137;2024-05-05;6;2;4
CLI0137;2024-05-12;4;1;4
CLI0137;2024-05-19;3;5;5
CLI0137;2024-05-26;4;3;7
CLI0137;2024-06-02;12;4;3
CLI0137;2024-06-09;4;3;3
CLI0137;2024-06-16;12;1;2
CLI0137;2024-06-23;7;5;6
CLI0137;2024-06-30;6;1;5
CLI0137;2024-07-07;7;5;3
CLI0137;2024-07-14;3;4;8
CLI0137;2024-07-21;6;4;4
CLI0137;2024-07-28;4;1;6
CLI0137;2024-08-04;12;2;6
CLI0137;2024-08-11;7;1;5
CLI0137;2024-08-18;8;3;8
CLI0137;2024-08-25;10;5;7
CLI0137;2024-09-01;5;1;7
CLI0137;2024-09-08;4;5;2
CLI0137;2024-09-15;7;2;3
CLI0137;2024-09-22;5;2;7
CLI0137;2024-09-29;3;2;3
CLI0137;2024-10-06;6;2;3
CLI0137;2024-10-13;7;4;2
CLI0137;2024-10-20;10;2;6
CLI0137;2024-10-27;5;1;2
CLI0137;2024-11-03;6;3;7
CLI0137;2024-11-10;7;4;3
CLI0137;2024-11-17;4;2;5
CLI0137;2024-11-24;9;1;3
CLI0137;2024-12-01;8;1;6
CLI0137;2024-12-08;5;4;2
CLI0137;2024-12-15;4;2;3
CLI0137;2024-12-22;4;2;5
CLI0138;2023-04-22;11;5;7
CLI0138;2023-04-29;11;5;6
CLI0138;2023-05-06;8;4;3
CLI0138;2023-05-13;12;5;7
CLI0138;2023-05-20;12;2;5
CLI0138;2023-05-27;9;2;6
CLI0138;2023-06-03;10;3;4
CLI0138;2023-06-10;7;5;3
CLI0138;2023-06-17;3;2;5
CLI0138;2023-06-24;7;4;8
CLI0138;2023-07-01;11;4;2
CLI0138;2023-07-08;12;1;8
CLI0138;2023-07-15;5;1;3
CLI0138;2023-07-22;11;1;6
CLI0138;2023-07-29;10;4;7
CLI0138;2023-08-05;12;2;2
CLI0138;2023-08-12;11;2;6
CLI0138;2023-08-19;6;2;3
CLI0138;2023-08-26;3;5;8
CLI0138;2023-09-02;12;5;2
CLI0138;2023-09-09;6;5;6
CLI0138;2023-09-16;4;3;6
CLI0138;2023-09-23;11;1;4
CLI0138;2023-09-30;7;3;6
CLI0138;2023-10-07;5;2;2
CLI0138;2023-10-14;9;4;8
CLI0138;2023-10-21;6;2;8
CLI0138;2023-10-28;6;1;6
CLI0138;2023-11-04;5;5;5
CLI0138;2023-11-11;4;4;7
CLI0138;2023-11-18;11;1;7
CLI0138;2023-11-25;8;4;3
CLI0138;2023-12-02;7;3;2
CLI0138;2023-12-09;3;1;8
CLI0138;2023-12-16;3;1;8
CLI0138;2023-12-23;3;1;4
CLI0138;2023-12-30;5;5;2
CLI0138;2024-01-06;4;2;5
CLI0138;2024-01-13;4;4;8
CLI0138;2024-01-20;11;3;2
CLI0138;2024-01-27;12;1;7
CLI0138;2024-02-03;5;3;4
CLI0138;2024-02-10;9;1;8
CLI0138;2024-02-17;11;3;8
CLI0138;2024-02-24;7;3;3
CLI0138;2024-03-02;4;5;8
CLI0138;2024-03-09;5;5;7
CLI0138;2024-03-16;12;5;5
CLI0138;2024-03-23;7;4;6
CLI0138;2024-03-30;4;2;3
CLI0138;2024-04-06;7;5;6
CLI0138;2024-04-13;3;3;5
CLI0138;2024-04-20;10;1;6
CLI0138;2024-04-27;9;4;2
CLI0138;2024-05-04;3;5;2
CLI0138;2024-05-11;3;3;3
CLI0138;2024-05-18;9;3;7
CLI0138;2024-05-25;8;1;4
CLI0138;2024-06-01;11;3;6
CLI0138;2024-06-08;5;4;5
CLI0138;2024-06-15;12;1;3
CLI0138;2024-06-22;9;2;8
CLI0138;2024-06-29;7;5;3
CLI0138;2024-07-06;8;3;7
CLI0138;2024-07-13;3;3;4
CLI0138;2024-07-20;5;5;5
CLI0138;2024-07-27;3;5;7
CLI0138;2024-08-03;3;4;2
CLI0138;2024-08-10;9;2;3
CLI0138;2024-08-17;9;5;8
CLI0138;2024-08-24;12;5;5
CLI0138;2024-08-31;12;3;8
CLI0138;2024-09-07;3;5;8
CLI0138;2024-09-14;11;2;3
CLI0138;2024-09-21;4;1;4
CLI0138;2024-09-28;3;1;8
CLI0138;2024-10-05;9;3;8
CLI0138;2024-10-12;11;1;6
CLI0138;2024-10-19;11;1;4
CLI0138;2024-10-26;7;2;6
CLI0138;2024-11-02;10;4;3
CLI0138;2024-11-09;11;2;5
CLI0138;2024-11-16;6;5;7
CLI0138;2024-11-23;4;4;4
CLI0138;2024-11-30;6;2;7
CLI0138;2024-12-07;4;2;7
CLI0138;2024-12-14;9;5;7
CLI0138;2024-12-21;7;2;6
CLI0139;2024-08-08;7;2;2
CLI0139;2024-08-15;6;4;8
CLI0139;2024-08-22;5;3;7
CLI0139;2024-08-29;11;4;3
CLI0139;2024-09-05;4;3;8
CLI0139;2024-09-12;7;1;5
CLI0139;2024-09-19;3;4;4
CLI0139;2024-09-26;9;2;4
CLI0139;2024-10-03;8;3;8
CLI0139;2024-10-10;3;2;5
CLI0139;2024-10-17;6;3;4
CLI0139;2024-10-24;11;2;4
CLI0139;2024-10-31;6;1;7
CLI0139;2024-11-07;4;4;5
CLI0139;2024-11-14;7;4;8
CLI0139;2024-11-21;7;3;6
CLI0139;2024-11-28;12;5;6
CLI0139;2024-12-05;3;2;7
CLI0139;2024-12-12;4;3;3
CLI0140;2024-07-23;8;2;5
CLI0140;2024-07-30;12;1;7
CLI0140;2024-08-06;8;1;4
CLI0140;2024-08-13;3;3;3
CLI0140;2024-08-20;6;2;3
CLI0140;2024-08-27;8;2;8
CLI0140;2024-09-03;11;3;6
CLI0140;2024-09-10;8;1;5
CLI0140;2024-09-17;6;2;8
CLI0140;2024-09-24;4;1;2
CLI0140;2024-10-01;12;4;6
CLI0140;2024-10-08;10;1;6
CLI0140;2024-10-15;3;5;3
CLI0140;2024-10-22;6;5;2
CLI0140;2024-10-29;6;4;3
CLI0140;2024-11-05;5;4;7
CLI0140;2024-11-12;8;2;2
CLI0140;2024-11-19;9;1;7
CLI0140;2024-11-26;4;1;8
CLI0140;2024-12-03;12;5;5
CLI0140;2024-12-10;8;4;2
CLI0140;2024-12-17;10;5;8
CLI0141;2024-02-21;3;2;3
CLI0141;2024-02-28;3;1;6
CLI0141;2024-03-06;4;3;8
CLI0141;2024-03-13;9;1;6
CLI0141;2024-03-20;5;5;6
CLI0141;2024-03-27;3;2;7
CLI0141;2024-04-03;9;3;5
CLI0141;2024-04-10;10;3;7
CLI0141;2024-04-17;7;5;2
CLI0141;2024-04-24;9;1;6
CLI0141;2024-05-01;6;4;4
CLI0141;2024-05-08;12;3;3
CLI0141;2024-05-15;3;1;4
CLI0141;2024-05-22;12;1;8
CLI0141;2024-05-29;4;5;7
CLI0141;2024-06-05;12;3;2
CLI0141;2024-06-12;11;3;3
CLI0141;2024-06-19;6;4;6
CLI0141;2024-06-26;10;3;8
CLI0141;2024-07-03;3;5;3
CLI0141;2024-07-10;9;2;3
CLI0141;2024-07-17;5;2;6
CLI0141;2024-07-24;12;5;3
CLI0141;2024-07-31;4;2;5
CLI0141;2024-08-07;7;3;4
CLI0141;2024-08-14;9;1;2
CLI0141;2024-08-21;7;1;7
CLI0141;2024-08-28;7;2;6
CLI0141;2024-09-04;11;4;7
CLI0141;2024-09-11;3;3;7
CLI0141;2024-09-18;3;3;3
CLI0141;2024-09-25;10;4;5
CLI0141;2024-10-02;9;1;6
CLI0141;2024-10-09;4;1;7
CLI0141;2024-10-16;5;4;8
CLI0141;2024-10-23;3;1;3
CLI0141;2024-10-30;3;5;3
CLI0141;2024-11-06;8;4;5
CLI0141;2024-11-13;12;1;8
CLI0141;2024-11-20;3;4;3
CLI0141;2024-11-27;10;1;4
CLI0141;2024-12-04;6;1;3
CLI0141;2024-12-11;6;3;4
CLI0141;2024-12-18;8;1;8
CLI0141;2024-12-25;9;5;6
CLI0142;2023-07-07;10;4;8
CLI0142;2023-07-14;11;2;6
CLI0142;2023-07-21;6;5;8
CLI0142;2023-07-28;7;3;7
CLI0142;2023-08-04;3;1;3
CLI0142;2023-08-11;7;5;2
CLI0142;2023-08-18;11;4;8
CLI0142;2023-08-25;6;3;4
CLI0142;2023-09-01;6;4;8
CLI0142;2023-09-08;11;5;3
CLI0142;2023-09-15;9;1;3
CLI0142;2023-09-22;6;3;6
CLI0142;2023-09-29;4;1;2
CLI0142;2023-10-06;8;4;7
CLI0142;2023-10-13;3;5;8
CLI0142;2023-10-20;3;5;4
CLI0142;2023-10-27;12;5;7
CLI0142;2023-11-03;4;3;4
CLI0142;2023-11-10;12;2;2
CLI0142;2023-11-17;10;3;6
CLI0142;2023-11-24;5;4;8
CLI0142;2023-12-01;12;5;6
CLI0142;2023-12-08;9;5;6
CLI0142;2023-12-15;9;3;8
CLI0142;2023-12-22;11;5;8
CLI0142;2023-12-29;12;4;2
CLI0142;2024-01-05;11;3;3
CLI0142;2024-01-12;11;3;6
CLI0142;2024-01-19;9;5;3
CLI0142;2024-01-26;5;3;6
CLI0142;2024-02-02;4;3;2
CLI0142;2024-02-09;11;3;6
CLI0142;2024-02-16;12;2;3
CLI0142;2024-02-23;6;1;3
CLI0142;2024-03-01;6;3;8
CLI0142;2024-03-08;5;4;5
CLI0142;2024-03-15;12;5;2
CLI0142;2024-03-22;9;5;7
CLI0142;2024-03-29;3;5;5
CLI0142;2024-04-05;5;4;7
CLI0142;2024-04-12;4;4;8
CLI0142;2024-04-19;9;1;7
CLI0142;2024-04-26;10;2;7
CLI0142;2024-05-03;6;3;6
CLI0142;2024-05-10;6;5;6
CLI0142;2024-05-17;6;3;7
CLI0142;2024-05-24;12;3;7
CLI0142;2024-05-31;6;5;3
CLI0142;2024-06-07;11;1;8
CLI0142;2024-06-14;7;1;4
CLI0142;2024-06-21;9;1;3
CLI0142;2024-06-28;12;5;5
CLI0142;2024-07-05;8;1;6
CLI0142;2024-07-12;5;4;6
CLI0142;2024-07-19;8;5;7
CLI0142;2024-07-26;5;4;7
CLI0142;2024-08-02;7;1;8
CLI0142;2024-08-09;11;4;6
CLI0142;2024-08-16;9;3;5
CLI0142;2024-08-23;4;2;2
CLI0142;2024-08-30;11;4;8
CLI0142;2024-09-06;9;1;7
CLI0142;2024-09-13;5;2;8
CLI0142;2024-09-20;11;3;6
CLI0142;2024-09-27;8;1;4
CLI0142;2024-10-04;6;3;5
CLI0142;2024-10-11;11;2;3
CLI0142;2024-10-18;12;3;8
CLI0142;2024-10-25;11;3;7
CLI0142;2024-11-01;3;1;8
CLI0142;2024-11-08;5;4;8
CLI0142;2024-11-15;6;1;2
CLI0142;2024-11-22;11;4;6
CLI0142;2024-11-29;9;4;2
CLI0142;2024-12-06;3;1;8
CLI0143;2024-02-01;6;5;4
CLI0143;2024-02-08;3;1;2
CLI0143;2024-02-15;9;5;2
CLI0143;2024-02-22;12;3;2
CLI0143;2024-02-29;7;5;2
CLI0143;2024-03-07;8;1;5
CLI0143;2024-03-14;9;2;8
CLI0143;2024-03-21;11;2;8
CLI0143;2024-03-28;12;4;7
CLI0143;2024-04-04;9;2;2
CLI0143;2024-04-11;8;2;7
CLI0143;2024-04-18;7;3;2
CLI0143;2024-04-25;10;4;5
CLI0143;2024-05-02;12;3;5
CLI0143;2024-05-09;5;1;7
CLI0143;2024-05-16;10;2;7
CLI0143;2024-05-23;9;4;7
CLI0143;2024-05-30;5;5;3
CLI0143;2024-06-06;8;1;6
CLI0143;2024-06-13;4;4;7
CLI0143;2024-06-20;10;4;2
CLI0143;2024-06-27;5;5;7
CLI0143;2024-07-04;12;1;8
CLI0143;2024-07-11;7;1;5
CLI0143;2024-07-18;11;5;4
CLI0143;2024-07-25;4;2;3
CLI0143;2024-08-01;6;4;3
CLI0143;2024-08-08;4;2;4
CLI0143;2024-08-15;8;2;3
CLI0143;2024-08-22;8;4;2
CLI0143;2024-08-29;10;5;2
CLI0143;2024-09-05;10;1;3
CLI0143;2024-09-12;5;1;2
CLI0143;2024-09-19;12;2;2
CLI0143;2024-09-26;9;1;3
CLI0143;2024-10-03;9;2;8
CLI0143;2024-10-10;11;3;3
CLI0143;2024-10-17;10;4;6
CLI0143;2024-10-24;12;3;5
CLI0143;2024-10-31;4;2;3
CLI0143;2024-11-07;10;1;7
CLI0143;2024-11-14;11;3;4
CLI0143;2024-11-21;7;5;2
CLI0143;2024-11-28;5;5;4
CLI0143;2024-12-05;3;2;8
CLI0144;2024-02-10;9;3;4
CLI0144;2024-02-17;3;2;5
CLI0144;2024-02-24;6;3;8
CLI0144;2024-03-02;4;4;5
CLI0144;2024-03-09;11;1;3
CLI0144;2024-03-16;10;4;7
CLI0144;2024-03-23;11;2;3
CLI0144;2024-03-30;4;1;8
CLI0144;2024-04-06;5;1;5
CLI0144;2024-04-13;12;5;8
CLI0144;2024-04-20;5;1;7
CLI0144;2024-04-27;6;3;6
CLI0144;2024-05-04;9;2;6
CLI0144;2024-05-11;11;3;7
CLI0144;2024-05-18;10;5;5
CLI0144;2024-05-25;6;4;8
CLI0144;2024-06-01;6;5;3
CLI0144;2024-06-08;4;5;3
CLI0144;2024-06-15;11;3;5
CLI0144;2024-06-22;3;3;3
CLI0144;2024-06-29;12;4;7
CLI0144;2024-07-06;3;4;8
CLI0144;2024-07-13;12;5;7
CLI0144;2024-07-20;9;4;7
CLI0144;2024-07-27;4;4;5
CLI0144;2024-08-03;3;4;8
CLI0144;2024-08-10;10;2;5
CLI0144;2024-08-17;11;2;8
CLI0144;2024-08-24;3;3;8
CLI0144;2024-08-31;3;4;6
CLI0144;2024-09-07;5;1;7
CLI0144;2024-09-14;5;2;3
CLI0144;2024-09-21;8;3;7
CLI0144;2024-09-28;5;1;5
CLI0144;2024-10-05;8;1;8
CLI0144;2024-10-12;8;5;5
CLI0144;2024-10-19;4;3;5
CLI0144;2024-10-26;12;2;7
CLI0144;2024-11-02;4;5;7
CLI0144;2024-11-09;5;1;6
CLI0144;2024-11-16;5;3;6
CLI0144;2024-11-23;9;4;8
CLI0144;2024-11-30;12;1;6
CLI0144;2024-12-07;12;5;8
CLI0144;2024-12-14;7;2;5
CLI0144;2024-12-21;12;5;6
CLI0145;2023-10-23;3;3;8
CLI0145;2023-10-30;3;5;7
CLI0145;2023-11-06;6;5;5
CLI0145;2023-11-13;12;3;6
CLI0145;2023-11-20;7;2;4
CLI0145;2023-11-27;12;3;8
CLI0145;2023-12-04;12;5;6
CLI0145;2023-12-11;4;1;4
CLI0145;2023-12-18;8;4;7
CLI0145;2023-12-25;11;5;5
CLI0145;2024-01-01;3;4;2
CLI0145;2024-01-08;8;2;3
CLI0145;2024-01-15;11;4;5
CLI0145;2024-01-22;9;4;3
CLI0145;2024-01-29;11;2;2
CLI0145;2024-02-05;12;4;4
CLI0145;2024-02-12;9;1;6
CLI0145;2024-02-19;4;4;5
CLI0145;2024-02-26;12;5;5
CLI0145;2024-03-04;9;5;3
CLI0145;2024-03-11;12;5;5
CLI0145;2024-03-18;11;4;7
CLI0145;2024-03-25;5;2;4
CLI0145;2024-04-01;11;5;3
CLI0145;2024-04-08;10;1;8
CLI0145;2024-04-15;11;3;7
CLI0145;2024-04-22;11;1;5
CLI0145;2024-04-29;5;2;4
CLI0145;2024-05-06;3;3;2
CLI0145;2024-05-13;8;4;5
CLI0145;2024-05-20;12;3;7
CLI0145;2024-05-27;10;5;2
CLI0145;2024-06-03;3;1;3
CLI0145;2024-06-10;7;5;3
CLI0145;2024-06-17;8;3;4
CLI0145;2024-06-24;7;2;6
CLI0145;2024-07-01;9;4;6
CLI0145;2024-07-08;9;2;3
CLI0145;2024-07-15;8;5;4
CLI0145;2024-07-22;5;2;7
CLI0145;2024-07-29;5;5;7
CLI0145;2024-08-05;12;3;8
CLI0145;2024-08-12;9;2;8
CLI0145;2024-08-19;6;5;6
CLI0145;2024-08-26;4;3;5
CLI0145;2024-09-02;5;3;2
CLI0145;2024-09-09;8;2;6
CLI0145;2024-09-16;8;4;3
CLI0145;2024-09-23;8;4;3
CLI0145;2024-09-30;12;2;5
CLI0145;2024-10-07;12;2;8
CLI0145;2024-10-14;6;3;6
CLI0145;2024-10-21;12;3;2
CLI0145;2024-10-28;6;5;2
CLI0145;2024-11-04;11;4;4
CLI0145;2024-11-11;8;1;7
CLI0145;2024-11-18;10;5;4
CLI0145;2024-11-25;9;5;4
CLI0145;2024-12-02;3;5;4
CLI0145;2024-12-09;10;3;8
CLI0145;2024-12-16;7;2;2
CLI0145;2024-12-23;6;3;7
CLI0146;2024-09-30;12;1;8
CLI0146;2024-10-07;4;4;6
CLI0146;2024-10-14;10;2;2
CLI0146;2024-10-21;6;5;8
CLI0146;2024-10-28;8;5;3
CLI0146;2024-11-04;2;0;0
CLI0146;2024-11-11;2;0;1
CLI0146;2024-11-18;2;0;1
CLI0146;2024-11-25;2;1;0
CLI0147;2023-12-01;5;3;6
CLI0147;2023-12-08;6;4;5
CLI0147;2023-12-15;11;1;3
CLI0147;2023-12-22;9;4;8
CLI0147;2023-12-29;8;1;2
CLI0147;2024-01-05;12;3;8
CLI0147;2024-01-12;5;1;4
CLI0147;2024-01-19;4;1;8
CLI0147;2024-01-26;8;2;5
CLI0147;2024-02-02;9;5;6
CLI0147;2024-02-09;4;5;6
CLI0147;2024-02-16;10;5;2
CLI0147;2024-02-23;12;2;8
CLI0147;2024-03-01;10;1;4
CLI0147;2024-03-08;8;2;3
CLI0147;2024-03-15;11;5;6
CLI0147;2024-03-22;8;4;3
CLI0147;2024-03-29;5;3;6
CLI0147;2024-04-05;9;4;2
CLI0147;2024-04-12;8;5;6
CLI0147;2024-04-19;9;4;6
CLI0147;2024-04-26;10;3;4
CLI0147;2024-05-03;5;2;5
CLI0147;2024-05-10;8;5;4
CLI0147;2024-05-17;7;5;7
CLI0147;2024-05-24;8;5;5
CLI0147;2024-05-31;8;3;8
CLI0147;2024-06-07;12;3;3
CLI0147;2024-06-14;11;2;4
CLI0147;2024-06-21;12;1;2
CLI0147;2024-06-28;9;3;2
CLI0147;2024-07-05;5;1;2
CLI0147;2024-07-12;3;2;8
CLI0147;2024-07-19;7;3;7
CLI0147;2024-07-26;6;5;7
CLI0147;2024-08-02;6;1;3
CLI0147;2024-08-09;5;1;8
CLI0147;2024-08-16;8;3;2
CLI0147;2024-08-23;6;1;4
CLI0147;2024-08-30;8;4;2
CLI0147;2024-09-06;11;2;7
CLI0147;2024-09-13;9;5;7
CLI0147;2024-09-20;5;1;4
CLI0147;2024-09-27;7;3;8
CLI0147;2024-10-04;11;5;6
CLI0147;2024-10-11;9;4;6
CLI0147;2024-10-18;12;4;3
CLI0147;2024-10-25;10;2;5
CLI0147;2024-11-01;10;4;7
CLI0147;2024-11-08;7;4;3
CLI0147;2024-11-15;3;2;4
CLI0147;2024-11-22;11;2;4
CLI0147;2024-11-29;7;2;2
CLI0147;2024-12-06;11;2;8
CLI0147;2024-12-13;5;5;8
CLI0147;2024-12-20;4;2;3
CLI0148;2023-03-06;3;3;6
CLI0148;2023-03-13;4;1;5
CLI0148;2023-03-20;3;1;6
CLI0148;2023-03-27;6;4;4
CLI0148;2023-04-03;10;2;3
CLI0148;2023-04-10;11;4;4
CLI0148;2023-04-17;3;5;3
CLI0148;2023-04-24;10;4;6
CLI0148;2023-05-01;4;4;3
CLI0148;2023-05-08;5;3;5
CLI0148;2023-05-15;10;3;4
CLI0148;2023-05-22;8;5;7
CLI0148;2023-05-29;7;4;3
CLI0148;2023-06-05;9;2;8
CLI0148;2023-06-12;12;1;4
CLI0148;2023-06-19;5;5;2
CLI0148;2023-06-26;11;4;5
CLI0148;2023-07-03;11;2;7
CLI0148;2023-07-10;1;1;0
CLI0148;2023-07-17;3;0;2
CLI0148;2023-07-24;3;0;2
CLI0148;2023-07-31;3;0;0
CLI0149;2024-04-13;6;5;7
CLI0149;2024-04-20;12;2;8
CLI0149;2024-04-27;3;3;3
CLI0149;2024-05-04;5;2;6
CLI0149;2024-05-11;12;5;3
CLI0149;2024-05-18;9;2;2
CLI0149;2024-05-25;9;3;7
CLI0149;2024-06-01;12;1;7
CLI0149;2024-06-08;7;2;6
CLI0149;2024-06-15;11;2;3
CLI0149;2024-06-22;5;3;7
CLI0149;2024-06-29;8;2;8
CLI0149;2024-07-06;12;5;3
CLI0149;2024-07-13;8;5;4
CLI0149;2024-07-20;7;4;2
CLI0149;2024-07-27;10;4;7
CLI0149;2024-08-03;10;2;3
CLI0149;2024-08-10;9;3;3
CLI0149;2024-08-17;3;5;4
CLI0149;2024-08-24;7;3;6
CLI0149;2024-08-31;10;5;7
CLI0149;2024-09-07;4;2;5
CLI0149;2024-09-14;12;5;5
CLI0149;2024-09-21;3;2;6
CLI0149;2024-09-28;5;4;2
CLI0149;2024-10-05;5;1;4
CLI0149;2024-10-12;6;5;5
CLI0149;2024-10-19;11;4;7
CLI0149;2024-10-26;4;2;5
CLI0149;2024-11-02;8;2;6
CLI0149;2024-11-09;11;5;3
CLI0149;2024-11-16;5;2;2
CLI0149;2024-11-23;4;2;8
CLI0149;2024-11-30;8;4;7
CLI0149;2024-12-07;3;5;3
CLI0150;2023-06-27;10;5;8
CLI0150;2023-07-04;10;5;6
CLI0150;2023-07-11;11;5;5
CLI0150;2023-07-18;8;2;7
CLI0150;2023-07-25;8;5;4
CLI0150;2023-08-01;5;2;7
CLI0150;2023-08-08;11;4;2
CLI0150;2023-08-15;3;2;2
CLI0150;2023-08-22;7;3;3
CLI0150;2023-08-29;9;1;8
CLI0150;2023-09-05;12;5;4
CLI0150;2023-09-12;4;4;2
CLI0150;2023-09-19;8;2;3
CLI0150;2023-09-26;12;1;2
CLI0150;2023-10-03;1;1;0
CLI0150;2023-10-10;3;0;2
CLI0150;2023-10-17;0;0;1
CLI0150;2023-10-24;1;1;1
CLI0151;2024-06-07;3;5;5
CLI0151;2024-06-14;10;1;3
CLI0151;2024-06-21;12;4;2
CLI0151;2024-06-28;12;1;3
CLI0151;2024-07-05;9;1;7
CLI0151;2024-07-12;1;0;0
CLI0151;2024-07-19;1;0;0
CLI0151;2024-07-26;3;1;1
CLI0151;2024-08-02;1;0;0
CLI0152;2024-09-12;9;4;2
CLI0152;2024-09-19;5;2;2
CLI0152;2024-09-26;4;5;7
CLI0152;2024-10-03;3;4;3
CLI0152;2024-10-10;8;5;8
CLI0152;2024-10-17;10;2;3
CLI0152;2024-10-24;12;2;2
CLI0152;2024-10-31;7;5;3
CLI0152;2024-11-07;9;4;4
CLI0152;2024-11-14;6;5;2
CLI0152;2024-11-21;5;4;7
CLI0152;2024-11-28;7;5;2
CLI0152;2024-12-05;5;3;3
CLI0152;2024-12-12;4;1;4
CLI0152;2024-12-19;3;5;7
CLI0152;2024-12-26;9;5;3
CLI0153;2023-12-12;5;2;6
CLI0153;2023-12-19;7;4;3
CLI0153;2023-12-26;3;5;3
CLI0153;2024-01-02;8;3;7
CLI0153;2024-01-09;9;1;8
CLI0153;2024-01-16;3;2;7
CLI0153;2024-01-23;12;5;4
CLI0153;2024-01-30;5;5;5
CLI0153;2024-02-06;3;1;3
CLI0153;2024-02-13;10;1;3
CLI0153;2024-02-20;7;2;5
CLI0153;2024-02-27;8;5;4
CLI0153;2024-03-05;11;3;5
CLI0153;2024-03-12;7;2;3
CLI0153;2024-03-19;3;3;2
CLI0153;2024-03-26;5;1;3
CLI0153;2024-04-02;10;1;5
CLI0153;2024-04-09;4;3;6
CLI0153;2024-04-16;5;4;3
CLI0153;2024-04-23;11;4;4
CLI0153;2024-04-30;3;2;6
CLI0153;2024-05-07;12;1;5
CLI0153;2024-05-14;4;4;5
CLI0153;2024-05-21;12;1;5
CLI0153;2024-05-28;6;2;3
CLI0153;2024-06-04;7;5;7
CLI0153;2024-06-11;4;3;4
CLI0153;2024-06-18;7;2;8
CLI0153;2024-06-25;3;2;7
CLI0153;2024-07-02;7;1;3
CLI0153;2024-07-09;3;1;2
CLI0153;2024-07-16;12;3;5
CLI0153;2024-07-23;10;5;8
CLI0153;2024-07-30;10;3;5
CLI0153;2024-08-06;7;5;2
CLI0153;2024-08-13;8;4;6
CLI0153;2024-08-20;8;3;4
CLI0153;2024-08-27;9;2;3
CLI0153;2024-09-03;7;4;8
CLI0153;2024-09-10;4;2;8
CLI0153;2024-09-17;7;4;5
CLI0153;2024-09-24;3;1;2
CLI0153;2024-10-01;11;1;8
CLI0153;2024-10-08;4;5;2
CLI0153;2024-10-15;3;2;2
CLI0153;2024-10-22;9;5;3
CLI0153;2024-10-29;4;4;5
CLI0153;2024-11-05;7;1;5
CLI0153;2024-11-12;5;4;6
CLI0153;2024-11-19;3;5;2
CLI0153;2024-11-26;11;1;8
CLI0153;2024-12-03;8;4;2
CLI0153;2024-12-10;5;5;2
CLI0153;2024-12-17;4;3;7
CLI0154;2023-03-04;9;4;2
CLI0154;2023-03-11;6;1;5
CLI0154;2023-03-18;6;3;2
CLI0154;2023-03-25;3;3;4
CLI0154;2023-04-01;11;3;5
CLI0154;2023-04-08;7;2;8
CLI0154;2023-04-15;9;2;2
CLI0154;2023-04-22;6;1;2
CLI0154;2023-04-29;12;4;3
CLI0154;2023-05-06;8;5;8
CLI0154;2023-05-13;11;3;5
CLI0154;2023-05-20;9;4;6
CLI0154;2023-05-27;7;4;2
CLI0154;2023-06-03;6;1;6
CLI0154;2023-06-10;3;3;3
CLI0154;2023-06-17;6;5;5
CLI0154;2023-06-24;5;4;4
CLI0154;2023-07-01;9;4;5
CLI0154;2023-07-08;5;1;4
CLI0154;2023-07-15;12;1;6
CLI0154;2023-07-22;6;2;7
CLI0154;2023-07-29;10;1;2
CLI0154;2023-08-05;3;3;5
CLI0154;2023-08-12;9;4;2
CLI0154;2023-08-19;7;3;7
CLI0154;2023-08-26;12;1;8
CLI0154;2023-09-02;4;1;2
CLI0154;2023-09-09;10;5;5
CLI0154;2023-09-16;10;1;4
CLI0154;2023-09-23;3;1;7
CLI0154;2023-09-30;7;5;3
CLI0154;2023-10-07;11;5;2
CLI0154;2023-10-14;12;3;6
CLI0154;2023-10-21;3;3;3
CLI0154;2023-10-28;4;3;8
CLI0154;2023-11-04;5;1;4
CLI0154;2023-11-11;12;5;6
CLI0154;2023-11-18;3;5;4
CLI0154;2023-11-25;12;4;5
CLI0154;2023-12-02;12;5;5
CLI0154;2023-12-09;6;1;3
CLI0154;2023-12-16;10;5;5
CLI0154;2023-12-23;4;4;5
CLI0154;2023-12-30;12;5;7
CLI0154;2024-01-06;7;1;5
CLI0154;2024-01-13;9;1;3
CLI0154;2024-01-20;6;4;4
CLI0154;2024-01-27;3;4;5
CLI0154;2024-02-03;12;3;3
CLI0154;2024-02-10;6;2;8
CLI0154;2024-02-17;8;4;3
CLI0154;2024-02-24;6;5;7
CLI0154;2024-03-02;12;5;4
CLI0154;2024-03-09;12;5;2
CLI0154;2024-03-16;12;4;8
CLI0154;2024-03-23;3;1;7
CLI0154;2024-03-30;7;2;5
CLI0154;2024-04-06;5;1;3
CLI0154;2024-04-13;10;1;6
CLI0154;2024-04-20;10;5;8
CLI0154;2024-04-27;5;1;2
CLI0154;2024-05-04;9;1;8
CLI0154;2024-05-11;5;1;7
CLI0154;2024-05-18;7;1;8
CLI0154;2024-05-25;11;1;3
CLI0154;2024-06-01;8;5;6
CLI0154;2024-06-08;11;5;6
CLI0154;2024-06-15;12;4;3
CLI0154;2024-06-22;4;1;5
CLI0154;2024-06-29;3;5;6
CLI0154;2024-07-06;12;3;7
CLI0154;2024-07-13;11;1;8
CLI0154;2024-07-20;4;5;5
CLI0154;2024-07-27;7;3;6
CLI0154;2024-08-03;5;2;8
CLI0154;2024-08-10;4;4;4
CLI0154;2024-08-17;11;5;7
CLI0154;2024-08-24;6;5;5
CLI0154;2024-08-31;11;3;5
CLI0154;2024-09-07;3;5;3
CLI0154;2024-09-14;3;1;4
CLI0154;2024-09-21;11;1;5
CLI0154;2024-09-28;10;3;5
CLI0154;2024-10-05;4;2;8
CLI0154;2024-10-12;6;4;6
CLI0154;2024-10-19;4;3;6
CLI0154;2024-10-26;9;1;8
CLI0154;2024-11-02;4;2;6
CLI0154;2024-11-09;10;5;4
CLI0154;2024-11-16;5;5;7
CLI0154;2024-11-23;9;5;6
CLI0154;2024-11-30;5;4;7
CLI0154;2024-12-07;9;5;7
CLI0154;2024-12-14;10;1;4
CLI0154;2024-12-21;3;5;4
CLI0154;2024-12-28;6;1;4
CLI0155;2023-04-01;9;1;5
CLI0155;2023-04-08;11;2;3
CLI0155;2023-04-15;10;3;7
CLI0155;2023-04-22;11;5;3
CLI0155;2023-04-29;8;4;4
CLI0155;2023-05-06;4;4;6
CLI0155;2023-05-13;9;2;4
CLI0155;2023-05-20;3;5;5
CLI0155;2023-05-27;7;5;5
CLI0155;2023-06-03;9;5;3
CLI0155;2023-06-10;7;5;5
CLI0155;2023-06-17;3;3;5
CLI0155;2023-06-24;11;3;3
CLI0155;2023-07-01;4;4;2
CLI0155;2023-07-08;5;5;4
CLI0155;2023-07-15;4;4;3
CLI0155;2023-07-22;5;3;6
CLI0155;2023-07-29;6;4;4
CLI0155;2023-08-05;11;5;3
CLI0155;2023-08-12;3;5;6
CLI0155;2023-08-19;6;3;6
CLI0155;2023-08-26;9;5;7
CLI0155;2023-09-02;11;2;6
CLI0155;2023-09-09;3;4;3
CLI0155;2023-09-16;7;4;5
CLI0155;2023-09-23;5;5;5
CLI0155;2023-09-30;12;5;2
CLI0155;2023-10-07;9;1;6
CLI0155;2023-10-14;4;1;4
CLI0155;2023-10-21;4;2;8
CLI0155;2023-10-28;4;5;8
CLI0155;2023-11-04;6;3;7
CLI0155;2023-11-11;12;2;8
CLI0155;2023-11-18;6;4;2
CLI0155;2023-11-25;6;2;5
CLI0155;2023-12-02;9;1;4
CLI0155;2023-12-09;5;2;2
CLI0155;2023-12-16;7;3;6
CLI0155;2023-12-23;11;1;5
CLI0155;2023-12-30;8;1;3
CLI0155;2024-01-06;8;3;8
CLI0155;2024-01-13;7;4;3
CLI0155;2024-01-20;7;1;6
CLI0155;2024-01-27;4;4;4
CLI0155;2024-02-03;3;2;7
CLI0155;2024-02-10;7;3;2
CLI0155;2024-02-17;12;4;5
CLI0155;2024-02-24;4;4;8
CLI0155;2024-03-02;10;1;8
CLI0155;2024-03-09;11;2;7
CLI0155;2024-03-16;7;5;6
CLI0155;2024-03-23;12;5;7
CLI0155;2024-03-30;3;5;6
CLI0155;2024-04-06;3;4;5
CLI0155;2024-04-13;11;2;2
CLI0155;2024-04-20;7;1;5
CLI0155;2024-04-27;7;4;6
CLI0155;2024-05-04;4;2;8
CLI0155;2024-05-11;8;5;3
CLI0155;2024-05-18;9;4;4
CLI0155;2024-05-25;11;4;6
CLI0155;2024-06-01;11;5;8
CLI0155;2024-06-08;6;5;5
CLI0155;2024-06-15;12;5;5
CLI0155;2024-06-22;7;5;5
CLI0155;2024-06-29;12;3;7
CLI0155;2024-07-06;4;3;4
CLI0155;2024-07-13;12;3;4
CLI0155;2024-07-20;3;1;2
CLI0155;2024-07-27;12;2;7
CLI0155;2024-08-03;12;2;2
CLI0155;2024-08-10;10;3;3
CLI0155;2024-08-17;9;1;4
CLI0155;2024-08-24;4;1;5
CLI0155;2024-08-31;4;4;7
CLI0155;2024-09-07;3;2;8
CLI0155;2024-09-14;12;5;8
CLI0155;2024-09-21;11;4;3
CLI0155;2024-09-28;9;3;3
CLI0155;2024-10-05;9;2;2
CLI0155;2024-10-12;11;5;4
CLI0155;2024-10-19;8;3;6
CLI0155;2024-10-26;3;4;5
CLI0155;2024-11-02;3;1;2
CLI0155;2024-11-09;12;5;4
CLI0155;2024-11-16;5;3;6
CLI0155;2024-11-23;12;3;3
CLI0155;2024-11-30;3;3;5
CLI0155;2024-12-07;9;3;8
CLI0155;2024-12-14;11;5;5
CLI0156;2024-03-17;7;2;2
CLI0156;2024-03-24;7;3;5
CLI0156;2024-03-31;8;4;8
CLI0156;2024-04-07;10;3;6
CLI0156;2024-04-14;3;5;5
CLI0156;2024-04-21;7;3;3
CLI0156;2024-04-28;6;5;8
CLI0156;2024-05-05;12;1;5
CLI0156;2024-05-12;5;2;8
CLI0156;2024-05-19;8;3;8
CLI0156;2024-05-26;9;4;8
CLI0156;2024-06-02;5;2;8
CLI0156;2024-06-09;9;3;7
CLI0156;2024-06-16;7;1;2
CLI0156;2024-06-23;9;3;6
CLI0156;2024-06-30;12;3;3
CLI0156;2024-07-07;3;1;7
CLI0156;2024-07-14;9;2;8
CLI0156;2024-07-21;5;1;3
CLI0156;2024-07-28;5;3;3
CLI0156;2024-08-04;10;4;5
CLI0156;2024-08-11;10;3;5
CLI0156;2024-08-18;5;3;6
CLI0156;2024-08-25;4;4;2
CLI0156;2024-09-01;4;1;3
CLI0156;2024-09-08;7;1;2
CLI0156;2024-09-15;8;5;8
CLI0156;2024-09-22;7;5;8
CLI0156;2024-09-29;11;4;2
CLI0156;2024-10-06;3;5;2
CLI0156;2024-10-13;4;4;6
CLI0156;2024-10-20;11;4;5
CLI0156;2024-10-27;10;5;3
CLI0156;2024-11-03;6;1;3
CLI0156;2024-11-10;12;5;4
CLI0156;2024-11-17;10;1;8
CLI0156;2024-11-24;7;4;3
CLI0156;2024-12-01;9;3;8
CLI0156;2024-12-08;5;4;2
CLI0156;2024-12-15;5;1;3
CLI0157;2023-02-24;10;3;3
CLI0157;2023-03-03;9;3;7
CLI0157;2023-03-10;12;4;8
CLI0157;2023-03-17;11;1;5
CLI0157;2023-03-24;11;3;8
CLI0157;2023-03-31;5;3;4
CLI0157;2023-04-07;11;2;4
CLI0157;2023-04-14;5;1;7
CLI0157;2023-04-21;11;2;6
CLI0157;2023-04-28;8;3;4
CLI0157;2023-05-05;7;1;2
CLI0157;2023-05-12;9;3;4
CLI0157;2023-05-19;8;3;7
CLI0157;2023-05-26;10;3;7
CLI0157;2023-06-02;1;0;2
CLI0157;2023-06-09;1;0;0
CLI0157;2023-06-16;1;0;2
CLI0157;2023-06-23;3;0;2
CLI0158;2024-07-04;12;1;5
CLI0158;2024-07-11;10;4;8
CLI0158;2024-07-18;6;2;7
CLI0158;2024-07-25;7;2;5
CLI0158;2024-08-01;5;1;3
CLI0158;2024-08-08;11;5;5
CLI0158;2024-08-15;5;1;5
CLI0158;2024-08-22;8;1;7
CLI0158;2024-08-29;11;1;8
CLI0158;2024-09-05;4;5;8
CLI0158;2024-09-12;9;2;8
CLI0158;2024-09-19;3;3;4
CLI0158;2024-09-26;6;1;5
CLI0158;2024-10-03;12;2;4
CLI0158;2024-10-10;11;5;8
CLI0158;2024-10-17;5;3;6
CLI0158;2024-10-24;6;3;8
CLI0158;2024-10-31;6;3;2
CLI0158;2024-11-07;3;1;6
CLI0158;2024-11-14;4;4;5
CLI0158;2024-11-21;10;5;4
CLI0158;2024-11-28;11;1;8
CLI0158;2024-12-05;9;3;3
CLI0159;2023-10-13;7;4;2
CLI0159;2023-10-20;11;2;8
CLI0159;2023-10-27;11;3;7
CLI0159;2023-11-03;4;4;6
CLI0159;2023-11-10;12;2;5
CLI0159;2023-11-17;11;1;2
CLI0159;2023-11-24;8;2;7
CLI0159;2023-12-01;12;1;3
CLI0159;2023-12-08;11;4;6
CLI0159;2023-12-15;11;3;8
CLI0159;2023-12-22;11;4;8
CLI0159;2023-12-29;12;5;6
CLI0159;2024-01-05;9;5;6
CLI0159;2024-01-12;11;2;8
CLI0159;2024-01-19;12;1;4
CLI0159;2024-01-26;8;4;6
CLI0159;2024-02-02;5;4;2
CLI0159;2024-02-09;7;4;7
CLI0159;2024-02-16;5;3;5
CLI0159;2024-02-23;6;1;8
CLI0159;2024-03-01;4;5;6
CLI0159;2024-03-08;9;3;3
CLI0159;2024-03-15;7;2;3
CLI0159;2024-03-22;11;2;6
CLI0159;2024-03-29;10;2;6
CLI0159;2024-04-05;6;2;6
CLI0159;2024-04-12;4;2;2
CLI0159;2024-04-19;11;4;2
CLI0159;2024-04-26;9;2;6
CLI0159;2024-05-03;6;2;6
CLI0159;2024-05-10;11;1;7
CLI0159;2024-05-17;12;5;3
CLI0159;2024-05-24;5;2;2
CLI0159;2024-05-31;3;1;2
CLI0159;2024-06-07;5;2;3
CLI0159;2024-06-14;3;1;2
CLI0159;2024-06-21;11;4;5
CLI0159;2024-06-28;9;4;2
CLI0159;2024-07-05;3;1;6
CLI0159;2024-07-12;12;5;8
CLI0159;2024-07-19;10;4;2
CLI0159;2024-07-26;3;5;2
CLI0159;2024-08-02;7;2;4
CLI0159;2024-08-09;9;1;4
CLI0159;2024-08-16;3;2;6
CLI0159;2024-08-23;7;3;7
CLI0159;2024-08-30;6;1;6
CLI0159;2024-09-06;11;1;8
CLI0159;2024-09-13;10;3;5
CLI0159;2024-09-20;11;2;3
CLI0159;2024-09-27;8;3;5
CLI0159;2024-10-04;12;3;8
CLI0159;2024-10-11;4;1;2
CLI0159;2024-10-18;6;1;5
CLI0159;2024-10-25;9;2;2
CLI0159;2024-11-01;8;3;4
CLI0159;2024-11-08;12;4;5
CLI0159;2024-11-15;4;3;2
CLI0159;2024-11-22;3;4;5
CLI0159;2024-11-29;9;4;4
CLI0159;2024-12-06;4;1;2
CLI0159;2024-12-13;9;3;4
CLI0159;2024-12-20;4;1;7
CLI0160;2023-08-19;11;3;2
CLI0160;2023-08-26;9;5;8
CLI0160;2023-09-02;12;3;8
CLI0160;2023-09-09;12;4;2
CLI0160;2023-09-16;11;5;2
CLI0160;2023-09-23;8;5;8
CLI0160;2023-09-30;6;4;5
CLI0160;2023-10-07;11;2;4
CLI0160;2023-10-14;11;2;5
CLI0160;2023-10-21;11;5;6
CLI0160;2023-10-28;12;4;3
CLI0160;2023-11-04;9;5;5
CLI0160;2023-11-11;3;5;3
CLI0160;2023-11-18;11;4;6
CLI0160;2023-11-25;11;5;7
CLI0160;2023-12-02;12;1;5
CLI0160;2023-12-09;11;4;8
CLI0160;2023-12-16;12;1;4
CLI0160;2023-12-23;3;3;8
CLI0160;2023-12-30;12;4;3
CLI0160;2024-01-06;8;4;8
CLI0160;2024-01-13;4;5;5
CLI0160;2024-01-20;9;1;7
CLI0160;2024-01-27;12;2;3
CLI0160;2024-02-03;3;1;3
CLI0160;2024-02-10;9;3;5
CLI0160;2024-02-17;11;5;6
CLI0160;2024-02-24;5;4;2
CLI0160;2024-03-02;7;1;6
CLI0160;2024-03-09;3;5;4
CLI0160;2024-03-16;5;1;8
CLI0160;2024-03-23;10;3;4
CLI0160;2024-03-30;11;3;2
CLI0160;2024-04-06;10;4;5
CLI0160;2024-04-13;7;1;7
CLI0160;2024-04-20;5;4;4
CLI0160;2024-04-27;9;5;3
CLI0160;2024-05-04;4;1;6
CLI0160;2024-05-11;11;2;4
CLI0160;2024-05-18;4;5;7
CLI0160;2024-05-25;12;4;3
CLI0160;2024-06-01;9;3;3
CLI0160;2024-06-08;5;2;6
CLI0160;2024-06-15;10;3;6
CLI0160;2024-06-22;12;1;5
CLI0160;2024-06-29;3;3;7
CLI0160;2024-07-06;8;3;3
CLI0160;2024-07-13;4;5;4
CLI0160;2024-07-20;7;3;5
CLI0160;2024-07-27;3;3;5
CLI0160;2024-08-03;11;2;2
CLI0160;2024-08-10;12;2;3
CLI0160;2024-08-17;8;4;8
CLI0160;2024-08-24;3;5;2
CLI0160;2024-08-31;3;1;7
CLI0160;2024-09-07;9;2;7
CLI0160;2024-09-14;8;4;4
CLI0160;2024-09-21;3;4;3
CLI0160;2024-09-28;6;2;4
CLI0160;2024-10-05;10;2;6
CLI0160;2024-10-12;5;5;6
CLI0160;2024-10-19;8;3;2
CLI0160;2024-10-26;3;1;5
CLI0160;2024-11-02;11;5;3
CLI0160;2024-11-09;5;3;7
CLI0160;2024-11-16;10;2;2
CLI0160;2024-11-23;5;4;2
CLI0160;2024-11-30;9;5;8
CLI0160;2024-12-07;8;1;5
CLI0160;2024-12-14;4;1;8
CLI0161;2023-12-26;4;1;6
CLI0161;2024-01-02;8;1;6
CLI0161;2024-01-09;5;4;8
CLI0161;2024-01-16;4;1;4
CLI0161;2024-01-23;5;4;2
CLI0161;2024-01-30;3;3;3
CLI0161;2024-02-06;10;1;8
CLI0161;2024-02-13;12;2;3
CLI0161;2024-02-20;3;1;5
CLI0161;2024-02-27;4;4;6
CLI0161;2024-03-05;8;1;2
CLI0161;2024-03-12;10;3;7
CLI0161;2024-03-19;4;5;6
CLI0161;2024-03-26;7;5;7
CLI0161;2024-04-02;8;3;3
CLI0161;2024-04-09;5;5;6
CLI0161;2024-04-16;10;4;6
CLI0161;2024-04-23;11;5;3
CLI0161;2024-04-30;9;3;3
CLI0161;2024-05-07;12;3;4
CLI0161;2024-05-14;10;1;5
CLI0161;2024-05-21;4;5;8
CLI0161;2024-05-28;11;2;5
CLI0161;2024-06-04;6;3;8
CLI0161;2024-06-11;11;1;3
CLI0161;2024-06-18;4;1;4
CLI0161;2024-06-25;8;1;3
CLI0161;2024-07-02;8;5;7
CLI0161;2024-07-09;12;4;3
CLI0161;2024-07-16;5;1;5
CLI0161;2024-07-23;7;2;8
CLI0161;2024-07-30;8;4;4
CLI0161;2024-08-06;11;2;4
CLI0161;2024-08-13;5;4;6
CLI0161;2024-08-20;3;4;8
CLI0161;2024-08-27;7;5;5
CLI0161;2024-09-03;3;4;5
CLI0161;2024-09-10;6;5;6
CLI0161;2024-09-17;6;3;4
CLI0161;2024-09-24;11;5;3
CLI0161;2024-10-01;11;3;3
CLI0161;2024-10-08;8;2;5
CLI0161;2024-10-15;7;4;3
CLI0161;2024-10-22;11;1;4
CLI0161;2024-10-29;8;1;5
CLI0161;2024-11-05;10;3;7
CLI0161;2024-11-12;3;4;4
CLI0161;2024-11-19;10;5;4
CLI0161;2024-11-26;8;1;4
CLI0161;2024-12-03;9;2;3
CLI0161;2024-12-10;12;2;7
CLI0161;2024-12-17;3;5;2
CLI0161;2024-12-24;11;3;8
CLI0162;2023-11-29;3;5;2
CLI0162;2023-12-06;6;1;2
CLI0162;2023-12-13;4;4;8
CLI0162;2023-12-20;11;4;2
CLI0162;2023-12-27;12;1;3
CLI0162;2024-01-03;8;3;7
CLI0162;2024-01-10;10;4;2
CLI0162;2024-01-17;5;2;7
CLI0162;2024-01-24;3;4;7
CLI0162;2024-01-31;12;3;3
CLI0162;2024-02-07;8;3;7
CLI0162;2024-02-14;4;2;2
CLI0162;2024-02-21;4;2;3
CLI0162;2024-02-28;10;3;8
CLI0162;2024-03-06;3;0;2
CLI0162;2024-03-13;0;0;0
CLI0162;2024-03-20;2;0;0
CLI0162;2024-03-27;2;0;1
CLI0163;2023-08-08;12;3;5
CLI0163;2023-08-15;12;3;2
CLI0163;2023-08-22;10;3;2
CLI0163;2023-08-29;10;1;8
CLI0163;2023-09-05;10;2;8
CLI0163;2023-09-12;5;4;6
CLI0163;2023-09-19;11;1;4
CLI0163;2023-09-26;12;3;7
CLI0163;2023-10-03;3;2;7
CLI0163;2023-10-10;4;1;2
CLI0163;2023-10-17;9;3;7
CLI0163;2023-10-24;12;2;4
CLI0163;2023-10-31;3;2;7
CLI0163;2023-11-07;12;1;2
CLI0163;2023-11-14;7;3;3
CLI0163;2023-11-21;3;2;5
CLI0163;2023-11-28;3;5;6
CLI0163;2023-12-05;7;1;2
CLI0163;2023-12-12;11;3;7
CLI0163;2023-12-19;12;1;3
CLI0163;2023-12-26;8;5;6
CLI0163;2024-01-02;5;5;4
CLI0163;2024-01-09;8;2;4
CLI0163;2024-01-16;12;3;3
CLI0163;2024-01-23;3;3;5
CLI0163;2024-01-30;4;1;2
CLI0163;2024-02-06;9;4;6
CLI0163;2024-02-13;12;1;7
CLI0163;2024-02-20;3;4;6
CLI0163;2024-02-27;9;5;2
CLI0163;2024-03-05;4;5;5
CLI0163;2024-03-12;10;4;4
CLI0163;2024-03-19;3;2;5
CLI0163;2024-03-26;11;3;7
CLI0163;2024-04-02;5;2;7
CLI0163;2024-04-09;6;5;8
CLI0163;2024-04-16;7;3;6
CLI0163;2024-04-23;8;2;2
CLI0163;2024-04-30;3;4;5
CLI0163;2024-05-07;10;4;8
CLI0163;2024-05-14;5;3;4
CLI0163;2024-05-21;3;2;3
CLI0163;2024-05-28;8;1;2
CLI0163;2024-06-04;10;2;5
CLI0163;2024-06-11;8;3;3
CLI0163;2024-06-18;9;2;4
CLI0163;2024-06-25;4;4;6
CLI0163;2024-07-02;7;2;6
CLI0163;2024-07-09;3;2;7
CLI0163;2024-07-16;12;2;3
CLI0163;2024-07-23;6;3;4
CLI0163;2024-07-30;4;1;2
CLI0163;2024-08-06;3;5;2
CLI0163;2024-08-13;9;1;4
CLI0163;2024-08-20;6;1;7
CLI0163;2024-08-27;11;5;5
CLI0163;2024-09-03;11;3;3
CLI0163;2024-09-10;3;2;2
CLI0163;2024-09-17;4;4;5
CLI0163;2024-09-24;10;2;8
CLI0163;2024-10-01;5;5;2
CLI0163;2024-10-08;7;3;5
CLI0163;2024-10-15;8;5;6
CLI0163;2024-10-22;11;4;4
CLI0163;2024-10-29;12;2;2
CLI0163;2024-11-05;5;5;7
CLI0163;2024-11-12;12;4;4
CLI0163;2024-11-19;5;4;2
CLI0163;2024-11-26;6;2;5
CLI0163;2024-12-03;5;1;7
CLI0164;2023-05-25;4;3;5
CLI0164;2023-06-01;10;1;7
CLI0164;2023-06-08;12;2;2
CLI0164;2023-06-15;10;1;2
CLI0164;2023-06-22;8;2;3
CLI0164;2023-06-29;11;1;3
CLI0164;2023-07-06;6;4;7
CLI0164;2023-07-13;5;1;7
CLI0164;2023-07-20;12;2;2
CLI0164;2023-07-27;8;5;8
CLI0164;2023-08-03;4;5;6
CLI0164;2023-08-10;10;1;7
CLI0164;2023-08-17;8;5;2
CLI0164;2023-08-24;9;1;8
CLI0164;2023-08-31;4;5;5
CLI0164;2023-09-07;6;5;4
CLI0164;2023-09-14;8;5;6
CLI0164;2023-09-21;4;5;4
CLI0164;2023-09-28;12;4;7
CLI0164;2023-10-05;10;2;7
CLI0164;2023-10-12;4;4;6
CLI0164;2023-10-19;11;1;7
CLI0164;2023-10-26;3;3;3
CLI0164;2023-11-02;10;5;8
CLI0164;2023-11-09;12;2;2
CLI0164;2023-11-16;11;4;6
CLI0164;2023-11-23;5;5;6
CLI0164;2023-11-30;10;2;8
CLI0164;2023-12-07;11;3;4
CLI0164;2023-12-14;7;1;7
CLI0164;2023-12-21;4;5;3
CLI0164;2023-12-28;5;4;3
CLI0164;2024-01-04;3;1;3
CLI0164;2024-01-11;11;2;6
CLI0164;2024-01-18;7;5;3
CLI0164;2024-01-25;6;2;7
CLI0164;2024-02-01;5;1;4
CLI0164;2024-02-08;4;3;4
CLI0164;2024-02-15;10;3;7
CLI0164;2024-02-22;6;2;7
CLI0164;2024-02-29;11;1;2
CLI0164;2024-03-07;9;3;6
CLI0164;2024-03-14;12;2;7
CLI0164;2024-03-21;3;2;7
CLI0164;2024-03-28;3;2;2
CLI0164;2024-04-04;6;1;4
CLI0164;2024-04-11;5;2;8
CLI0164;2024-04-18;5;2;7
CLI0164;2024-04-25;10;4;4
CLI0164;2024-05-02;5;1;3
CLI0164;2024-05-09;8;2;2
CLI0164;2024-05-16;5;5;2
CLI0164;2024-05-23;9;3;2
CLI0164;2024-05-30;9;3;5
CLI0164;2024-06-06;6;1;7
CLI0164;2024-06-13;3;3;7
CLI0164;2024-06-20;12;2;8
CLI0164;2024-06-27;10;4;5
CLI0164;2024-07-04;8;4;6
CLI0164;2024-07-11;4;5;6
CLI0164;2024-07-18;6;2;8
CLI0164;2024-07-25;4;1;7
CLI0164;2024-08-01;5;5;2
CLI0164;2024-08-08;9;1;5
CLI0164;2024-08-15;7;4;8
CLI0164;2024-08-22;12;1;8
CLI0164;2024-08-29;5;5;7
CLI0164;2024-09-05;11;2;2
CLI0164;2024-09-12;3;3;3
CLI0164;2024-09-19;11;3;2
CLI0164;2024-09-26;12;4;5
CLI0164;2024-10-03;5;2;6
CLI0164;2024-10-10;4;2;2
CLI0164;2024-10-17;9;4;2
CLI0164;2024-10-24;11;1;4
CLI0164;2024-10-31;9;5;4
CLI0164;2024-11-07;9;4;5
CLI0164;2024-11-14;3;4;3
CLI0164;2024-11-21;9;2;2
CLI0164;2024-11-28;12;5;8
CLI0164;2024-12-05;9;3;4
CLI0164;2024-12-12;3;3;6
CLI0164;2024-12-19;7;3;4
CLI0165;2023-02-07;7;5;8
CLI0165;2023-02-14;6;2;6
CLI0165;2023-02-21;9;3;2
CLI0165;2023-02-28;7;5;5
CLI0165;2023-03-07;5;4;3
CLI0165;2023-03-14;5;2;5
CLI0165;2023-03-21;5;4;8
CLI0165;2023-03-28;4;1;4
CLI0165;2023-04-04;5;3;3
CLI0165;2023-04-11;9;2;8
CLI0165;2023-04-18;8;5;7
CLI0165;2023-04-25;8;3;7
CLI0165;2023-05-02;5;1;7
CLI0165;2023-05-09;11;5;7
CLI0165;2023-05-16;3;5;7
CLI0165;2023-05-23;10;5;7
CLI0165;2023-05-30;12;1;7
CLI0165;2023-06-06;12;4;3
CLI0165;2023-06-13;6;3;8
CLI0165;2023-06-20;4;5;6
CLI0165;2023-06-27;9;3;3
CLI0165;2023-07-04;6;5;4
CLI0165;2023-07-11;6;2;7
CLI0165;2023-07-18;7;4;3
CLI0165;2023-07-25;8;1;4
CLI0165;2023-08-01;11;2;3
CLI0165;2023-08-08;6;3;3
CLI0165;2023-08-15;3;2;2
CLI0165;2023-08-22;4;3;8
CLI0165;2023-08-29;11;4;5
CLI0165;2023-09-05;3;3;7
CLI0165;2023-09-12;7;3;8
CLI0165;2023-09-19;10;4;7
CLI0165;2023-09-26;12;3;5
CLI0165;2023-10-03;8;4;5
CLI0165;2023-10-10;12;3;7
CLI0165;2023-10-17;8;2;4
CLI0165;2023-10-24;6;4;4
CLI0165;2023-10-31;12;4;8
CLI0165;2023-11-07;7;4;5
CLI0165;2023-11-14;12;5;5
CLI0165;2023-11-21;4;4;3
CLI0165;2023-11-28;7;2;2
CLI0165;2023-12-05;5;3;4
CLI0165;2023-12-12;8;1;6
CLI0165;2023-12-19;3;5;4
CLI0165;2023-12-26;12;3;6
CLI0165;2024-01-02;4;3;3
CLI0165;2024-01-09;9;5;3
CLI0165;2024-01-16;8;3;6
CLI0165;2024-01-23;9;4;4
CLI0165;2024-01-30;10;2;2
CLI0165;2024-02-06;6;1;5
CLI0165;2024-02-13;7;2;3
CLI0165;2024-02-20;8;5;2
CLI0165;2024-02-27;7;2;5
CLI0165;2024-03-05;4;3;2
CLI0165;2024-03-12;7;5;6
CLI0165;2024-03-19;6;2;8
CLI0165;2024-03-26;5;4;8
CLI0165;2024-04-02;4;3;8
CLI0165;2024-04-09;8;3;3
CLI0165;2024-04-16;3;4;6
CLI0165;2024-04-23;9;2;7
CLI0165;2024-04-30;10;2;2
CLI0165;2024-05-07;3;1;6
CLI0165;2024-05-14;4;4;6
CLI0165;2024-05-21;8;2;3
CLI0165;2024-05-28;4;1;4
CLI0165;2024-06-04;11;4;2
CLI0165;2024-06-11;11;3;4
CLI0165;2024-06-18;5;2;4
CLI0165;2024-06-25;7;2;5
CLI0165;2024-07-02;11;4;4
CLI0165;2024-07-09;7;4;2
CLI0165;2024-07-16;4;4;3
CLI0165;2024-07-23;5;1;7
CLI0165;2024-07-30;11;4;8
CLI0165;2024-08-06;8;2;3
CLI0165;2024-08-13;10;4;5
CLI0165;2024-08-20;5;5;5
CLI0165;2024-08-27;9;3;5
CLI0165;2024-09-03;6;2;5
CLI0165;2024-09-10;3;1;4
CLI0165;2024-09-17;3;1;8
CLI0165;2024-09-24;8;2;8
CLI0165;2024-10-01;10;5;2
CLI0165;2024-10-08;3;3;4
CLI0165;2024-10-15;11;1;2
CLI0165;2024-10-22;3;2;5
CLI0165;2024-10-29;5;2;2
CLI0165;2024-11-05;7;2;4
CLI0165;2024-11-12;10;2;2
CLI0165;2024-11-19;9;1;6
CLI0165;2024-11-26;7;2;6
CLI0165;2024-12-03;4;2;8
CLI0165;2024-12-10;9;5;8
CLI0165;2024-12-17;4;4;3
CLI0166;2023-02-05;8;2;6
CLI0166;2023-02-12;9;2;7
CLI0166;2023-02-19;3;5;7
CLI0166;2023-02-26;5;5;7
CLI0166;2023-03-05;10;2;4
CLI0166;2023-03-12;5;3;6
CLI0166;2023-03-19;8;2;3
CLI0166;2023-03-26;5;2;3
CLI0166;2023-04-02;10;2;7
CLI0166;2023-04-09;3;0;1
CLI0166;2023-04-16;3;1;0
CLI0166;2023-04-23;0;0;1
CLI0166;2023-04-30;3;0;2
CLI0167;2023-12-29;11;3;2
CLI0167;2024-01-05;10;4;2
CLI0167;2024-01-12;3;5;5
CLI0167;2024-01-19;3;5;3
CLI0167;2024-01-26;9;5;5
CLI0167;2024-02-02;4;5;8
CLI0167;2024-02-09;5;2;5
CLI0167;2024-02-16;3;1;2
CLI0167;2024-02-23;10;1;3
CLI0167;2024-03-01;2;0;1
CLI0167;2024-03-08;3;0;1
CLI0167;2024-03-15;3;0;2
CLI0167;2024-03-22;1;1;2
CLI0168;2024-03-21;10;2;4
CLI0168;2024-03-28;10;3;3
CLI0168;2024-04-04;5;2;3
CLI0168;2024-04-11;5;2;3
CLI0168;2024-04-18;11;1;7
CLI0168;2024-04-25;4;5;4
CLI0168;2024-05-02;7;2;4
CLI0168;2024-05-09;11;5;3
CLI0168;2024-05-16;5;2;7
CLI0168;2024-05-23;8;4;2
CLI0168;2024-05-30;9;2;8
CLI0168;2024-06-06;12;3;3
CLI0168;2024-06-13;8;1;5
CLI0168;2024-06-20;6;4;8
CLI0168;2024-06-27;6;1;8
CLI0168;2024-07-04;4;5;2
CLI0168;2024-07-11;7;4;7
CLI0168;2024-07-18;10;3;2
CLI0168;2024-07-25;6;1;5
CLI0168;2024-08-01;8;2;8
CLI0168;2024-08-08;11;3;8
CLI0168;2024-08-15;4;5;4
CLI0168;2024-08-22;5;1;7
CLI0168;2024-08-29;4;2;8
CLI0168;2024-09-05;9;2;5
CLI0168;2024-09-12;3;5;8
CLI0168;2024-09-19;7;4;3
CLI0168;2024-09-26;12;4;7
CLI0168;2024-10-03;8;4;2
CLI0168;2024-10-10;8;3;8
CLI0168;2024-10-17;10;1;4
CLI0168;2024-10-24;8;3;6
CLI0168;2024-10-31;4;2;7
CLI0168;2024-11-07;4;3;2
CLI0168;2024-11-14;9;3;2
CLI0168;2024-11-21;4;5;8
CLI0168;2024-11-28;8;3;5
CLI0168;2024-12-05;7;1;6
CLI0168;2024-12-12;4;5;7
CLI0169;2024-01-20;10;5;5
CLI0169;2024-01-27;8;2;2
CLI0169;2024-02-03;10;1;8
CLI0169;2024-02-10;5;1;4
CLI0169;2024-02-17;5;4;3
CLI0169;2024-02-24;3;1;6
CLI0169;2024-03-02;10;1;3
CLI0169;2024-03-09;4;2;4
CLI0169;2024-03-16;4;2;6
CLI0169;2024-03-23;6;4;6
CLI0169;2024-03-30;9;4;6
CLI0169;2024-04-06;12;4;5
CLI0169;2024-04-13;3;5;6
CLI0169;2024-04-20;10;2;2
CLI0169;2024-04-27;5;4;5
CLI0169;2024-05-04;10;2;2
CLI0169;2024-05-11;12;2;3
CLI0169;2024-05-18;10;4;7
CLI0169;2024-05-25;3;4;4
CLI0169;2024-06-01;12;5;6
CLI0169;2024-06-08;12;4;7
CLI0169;2024-06-15;11;4;4
CLI0169;2024-06-22;6;2;7
CLI0169;2024-06-29;12;3;3
CLI0169;2024-07-06;4;5;2
CLI0169;2024-07-13;9;3;4
CLI0169;2024-07-20;6;1;6
CLI0169;2024-07-27;12;3;3
CLI0169;2024-08-03;6;1;3
CLI0169;2024-08-10;3;2;2
CLI0169;2024-08-17;12;1;4
CLI0169;2024-08-24;3;3;5
CLI0169;2024-08-31;9;3;4
CLI0169;2024-09-07;12;4;8
CLI0169;2024-09-14;7;4;2
CLI0169;2024-09-21;3;1;3
CLI0169;2024-09-28;9;5;5
CLI0169;2024-10-05;9;3;4
CLI0169;2024-10-12;11;4;5
CLI0169;2024-10-19;9;3;6
CLI0169;2024-10-26;10;5;5
CLI0169;2024-11-02;7;1;5
CLI0169;2024-11-09;6;4;4
CLI0169;2024-11-16;9;1;4
CLI0169;2024-11-23;8;1;2
CLI0169;2024-11-30;9;2;4
CLI0169;2024-12-07;8;2;5
CLI0169;2024-12-14;6;1;6
CLI0170;2024-01-31;5;4;5
CLI0170;2024-02-07;4;1;7
CLI0170;2024-02-14;12;3;3
CLI0170;2024-02-21;12;4;3
CLI0170;2024-02-28;8;2;2
CLI0170;2024-03-06;8;5;5
CLI0170;2024-03-13;3;2;4
CLI0170;2024-03-20;8;1;3
CLI0170;2024-03-27;11;2;5
CLI0170;2024-04-03;9;2;5
CLI0170;2024-04-10;7;2;2
CLI0170;2024-04-17;8;5;4
CLI0170;2024-04-24;11;5;8
CLI0170;2024-05-01;11;5;8
CLI0170;2024-05-08;8;5;5
CLI0170;2024-05-15;8;3;5
CLI0170;2024-05-22;9;2;4
CLI0170;2024-05-29;8;3;8
CLI0170;2024-06-05;7;2;4
CLI0170;2024-06-12;7;1;8
CLI0170;2024-06-19;7;5;2
CLI0170;2024-06-26;9;5;6
CLI0170;2024-07-03;12;2;8
CLI0170;2024-07-10;12;2;8
CLI0170;2024-07-17;7;3;6
CLI0170;2024-07-24;10;3;3
CLI0170;2024-07-31;12;3;5
CLI0170;2024-08-07;7;1;6
CLI0170;2024-08-14;11;2;3
CLI0170;2024-08-21;6;1;6
CLI0170;2024-08-28;8;5;5
CLI0170;2024-09-04;5;5;7
CLI0170;2024-09-11;10;2;6
CLI0170;2024-09-18;11;5;6
CLI0170;2024-09-25;7;1;3
CLI0170;2024-10-02;5;1;2
CLI0170;2024-10-09;12;4;3
CLI0170;2024-10-16;3;2;2
CLI0170;2024-10-23;10;1;5
CLI0170;2024-10-30;8;3;8
CLI0170;2024-11-06;11;3;3
CLI0170;2024-11-13;7;4;4
CLI0170;2024-11-20;8;4;8
CLI0170;2024-11-27;12;2;8
CLI0170;2024-12-04;5;1;3
CLI0171;2023-01-11;7;4;2
CLI0171;2023-01-18;5;5;3
CLI0171;2023-01-25;12;1;8
CLI0171;2023-02-01;3;2;7
CLI0171;2023-02-08;8;1;3
CLI0171;2023-02-15;4;2;7
CLI0171;2023-02-22;10;3;8
CLI0171;2023-03-01;9;3;6
CLI0171;2023-03-08;12;4;3
CLI0171;2023-03-15;2;1;1
CLI0171;2023-03-22;3;0;1
CLI0171;2023-03-29;2;0;1
CLI0171;2023-04-05;3;0;0
CLI0172;2023-09-25;7;3;5
CLI0172;2023-10-02;9;2;2
CLI0172;2023-10-09;4;2;6
CLI0172;2023-10-16;11;3;2
CLI0172;2023-10-23;6;3;3
CLI0172;2023-10-30;6;4;3
CLI0172;2023-11-06;5;1;8
CLI0172;2023-11-13;6;2;4
CLI0172;2023-11-20;10;3;3
CLI0172;2023-11-27;7;4;3
CLI0172;2023-12-04;4;1;4
CLI0172;2023-12-11;6;4;7
CLI0172;2023-12-18;12;4;6
CLI0172;2023-12-25;9;5;8
CLI0172;2024-01-01;3;1;6
CLI0172;2024-01-08;8;2;6
CLI0172;2024-01-15;7;4;8
CLI0172;2024-01-22;12;1;3
CLI0172;2024-01-29;4;4;5
CLI0172;2024-02-05;7;1;5
CLI0172;2024-02-12;7;2;2
CLI0172;2024-02-19;7;2;8
CLI0172;2024-02-26;8;1;3
CLI0172;2024-03-04;6;5;8
CLI0172;2024-03-11;8;1;3
CLI0172;2024-03-18;5;5;6
CLI0172;2024-03-25;7;4;5
CLI0172;2024-04-01;8;2;5
CLI0172;2024-04-08;8;2;3
CLI0172;2024-04-15;6;2;6
CLI0172;2024-04-22;5;5;8
CLI0172;2024-04-29;6;1;3
CLI0172;2024-05-06;3;2;4
CLI0172;2024-05-13;9;5;2
CLI0172;2024-05-20;6;2;2
CLI0172;2024-05-27;6;1;3
CLI0172;2024-06-03;6;3;5
CLI0172;2024-06-10;10;4;2
CLI0172;2024-06-17;4;4;8
CLI0172;2024-06-24;10;3;8
CLI0172;2024-07-01;3;4;8
CLI0172;2024-07-08;9;2;8
CLI0172;2024-07-15;10;5;6
CLI0172;2024-07-22;8;3;3
CLI0172;2024-07-29;3;2;4
CLI0172;2024-08-05;8;2;2
CLI0172;2024-08-12;4;2;3
CLI0172;2024-08-19;12;5;8
CLI0172;2024-08-26;7;4;3
CLI0172;2024-09-02;6;1;3
CLI0172;2024-09-09;7;2;2
CLI0172;2024-09-16;5;5;4
CLI0172;2024-09-23;10;1;8
CLI0172;2024-09-30;12;1;2
CLI0172;2024-10-07;10;2;3
CLI0172;2024-10-14;5;3;2
CLI0172;2024-10-21;8;1;5
CLI0172;2024-10-28;9;3;7
CLI0172;2024-11-04;11;4;7
CLI0172;2024-11-11;4;4;7
CLI0172;2024-11-18;10;3;8
CLI0172;2024-11-25;7;4;2
CLI0172;2024-12-02;12;5;8
CLI0172;2024-12-09;5;3;2
CLI0172;2024-12-16;9;3;7
CLI0172;2024-12-23;11;2;6
CLI0173;2024-03-27;11;1;3
CLI0173;2024-04-03;5;3;6
CLI0173;2024-04-10;3;5;8
CLI0173;2024-04-17;8;4;5
CLI0173;2024-04-24;11;3;7
CLI0173;2024-05-01;7;5;7
CLI0173;2024-05-08;5;2;5
CLI0173;2024-05-15;6;2;5
CLI0173;2024-05-22;12;1;8
CLI0173;2024-05-29;5;1;3
CLI0173;2024-06-05;4;1;2
CLI0173;2024-06-12;4;5;5
CLI0173;2024-06-19;11;1;3
CLI0173;2024-06-26;8;5;5
CLI0173;2024-07-03;12;1;7
CLI0173;2024-07-10;4;4;8
CLI0173;2024-07-17;3;4;4
CLI0173;2024-07-24;3;2;6
CLI0173;2024-07-31;5;3;2
CLI0173;2024-08-07;12;5;6
CLI0173;2024-08-14;7;3;3
CLI0173;2024-08-21;12;3;7
CLI0173;2024-08-28;4;4;2
CLI0173;2024-09-04;5;2;3
CLI0173;2024-09-11;10;4;7
CLI0173;2024-09-18;7;2;3
CLI0173;2024-09-25;11;4;3
CLI0173;2024-10-02;5;1;4
CLI0173;2024-10-09;7;2;3
CLI0173;2024-10-16;4;4;3
CLI0173;2024-10-23;9;3;7
CLI0173;2024-10-30;7;5;7
CLI0173;2024-11-06;9;2;3
CLI0173;2024-11-13;3;5;8
CLI0173;2024-11-20;6;2;4
CLI0173;2024-11-27;7;3;5
CLI0173;2024-12-04;3;3;6
CLI0173;2024-12-11;11;4;6
CLI0173;2024-12-18;12;5;4
CLI0174;2023-01-13;3;3;6
CLI0174;2023-01-20;9;5;7
CLI0174;2023-01-27;8;1;6
CLI0174;2023-02-03;8;2;8
CLI0174;2023-02-10;10;4;4
CLI0174;2023-02-17;12;2;5
CLI0174;2023-02-24;9;2;3
CLI0174;2023-03-03;12;3;5
CLI0174;2023-03-10;6;3;3
CLI0174;2023-03-17;10;4;5
CLI0174;2023-03-24;8;2;3
CLI0174;2023-03-31;8;5;3
CLI0174;2023-04-07;3;4;2
CLI0174;2023-04-14;9;3;6
CLI0174;2023-04-21;4;2;8
CLI0174;2023-04-28;12;2;2
CLI0174;2023-05-05;8;5;7
CLI0174;2023-05-12;5;2;6
CLI0174;2023-05-19;7;1;2
CLI0174;2023-05-26;8;4;3
CLI0174;2023-06-02;3;2;6
CLI0174;2023-06-09;8;3;8
CLI0174;2023-06-16;12;4;3
CLI0174;2023-06-23;9;2;5
CLI0174;2023-06-30;5;4;3
CLI0174;2023-07-07;12;3;7
CLI0174;2023-07-14;5;1;5
CLI0174;2023-07-21;9;1;4
CLI0174;2023-07-28;7;5;6
CLI0174;2023-08-04;3;5;4
CLI0174;2023-08-11;4;2;3
CLI0174;2023-08-18;4;2;7
CLI0174;2023-08-25;11;1;2
CLI0174;2023-09-01;7;5;6
CLI0174;2023-09-08;6;2;2
CLI0174;2023-09-15;4;2;8
CLI0174;2023-09-22;5;1;8
CLI0174;2023-09-29;5;1;4
CLI0174;2023-10-06;7;5;7
CLI0174;2023-10-13;4;3;6
CLI0174;2023-10-20;5;4;6
CLI0174;2023-10-27;9;5;5
CLI0174;2023-11-03;9;3;2
CLI0174;2023-11-10;4;5;2
CLI0174;2023-11-17;11;3;4
CLI0174;2023-11-24;11;5;2
CLI0174;2023-12-01;9;3;4
CLI0174;2023-12-08;5;1;2
CLI0174;2023-12-15;9;2;6
CLI0174;2023-12-22;11;4;5
CLI0174;2023-12-29;11;4;3
CLI0174;2024-01-05;8;5;4
CLI0174;2024-01-12;9;4;4
CLI0174;2024-01-19;9;3;8
CLI0174;2024-01-26;4;5;5
CLI0174;2024-02-02;5;2;4
CLI0174;2024-02-09;5;1;6
CLI0174;2024-02-16;5;4;8
CLI0174;2024-02-23;5;2;2
CLI0174;2024-03-01;6;2;2
CLI0174;2024-03-08;7;1;2
CLI0174;2024-03-15;7;2;6
CLI0174;2024-03-22;7;5;3
CLI0174;2024-03-29;4;3;7
CLI0174;2024-04-05;10;5;6
CLI0174;2024-04-12;4;1;5
CLI0174;2024-04-19;12;4;3
CLI0174;2024-04-26;9;5;6
CLI0174;2024-05-03;12;5;4
CLI0174;2024-05-10;12;5;2
CLI0174;2024-05-17;5;5;7
CLI0174;2024-05-24;6;1;7
CLI0174;2024-05-31;11;1;2
CLI0174;2024-06-07;6;4;5
CLI0174;2024-06-14;9;1;7
CLI0174;2024-06-21;5;1;2
CLI0174;2024-06-28;3;3;3
CLI0174;2024-07-05;5;5;4
CLI0174;2024-07-12;6;5;5
CLI0174;2024-07-19;6;1;2
CLI0174;2024-07-26;8;1;4
CLI0174;2024-08-02;5;3;3
CLI0174;2024-08-09;11;2;6
CLI0174;2024-08-16;3;3;6
CLI0174;2024-08-23;5;4;8
CLI0174;2024-08-30;12;2;7
CLI0174;2024-09-06;12;5;2
CLI0174;2024-09-13;3;4;5
CLI0174;2024-09-20;11;4;3
CLI0174;2024-09-27;10;4;3
CLI0174;2024-10-04;6;2;8
CLI0174;2024-10-11;11;2;8
CLI0174;2024-10-18;11;5;5
CLI0174;2024-10-25;6;2;8
CLI0174;2024-11-01;10;4;7
CLI0174;2024-11-08;4;5;4
CLI0174;2024-11-15;4;5;8
CLI0174;2024-11-22;9;2;5
CLI0174;2024-11-29;10;1;3
CLI0174;2024-12-06;9;5;4
CLI0174;2024-12-13;4;1;2
CLI0174;2024-12-20;6;2;7
CLI0175;2024-06-01;12;2;2
CLI0175;2024-06-08;11;5;7
CLI0175;2024-06-15;6;3;3
CLI0175;2024-06-22;10;5;7
CLI0175;2024-06-29;4;5;5
CLI0175;2024-07-06;8;1;5
CLI0175;2024-07-13;10;4;5
CLI0175;2024-07-20;4;1;5
CLI0175;2024-07-27;8;5;3
CLI0175;2024-08-03;3;5;6
CLI0175;2024-08-10;4;3;3
CLI0175;2024-08-17;4;5;3
CLI0175;2024-08-24;10;5;5
CLI0175;2024-08-31;9;1;5
CLI0175;2024-09-07;11;1;4
CLI0175;2024-09-14;12;4;6
CLI0175;2024-09-21;11;2;6
CLI0175;2024-09-28;7;3;7
CLI0175;2024-10-05;10;2;7
CLI0175;2024-10-12;3;2;7
CLI0175;2024-10-19;9;4;4
CLI0175;2024-10-26;9;5;5
CLI0175;2024-11-02;5;5;8
CLI0175;2024-11-09;8;5;8
CLI0175;2024-11-16;4;2;4
CLI0175;2024-11-23;10;2;4
CLI0175;2024-11-30;12;5;6
CLI0175;2024-12-07;12;2;4
CLI0175;2024-12-14;8;2;6
CLI0175;2024-12-21;7;4;7
CLI0176;2023-01-10;12;1;5
CLI0176;2023-01-17;7;4;3
CLI0176;2023-01-24;12;4;5
CLI0176;2023-01-31;12;3;2
CLI0176;2023-02-07;10;5;6
CLI0176;2023-02-14;9;4;2
CLI0176;2023-02-21;11;1;6
CLI0176;2023-02-28;12;4;4
CLI0176;2023-03-07;10;3;6
CLI0176;2023-03-14;8;5;8
CLI0176;2023-03-21;12;3;5
CLI0176;2023-03-28;7;1;6
CLI0176;2023-04-04;6;5;8
CLI0176;2023-04-11;11;3;2
CLI0176;2023-04-18;9;4;3
CLI0176;2023-04-25;7;4;6
CLI0176;2023-05-02;8;2;5
CLI0176;2023-05-09;12;5;8
CLI0176;2023-05-16;11;1;5
CLI0176;2023-05-23;7;5;6
CLI0176;2023-05-30;3;3;4
CLI0176;2023-06-06;8;1;8
CLI0176;2023-06-13;12;2;7
CLI0176;2023-06-20;11;4;2
CLI0176;2023-06-27;8;2;2
CLI0176;2023-07-04;3;2;5
CLI0176;2023-07-11;5;4;2
CLI0176;2023-07-18;9;4;4
CLI0176;2023-07-25;11;5;2
CLI0176;2023-08-01;3;5;3
CLI0176;2023-08-08;7;5;8
CLI0176;2023-08-15;7;3;6
CLI0176;2023-08-22;4;2;2
CLI0176;2023-08-29;11;5;6
CLI0176;2023-09-05;11;2;8
CLI0176;2023-09-12;3;3;5
CLI0176;2023-09-19;7;5;6
CLI0176;2023-09-26;6;5;6
CLI0176;2023-10-03;10;3;8
CLI0176;2023-10-10;4;5;4
CLI0176;2023-10-17;9;2;2
CLI0176;2023-10-24;5;4;8
CLI0176;2023-10-31;8;1;2
CLI0176;2023-11-07;3;2;2
CLI0176;2023-11-14;8;4;8
CLI0176;2023-11-21;9;1;6
CLI0176;2023-11-28;12;3;7
CLI0176;2023-12-05;6;1;4
CLI0176;2023-12-12;9;3;2
CLI0176;2023-12-19;11;3;8
CLI0176;2023-12-26;12;2;8
CLI0176;2024-01-02;10;5;7
CLI0176;2024-01-09;7;4;5
CLI0176;2024-01-16;12;1;6
CLI0176;2024-01-23;10;1;7
CLI0176;2024-01-30;4;5;5
CLI0176;2024-02-06;5;4;7
CLI0176;2024-02-13;3;1;2
CLI0176;2024-02-20;6;4;4
CLI0176;2024-02-27;4;1;3
CLI0176;2024-03-05;7;3;4
CLI0176;2024-03-12;7;2;6
CLI0176;2024-03-19;12;1;5
CLI0176;2024-03-26;10;3;7
CLI0176;2024-04-02;8;4;6
CLI0176;2024-04-09;9;3;3
CLI0176;2024-04-16;7;1;5
CLI0176;2024-04-23;5;2;2
CLI0176;2024-04-30;8;3;6
CLI0176;2024-05-07;12;4;8
CLI0176;2024-05-14;10;2;4
CLI0176;2024-05-21;9;2;3
CLI0176;2024-05-28;5;1;6
CLI0176;2024-06-04;3;3;3
CLI0176;2024-06-11;6;3;5
CLI0176;2024-06-18;3;3;5
CLI0176;2024-06-25;7;4;5
CLI0176;2024-07-02;7;5;4
CLI0176;2024-07-09;8;3;6
CLI0176;2024-07-16;6;5;5
CLI0176;2024-07-23;8;2;2
CLI0176;2024-07-30;6;5;3
CLI0176;2024-08-06;8;1;5
CLI0176;2024-08-13;4;2;4
CLI0176;2024-08-20;8;3;3
CLI0176;2024-08-27;4;2;7
CLI0176;2024-09-03;12;1;2
CLI0176;2024-09-10;6;4;3
CLI0176;2024-09-17;5;1;8
CLI0176;2024-09-24;4;4;3
CLI0176;2024-10-01;5;4;5
CLI0176;2024-10-08;5;4;8
CLI0176;2024-10-15;7;5;7
CLI0176;2024-10-22;11;2;6
CLI0176;2024-10-29;8;5;4
CLI0176;2024-11-05;8;5;4
CLI0176;2024-11-12;5;2;6
CLI0176;2024-11-19;7;2;7
CLI0176;2024-11-26;8;2;7
CLI0176;2024-12-03;8;1;5
CLI0176;2024-12-10;4;5;4
CLI0177;2024-05-15;8;1;6
CLI0177;2024-05-22;0;0;1
CLI0177;2024-05-29;3;0;1
CLI0177;2024-06-05;3;1;1
CLI0177;2024-06-12;2;1;0
CLI0178;2024-01-10;7;4;8
CLI0178;2024-01-17;11;3;2
CLI0178;2024-01-24;10;1;4
CLI0178;2024-01-31;12;3;7
CLI0178;2024-02-07;12;4;3
CLI0178;2024-02-14;7;3;8
CLI0178;2024-02-21;12;2;2
CLI0178;2024-02-28;8;2;5
CLI0178;2024-03-06;11;5;2
CLI0178;2024-03-13;6;2;2
CLI0178;2024-03-20;11;2;5
CLI0178;2024-03-27;4;1;7
CLI0178;2024-04-03;6;2;8
CLI0178;2024-04-10;11;5;3
CLI0178;2024-04-17;9;1;6
CLI0178;2024-04-24;10;5;6
CLI0178;2024-05-01;5;5;2
CLI0178;2024-05-08;8;2;5
CLI0178;2024-05-15;11;4;3
CLI0178;2024-05-22;3;3;8
CLI0178;2024-05-29;11;4;3
CLI0178;2024-06-05;8;1;4
CLI0178;2024-06-12;5;1;5
CLI0178;2024-06-19;7;4;4
CLI0178;2024-06-26;6;3;7
CLI0178;2024-07-03;6;4;8
CLI0178;2024-07-10;11;1;2
CLI0178;2024-07-17;11;5;8
CLI0178;2024-07-24;4;3;5
CLI0178;2024-07-31;10;2;4
CLI0178;2024-08-07;7;4;5
CLI0178;2024-08-14;4;4;5
CLI0178;2024-08-21;9;2;6
CLI0178;2024-08-28;9;5;2
CLI0178;2024-09-04;7;2;3
CLI0178;2024-09-11;9;2;6
CLI0178;2024-09-18;12;5;4
CLI0178;2024-09-25;9;4;4
CLI0178;2024-10-02;8;1;6
CLI0178;2024-10-09;12;5;6
CLI0178;2024-10-16;3;1;2
CLI0178;2024-10-23;3;5;6
CLI0178;2024-10-30;11;3;5
CLI0178;2024-11-06;6;5;2
CLI0178;2024-11-13;11;2;8
CLI0178;2024-11-20;8;2;2
CLI0178;2024-11-27;4;5;6
CLI0178;2024-12-04;9;5;4
CLI0178;2024-12-11;7;2;7
CLI0178;2024-12-18;7;4;4
CLI0178;2024-12-25;11;5;4
CLI0179;2024-09-26;8;4;3
CLI0179;2024-10-03;11;3;8
CLI0179;2024-10-10;10;3;7
CLI0179;2024-10-17;12;3;8
CLI0179;2024-10-24;11;2;6
CLI0179;2024-10-31;4;5;2
CLI0179;2024-11-07;5;2;2
CLI0179;2024-11-14;10;5;5
CLI0179;2024-11-21;11;5;7
CLI0179;2024-11-28;4;2;4
CLI0179;2024-12-05;11;5;3
CLI0180;2024-09-15;10;1;4
CLI0180;2024-09-22;12;5;4
CLI0180;2024-09-29;7;3;8
CLI0180;2024-10-06;4;3;8
CLI0180;2024-10-13;6;4;5
CLI0180;2024-10-20;5;5;5
CLI0180;2024-10-27;11;1;2
CLI0180;2024-11-03;5;2;7
CLI0180;2024-11-10;3;2;6
CLI0180;2024-11-17;11;3;8
CLI0180;2024-11-24;9;5;2
CLI0180;2024-12-01;4;5;3
CLI0180;2024-12-08;12;4;8
CLI0180;2024-12-15;11;1;4
CLI0180;2024-12-22;8;5;2
CLI0181;2023-01-24;12;2;8
CLI0181;2023-01-31;4;4;5
CLI0181;2023-02-07;12;1;4
CLI0181;2023-02-14;8;2;6
CLI0181;2023-02-21;9;4;6
CLI0181;2023-02-28;6;2;8
CLI0181;2023-03-07;8;1;7
CLI0181;2023-03-14;8;5;6
CLI0181;2023-03-21;3;4;7
CLI0181;2023-03-28;3;3;3
CLI0181;2023-04-04;5;4;2
CLI0181;2023-04-11;4;1;6
CLI0181;2023-04-18;6;5;2
CLI0181;2023-04-25;3;2;8
CLI0181;2023-05-02;11;2;8
CLI0181;2023-05-09;12;4;4
CLI0181;2023-05-16;5;3;4
CLI0181;2023-05-23;4;2;7
CLI0181;2023-05-30;9;1;6
CLI0181;2023-06-06;3;5;4
CLI0181;2023-06-13;11;1;8
CLI0181;2023-06-20;11;1;2
CLI0181;2023-06-27;7;3;2
CLI0181;2023-07-04;5;3;3
CLI0181;2023-07-11;10;2;5
CLI0181;2023-07-18;4;3;7
CLI0181;2023-07-25;11;4;3
CLI0181;2023-08-01;9;4;3
CLI0181;2023-08-08;10;1;3
CLI0181;2023-08-15;8;5;7
CLI0181;2023-08-22;12;4;6
CLI0181;2023-08-29;6;2;4
CLI0181;2023-09-05;6;5;2
CLI0181;2023-09-12;3;3;6
CLI0181;2023-09-19;8;4;2
CLI0181;2023-09-26;8;3;5
CLI0181;2023-10-03;6;1;7
CLI0181;2023-10-10;8;4;8
CLI0181;2023-10-17;9;2;6
CLI0181;2023-10-24;10;5;3
CLI0181;2023-10-31;8;3;8
CLI0181;2023-11-07;4;1;5
CLI0181;2023-11-14;7;2;5
CLI0181;2023-11-21;12;1;7
CLI0181;2023-11-28;5;5;3
CLI0181;2023-12-05;10;4;3
CLI0181;2023-12-12;10;1;8
CLI0181;2023-12-19;5;5;6
CLI0181;2023-12-26;9;4;5
CLI0181;2024-01-02;3;3;3
CLI0181;2024-01-09;7;2;6
CLI0181;2024-01-16;4;4;8
CLI0181;2024-01-23;7;3;2
CLI0181;2024-01-30;9;1;2
CLI0181;2024-02-06;4;5;7
CLI0181;2024-02-13;10;3;7
CLI0181;2024-02-20;6;3;6
CLI0181;2024-02-27;7;4;8
CLI0181;2024-03-05;7;1;4
CLI0181;2024-03-12;4;1;3
CLI0181;2024-03-19;11;5;2
CLI0181;2024-03-26;5;4;3
CLI0181;2024-04-02;3;3;3
CLI0181;2024-04-09;10;4;3
CLI0181;2024-04-16;9;2;8
CLI0181;2024-04-23;11;1;4
CLI0181;2024-04-30;7;3;5
CLI0181;2024-05-07;4;5;8
CLI0181;2024-05-14;12;2;6
CLI0181;2024-05-21;8;2;2
CLI0181;2024-05-28;12;4;6
CLI0181;2024-06-04;3;4;5
CLI0181;2024-06-11;9;3;7
CLI0181;2024-06-18;12;1;6
CLI0181;2024-06-25;5;2;6
CLI0181;2024-07-02;11;3;6
CLI0181;2024-07-09;11;4;8
CLI0181;2024-07-16;7;3;8
CLI0181;2024-07-23;8;1;8
CLI0181;2024-07-30;6;3;6
CLI0181;2024-08-06;10;2;8
CLI0181;2024-08-13;10;1;5
CLI0181;2024-08-20;7;2;2
CLI0181;2024-08-27;9;5;6
CLI0181;2024-09-03;4;1;8
CLI0181;2024-09-10;9;3;8
CLI0181;2024-09-17;3;2;4
CLI0181;2024-09-24;6;5;6
CLI0181;2024-10-01;11;1;6
CLI0181;2024-10-08;10;2;6
CLI0181;2024-10-15;10;4;7
CLI0181;2024-10-22;8;5;3
CLI0181;2024-10-29;6;2;5
CLI0181;2024-11-05;7;4;5
CLI0181;2024-11-12;3;3;2
CLI0181;2024-11-19;6;1;6
CLI0181;2024-11-26;3;5;2
CLI0181;2024-12-03;8;2;6
CLI0182;2024-03-05;9;2;4
CLI0182;2024-03-12;7;2;2
CLI0182;2024-03-19;7;1;7
CLI0182;2024-03-26;5;2;2
CLI0182;2024-04-02;12;1;7
CLI0182;2024-04-09;8;4;5
CLI0182;2024-04-16;5;1;4
CLI0182;2024-04-23;7;1;2
CLI0182;2024-04-30;3;4;7
CLI0182;2024-05-07;12;3;2
CLI0182;2024-05-14;12;2;3
CLI0182;2024-05-21;7;3;8
CLI0182;2024-05-28;6;5;7
CLI0182;2024-06-04;4;1;6
CLI0182;2024-06-11;10;5;4
CLI0182;2024-06-18;4;2;3
CLI0182;2024-06-25;7;5;5
CLI0182;2024-07-02;3;5;7
CLI0182;2024-07-09;11;4;3
CLI0182;2024-07-16;9;3;8
CLI0182;2024-07-23;12;4;3
CLI0182;2024-07-30;5;2;4
CLI0182;2024-08-06;4;4;8
CLI0182;2024-08-13;7;2;3
CLI0182;2024-08-20;7;1;4
CLI0182;2024-08-27;6;2;5
CLI0182;2024-09-03;4;1;6
CLI0182;2024-09-10;12;1;2
CLI0182;2024-09-17;6;3;5
CLI0182;2024-09-24;11;4;2
CLI0182;2024-10-01;9;2;2
CLI0182;2024-10-08;10;1;3
CLI0182;2024-10-15;11;4;5
CLI0182;2024-10-22;5;1;3
CLI0182;2024-10-29;3;1;6
CLI0182;2024-11-05;8;2;5
CLI0182;2024-11-12;9;2;2
CLI0182;2024-11-19;12;3;3
CLI0182;2024-11-26;9;5;6
CLI0182;2024-12-03;3;1;4
CLI0182;2024-12-10;10;4;6
CLI0182;2024-12-17;8;1;2
CLI0182;2024-12-24;4;4;3
CLI0183;2023-05-20;10;2;6
CLI0183;2023-05-27;10;1;3
CLI0183;2023-06-03;3;4;3
CLI0183;2023-06-10;5;1;2
CLI0183;2023-06-17;6;5;8
CLI0183;2023-06-24;9;5;2
CLI0183;2023-07-01;11;4;2
CLI0183;2023-07-08;9;4;3
CLI0183;2023-07-15;5;1;2
CLI0183;2023-07-22;7;3;8
CLI0183;2023-07-29;7;4;8
CLI0183;2023-08-05;4;4;2
CLI0183;2023-08-12;12;2;6
CLI0183;2023-08-19;4;4;8
CLI0183;2023-08-26;3;4;4
CLI0183;2023-09-02;7;2;5
CLI0183;2023-09-09;3;2;8
CLI0183;2023-09-16;6;3;4
CLI0183;2023-09-23;5;2;4
CLI0183;2023-09-30;5;1;7
CLI0183;2023-10-07;9;1;3
CLI0183;2023-10-14;8;2;3
CLI0183;2023-10-21;12;3;8
CLI0183;2023-10-28;4;2;7
CLI0183;2023-11-04;3;5;4
CLI0183;2023-11-11;7;4;8
CLI0183;2023-11-18;10;2;5
CLI0183;2023-11-25;12;1;3
CLI0183;2023-12-02;5;4;7
CLI0183;2023-12-09;8;3;2
CLI0183;2023-12-16;6;2;5
CLI0183;2023-12-23;9;1;7
CLI0183;2023-12-30;10;5;8
CLI0183;2024-01-06;7;5;2
CLI0183;2024-01-13;5;3;4
CLI0183;2024-01-20;8;5;6
CLI0183;2024-01-27;8;1;5
CLI0183;2024-02-03;3;2;2
CLI0183;2024-02-10;4;5;7
CLI0183;2024-02-17;4;3;6
CLI0183;2024-02-24;12;1;3
CLI0183;2024-03-02;9;5;5
CLI0183;2024-03-09;7;5;8
CLI0183;2024-03-16;11;4;4
CLI0183;2024-03-23;10;5;5
CLI0183;2024-03-30;11;4;3
CLI0183;2024-04-06;6;4;5
CLI0183;2024-04-13;3;1;6
CLI0183;2024-04-20;11;3;4
CLI0183;2024-04-27;10;3;2
CLI0183;2024-05-04;11;2;5
CLI0183;2024-05-11;11;1;6
CLI0183;2024-05-18;4;5;2
CLI0183;2024-05-25;10;3;6
CLI0183;2024-06-01;12;2;2
CLI0183;2024-06-08;9;3;2
CLI0183;2024-06-15;3;4;6
CLI0183;2024-06-22;11;2;5
CLI0183;2024-06-29;12;2;8
CLI0183;2024-07-06;6;3;3
CLI0183;2024-07-13;7;5;4
CLI0183;2024-07-20;11;4;4
CLI0183;2024-07-27;10;1;6
CLI0183;2024-08-03;5;1;3
CLI0183;2024-08-10;12;5;5
CLI0183;2024-08-17;8;3;5
CLI0183;2024-08-24;5;2;7
CLI0183;2024-08-31;3;2;2
CLI0183;2024-09-07;5;2;7
CLI0183;2024-09-14;10;2;8
CLI0183;2024-09-21;3;3;4
CLI0183;2024-09-28;3;2;8
CLI0183;2024-10-05;6;1;2
CLI0183;2024-10-12;3;1;6
CLI0183;2024-10-19;11;4;3
CLI0183;2024-10-26;7;4;5
CLI0183;2024-11-02;6;5;2
CLI0183;2024-11-09;12;1;2
CLI0183;2024-11-16;11;5;6
CLI0183;2024-11-23;12;1;2
CLI0183;2024-11-30;7;1;5
CLI0183;2024-12-07;3;1;6
CLI0183;2024-12-14;4;4;6
CLI0183;2024-12-21;5;2;3
CLI0183;2024-12-28;10;2;5
CLI0184;2024-08-18;12;1;5
CLI0184;2024-08-25;3;5;8
CLI0184;2024-09-01;8;3;6
CLI0184;2024-09-08;4;5;5
CLI0184;2024-09-15;10;3;5
CLI0184;2024-09-22;6;1;2
CLI0184;2024-09-29;3;5;8
CLI0184;2024-10-06;12;5;4
CLI0184;2024-10-13;6;2;5
CLI0184;2024-10-20;4;1;7
CLI0184;2024-10-27;6;4;2
CLI0184;2024-11-03;4;5;2
CLI0184;2024-11-10;8;1;7
CLI0184;2024-11-17;12;5;7
CLI0184;2024-11-24;8;3;4
CLI0184;2024-12-01;11;2;8
CLI0185;2024-08-10;6;3;8
CLI0185;2024-08-17;3;1;4
CLI0185;2024-08-24;6;3;8
CLI0185;2024-08-31;6;3;5
CLI0185;2024-09-07;9;1;5
CLI0185;2024-09-14;8;4;6
CLI0185;2024-09-21;12;5;4
CLI0185;2024-09-28;7;5;7
CLI0185;2024-10-05;7;4;5
CLI0185;2024-10-12;10;2;7
CLI0185;2024-10-19;3;1;2
CLI0185;2024-10-26;11;2;4
CLI0185;2024-11-02;3;2;7
CLI0185;2024-11-09;11;1;7
CLI0185;2024-11-16;11;2;3
CLI0185;2024-11-23;6;5;5
CLI0185;2024-11-30;12;3;2
CLI0185;2024-12-07;5;4;3
CLI0185;2024-12-14;3;5;4
CLI0185;2024-12-21;11;1;5
CLI0185;2024-12-28;7;3;3
CLI0186;2024-04-23;6;4;4
CLI0186;2024-04-30;5;2;4
CLI0186;2024-05-07;10;1;2
CLI0186;2024-05-14;7;1;3
CLI0186;2024-05-21;12;1;8
CLI0186;2024-05-28;11;2;6
CLI0186;2024-06-04;8;1;6
CLI0186;2024-06-11;4;4;2
CLI0186;2024-06-18;5;3;4
CLI0186;2024-06-25;3;0;1
CLI0186;2024-07-02;2;0;0
CLI0186;2024-07-09;0;1;1
CLI0186;2024-07-16;1;0;0
CLI0187;2023-09-28;5;5;3
CLI0187;2023-10-05;11;2;5
CLI0187;2023-10-12;4;1;2
CLI0187;2023-10-19;5;2;3
CLI0187;2023-10-26;12;4;2
CLI0187;2023-11-02;8;1;3
CLI0187;2023-11-09;3;3;6
CLI0187;2023-11-16;8;1;5
CLI0187;2023-11-23;9;4;8
CLI0187;2023-11-30;8;2;8
CLI0187;2023-12-07;7;3;5
CLI0187;2023-12-14;3;3;7
CLI0187;2023-12-21;5;2;5
CLI0187;2023-12-28;9;2;8
CLI0187;2024-01-04;7;4;8
CLI0187;2024-01-11;3;1;6
CLI0187;2024-01-18;4;3;3
CLI0187;2024-01-25;3;3;5
CLI0187;2024-02-01;6;3;5
CLI0187;2024-02-08;5;3;3
CLI0187;2024-02-15;8;5;5
CLI0187;2024-02-22;4;4;5
CLI0187;2024-02-29;11;2;3
CLI0187;2024-03-07;8;1;7
CLI0187;2024-03-14;5;4;7
CLI0187;2024-03-21;5;4;5
CLI0187;2024-03-28;3;5;5
CLI0187;2024-04-04;9;4;4
CLI0187;2024-04-11;9;2;8
CLI0187;2024-04-18;5;3;2
CLI0187;2024-04-25;12;4;5
CLI0187;2024-05-02;11;4;6
CLI0187;2024-05-09;7;5;4
CLI0187;2024-05-16;10;4;8
CLI0187;2024-05-23;4;2;6
CLI0187;2024-05-30;3;2;4
CLI0187;2024-06-06;3;1;5
CLI0187;2024-06-13;4;5;4
CLI0187;2024-06-20;11;5;5
CLI0187;2024-06-27;7;2;3
CLI0187;2024-07-04;6;3;8
CLI0187;2024-07-11;7;2;4
CLI0187;2024-07-18;3;3;7
CLI0187;2024-07-25;9;4;6
CLI0187;2024-08-01;5;1;3
CLI0187;2024-08-08;4;3;8
CLI0187;2024-08-15;9;3;6
CLI0187;2024-08-22;8;2;4
CLI0187;2024-08-29;7;5;8
CLI0187;2024-09-05;5;1;5
CLI0187;2024-09-12;7;3;7
CLI0187;2024-09-19;4;1;2
CLI0187;2024-09-26;12;4;8
CLI0187;2024-10-03;6;5;6
CLI0187;2024-10-10;4;5;3
CLI0187;2024-10-17;10;2;2
CLI0187;2024-10-24;9;2;4
CLI0187;2024-10-31;6;3;7
CLI0187;2024-11-07;12;3;6
CLI0187;2024-11-14;11;2;7
CLI0187;2024-11-21;4;5;6
CLI0187;2024-11-28;7;5;8
CLI0187;2024-12-05;9;5;2
CLI0187;2024-12-12;9;4;4
CLI0187;2024-12-19;3;3;8
CLI0187;2024-12-26;4;1;2
CLI0188;2023-07-06;6;3;2
CLI0188;2023-07-13;5;2;8
CLI0188;2023-07-20;3;1;7
CLI0188;2023-07-27;9;1;4
CLI0188;2023-08-03;12;5;5
CLI0188;2023-08-10;0;0;1
CLI0188;2023-08-17;1;0;2
CLI0188;2023-08-24;3;1;0
CLI0188;2023-08-31;0;0;0
CLI0189;2023-03-05;10;5;8
CLI0189;2023-03-12;12;5;6
CLI0189;2023-03-19;3;1;2
CLI0189;2023-03-26;7;1;2
CLI0189;2023-04-02;6;3;5
CLI0189;2023-04-09;4;2;2
CLI0189;2023-04-16;10;1;6
CLI0189;2023-04-23;10;5;5
CLI0189;2023-04-30;3;1;7
CLI0189;2023-05-07;9;2;8
CLI0189;2023-05-14;8;5;8
CLI0189;2023-05-21;3;5;4
CLI0189;2023-05-28;4;5;7
CLI0189;2023-06-04;7;4;8
CLI0189;2023-06-11;11;3;8
CLI0189;2023-06-18;8;1;7
CLI0189;2023-06-25;4;1;3
CLI0189;2023-07-02;10;3;3
CLI0189;2023-07-09;8;5;3
CLI0189;2023-07-16;4;1;5
CLI0189;2023-07-23;5;5;6
CLI0189;2023-07-30;10;5;7
CLI0189;2023-08-06;3;4;3
CLI0189;2023-08-13;10;5;8
CLI0189;2023-08-20;3;2;5
CLI0189;2023-08-27;4;4;2
CLI0189;2023-09-03;9;1;6
CLI0189;2023-09-10;11;1;8
CLI0189;2023-09-17;12;4;8
CLI0189;2023-09-24;5;2;3
CLI0189;2023-10-01;12;5;7
CLI0189;2023-10-08;9;3;5
CLI0189;2023-10-15;10;1;6
CLI0189;2023-10-22;6;4;4
CLI0189;2023-10-29;6;1;5
CLI0189;2023-11-05;9;5;8
CLI0189;2023-11-12;4;1;3
CLI0189;2023-11-19;7;5;2
CLI0189;2023-11-26;11;3;8
CLI0189;2023-12-03;8;4;8
CLI0189;2023-12-10;11;1;2
CLI0189;2023-12-17;5;3;7
CLI0189;2023-12-24;7;2;8
CLI0189;2023-12-31;5;2;5
CLI0189;2024-01-07;5;2;8
CLI0189;2024-01-14;4;4;6
CLI0189;2024-01-21;3;4;6
CLI0189;2024-01-28;9;5;4
CLI0189;2024-02-04;10;3;5
CLI0189;2024-02-11;10;1;5
CLI0189;2024-02-18;10;3;2
CLI0189;2024-02-25;9;5;7
CLI0189;2024-03-03;4;2;6
CLI0189;2024-03-10;8;2;2
CLI0189;2024-03-17;8;1;7
CLI0189;2024-03-24;4;4;4
CLI0189;2024-03-31;5;4;2
CLI0189;2024-04-07;3;4;2
CLI0189;2024-04-14;6;2;4
CLI0189;2024-04-21;3;5;8
CLI0189;2024-04-28;7;2;4
CLI0189;2024-05-05;6;1;6
CLI0189;2024-05-12;11;2;6
CLI0189;2024-05-19;5;3;6
CLI0189;2024-05-26;7;5;2
CLI0189;2024-06-02;6;1;2
CLI0189;2024-06-09;7;1;7
CLI0189;2024-06-16;9;5;8
CLI0189;2024-06-23;4;1;4
CLI0189;2024-06-30;6;1;3
CLI0189;2024-07-07;4;3;2
CLI0189;2024-07-14;9;4;7
CLI0189;2024-07-21;8;5;5
CLI0189;2024-07-28;7;4;7
CLI0189;2024-08-04;6;2;7
CLI0189;2024-08-11;12;3;3
CLI0189;2024-08-18;7;5;2
CLI0189;2024-08-25;4;1;4
CLI0189;2024-09-01;3;1;8
CLI0189;2024-09-08;7;4;5
CLI0189;2024-09-15;7;2;5
CLI0189;2024-09-22;11;5;8
CLI0189;2024-09-29;9;1;4
CLI0189;2024-10-06;10;2;6
CLI0189;2024-10-13;8;3;7
CLI0189;2024-10-20;4;2;6
CLI0189;2024-10-27;4;4;5
CLI0189;2024-11-03;8;1;3
CLI0189;2024-11-10;6;5;4
CLI0189;2024-11-17;12;4;6
CLI0189;2024-11-24;4;3;4
CLI0189;2024-12-01;7;2;5
CLI0189;2024-12-08;3;5;5
CLI0190;2023-06-14;7;4;8
CLI0190;2023-06-21;8;3;5
CLI0190;2023-06-28;10;4;3
CLI0190;2023-07-05;3;3;2
CLI0190;2023-07-12;10;1;2
CLI0190;2023-07-19;3;0;0
CLI0190;2023-07-26;3;1;0
CLI0190;2023-08-02;2;1;2
CLI0190;2023-08-09;2;1;1
CLI0191;2023-08-24;10;3;4
CLI0191;2023-08-31;6;5;2
CLI0191;2023-09-07;5;4;4
CLI0191;2023-09-14;4;3;6
CLI0191;2023-09-21;8;4;7
CLI0191;2023-09-28;5;4;2
CLI0191;2023-10-05;5;5;3
CLI0191;2023-10-12;8;3;8
CLI0191;2023-10-19;9;5;5
CLI0191;2023-10-26;5;4;3
CLI0191;2023-11-02;11;5;8
CLI0191;2023-11-09;7;1;5
CLI0191;2023-11-16;9;4;4
CLI0191;2023-11-23;5;1;5
CLI0191;2023-11-30;9;2;3
CLI0191;2023-12-07;10;1;8
CLI0191;2023-12-14;6;3;3
CLI0191;2023-12-21;11;4;5
CLI0191;2023-12-28;9;2;4
CLI0191;2024-01-04;12;2;3
CLI0191;2024-01-11;11;4;7
CLI0191;2024-01-18;11;4;6
CLI0191;2024-01-25;3;4;7
CLI0191;2024-02-01;3;3;6
CLI0191;2024-02-08;11;4;6
CLI0191;2024-02-15;6;2;2
CLI0191;2024-02-22;8;3;8
CLI0191;2024-02-29;6;3;2
CLI0191;2024-03-07;8;1;7
CLI0191;2024-03-14;11;5;8
CLI0191;2024-03-21;5;4;3
CLI0191;2024-03-28;12;4;7
CLI0191;2024-04-04;4;3;6
CLI0191;2024-04-11;10;4;4
CLI0191;2024-04-18;3;3;3
CLI0191;2024-04-25;8;4;5
CLI0191;2024-05-02;3;4;6
CLI0191;2024-05-09;12;4;5
CLI0191;2024-05-16;8;3;4
CLI0191;2024-05-23;5;4;8
CLI0191;2024-05-30;4;5;7
CLI0191;2024-06-06;3;2;8
CLI0191;2024-06-13;11;3;3
CLI0191;2024-06-20;5;4;3
CLI0191;2024-06-27;9;2;5
CLI0191;2024-07-04;6;2;2
CLI0191;2024-07-11;5;2;7
CLI0191;2024-07-18;5;4;2
CLI0191;2024-07-25;4;1;8
CLI0191;2024-08-01;10;3;7
CLI0191;2024-08-08;10;4;6
CLI0191;2024-08-15;4;4;2
CLI0191;2024-08-22;9;2;2
CLI0191;2024-08-29;7;2;6
CLI0191;2024-09-05;11;3;2
CLI0191;2024-09-12;7;3;8
CLI0191;2024-09-19;11;4;6
CLI0191;2024-09-26;11;2;2
CLI0191;2024-10-03;8;2;2
CLI0191;2024-10-10;9;5;2
CLI0191;2024-10-17;6;5;8
CLI0191;2024-10-24;5;2;2
CLI0191;2024-10-31;5;4;6
CLI0191;2024-11-07;11;1;2
CLI0191;2024-11-14;7;2;7
CLI0191;2024-11-21;9;3;5
CLI0191;2024-11-28;4;1;5
CLI0191;2024-12-05;11;1;8
CLI0191;2024-12-12;4;4;5
CLI0191;2024-12-19;3;2;8
CLI0191;2024-12-26;4;4;3
CLI0192;2024-04-01;3;1;4
CLI0192;2024-04-08;12;2;3
CLI0192;2024-04-15;5;4;8
CLI0192;2024-04-22;10;2;4
CLI0192;2024-04-29;7;4;6
CLI0192;2024-05-06;6;1;8
CLI0192;2024-05-13;10;2;6
CLI0192;2024-05-20;7;4;5
CLI0192;2024-05-27;6;5;2
CLI0192;2024-06-03;11;2;6
CLI0192;2024-06-10;3;4;8
CLI0192;2024-06-17;8;3;2
CLI0192;2024-06-24;5;3;6
CLI0192;2024-07-01;12;5;4
CLI0192;2024-07-08;4;5;3
CLI0192;2024-07-15;12;2;3
CLI0192;2024-07-22;10;2;8
CLI0192;2024-07-29;10;2;6
CLI0192;2024-08-05;4;2;6
CLI0192;2024-08-12;4;4;3
CLI0192;2024-08-19;8;1;4
CLI0192;2024-08-26;12;4;2
CLI0192;2024-09-02;5;4;7
CLI0192;2024-09-09;9;4;5
CLI0192;2024-09-16;8;2;5
CLI0192;2024-09-23;5;5;7
CLI0192;2024-09-30;7;3;3
CLI0192;2024-10-07;12;4;4
CLI0192;2024-10-14;12;5;4
CLI0192;2024-10-21;3;4;7
CLI0192;2024-10-28;3;5;8
CLI0192;2024-11-04;11;4;4
CLI0192;2024-11-11;3;4;7
CLI0192;2024-11-18;10;3;8
CLI0192;2024-11-25;9;1;3
CLI0192;2024-12-02;3;5;2
CLI0192;2024-12-09;4;5;8
CLI0192;2024-12-16;5;5;2
CLI0193;2023-06-19;7;2;6
CLI0193;2023-06-26;3;3;4
CLI0193;2023-07-03;11;5;2
CLI0193;2023-07-10;12;2;3
CLI0193;2023-07-17;5;3;3
CLI0193;2023-07-24;6;2;3
CLI0193;2023-07-31;3;2;3
CLI0193;2023-08-07;8;1;2
CLI0193;2023-08-14;5;3;7
CLI0193;2023-08-21;2;0;2
CLI0193;2023-08-28;0;0;1
CLI0193;2023-09-04;1;0;1
CLI0193;2023-09-11;2;0;0
CLI0194;2024-02-19;6;5;3
CLI0194;2024-02-26;6;2;3
CLI0194;2024-03-04;7;2;5
CLI0194;2024-03-11;5;5;5
CLI0194;2024-03-18;5;1;8
CLI0194;2024-03-25;11;1;4
CLI0194;2024-04-01;12;5;7
CLI0194;2024-04-08;6;1;3
CLI0194;2024-04-15;7;3;2
CLI0194;2024-04-22;5;5;2
CLI0194;2024-04-29;10;3;8
CLI0194;2024-05-06;12;4;4
CLI0194;2024-05-13;12;5;6
CLI0194;2024-05-20;5;1;2
CLI0194;2024-05-27;5;2;5
CLI0194;2024-06-03;9;2;2
CLI0194;2024-06-10;10;4;4
CLI0194;2024-06-17;12;3;4
CLI0194;2024-06-24;5;1;2
CLI0194;2024-07-01;9;2;6
CLI0194;2024-07-08;7;1;6
CLI0194;2024-07-15;6;4;4
CLI0194;2024-07-22;12;1;6
CLI0194;2024-07-29;5;2;5
CLI0194;2024-08-05;10;1;7
CLI0194;2024-08-12;6;1;5
CLI0194;2024-08-19;8;2;7
CLI0194;2024-08-26;9;2;5
CLI0194;2024-09-02;7;4;4
CLI0194;2024-09-09;5;5;7
CLI0194;2024-09-16;9;3;5
CLI0194;2024-09-23;4;2;7
CLI0194;2024-09-30;3;5;5
CLI0194;2024-10-07;4;4;8
CLI0194;2024-10-14;6;1;2
CLI0194;2024-10-21;12;5;3
CLI0194;2024-10-28;11;3;4
CLI0194;2024-11-04;5;3;2
CLI0194;2024-11-11;6;2;7
CLI0194;2024-11-18;4;1;4
CLI0194;2024-11-25;6;3;4
CLI0194;2024-12-02;3;3;2
CLI0194;2024-12-09;7;2;7
CLI0194;2024-12-16;5;1;6
CLI0195;2023-04-18;10;4;6
CLI0195;2023-04-25;3;0;1
CLI0195;2023-05-02;3;1;0
CLI0195;2023-05-09;2;0;2
CLI0195;2023-05-16;1;0;0
CLI0196;2024-05-28;8;5;8
CLI0196;2024-06-04;4;5;3
CLI0196;2024-06-11;3;3;8
CLI0196;2024-06-18;11;4;5
CLI0196;2024-06-25;3;4;5
CLI0196;2024-07-02;9;5;3
CLI0196;2024-07-09;6;2;8
CLI0196;2024-07-16;5;5;6
CLI0196;2024-07-23;11;4;4
CLI0196;2024-07-30;4;3;8
CLI0196;2024-08-06;12;1;3
CLI0196;2024-08-13;8;4;7
CLI0196;2024-08-20;11;3;5
CLI0196;2024-08-27;7;1;6
CLI0196;2024-09-03;8;5;8
CLI0196;2024-09-10;8;5;6
CLI0196;2024-09-17;6;5;3
CLI0196;2024-09-24;8;4;7
CLI0196;2024-10-01;10;2;5
CLI0196;2024-10-08;5;1;7
CLI0196;2024-10-15;11;3;5
CLI0196;2024-10-22;10;2;7
CLI0196;2024-10-29;12;2;4
CLI0196;2024-11-05;7;2;8
CLI0196;2024-11-12;8;3;2
CLI0196;2024-11-19;12;4;3
CLI0196;2024-11-26;11;2;3
CLI0196;2024-12-03;5;3;2
CLI0197;2023-04-19;9;2;8
CLI0197;2023-04-26;7;4;3
CLI0197;2023-05-03;11;4;3
CLI0197;2023-05-10;12;3;3
CLI0197;2023-05-17;3;1;8
CLI0197;2023-05-24;5;2;3
CLI0197;2023-05-31;7;1;4
CLI0197;2023-06-07;12;5;3
CLI0197;2023-06-14;12;1;8
CLI0197;2023-06-21;3;5;7
CLI0197;2023-06-28;9;4;3
CLI0197;2023-07-05;10;1;3
CLI0197;2023-07-12;9;4;2
CLI0197;2023-07-19;7;3;8
CLI0197;2023-07-26;3;5;4
CLI0197;2023-08-02;9;2;3
CLI0197;2023-08-09;4;4;8
CLI0197;2023-08-16;7;1;2
CLI0197;2023-08-23;6;5;2
CLI0197;2023-08-30;3;1;6
CLI0197;2023-09-06;6;2;4
CLI0197;2023-09-13;6;5;6
CLI0197;2023-09-20;5;2;3
CLI0197;2023-09-27;7;4;2
CLI0197;2023-10-04;4;5;3
CLI0197;2023-10-11;9;1;7
CLI0197;2023-10-18;3;4;2
CLI0197;2023-10-25;11;2;5
CLI0197;2023-11-01;10;1;4
CLI0197;2023-11-08;9;3;5
CLI0197;2023-11-15;4;4;8
CLI0197;2023-11-22;3;4;5
CLI0197;2023-11-29;5;4;4
CLI0197;2023-12-06;6;5;7
CLI0197;2023-12-13;8;1;2
CLI0197;2023-12-20;12;3;3
CLI0197;2023-12-27;10;2;3
CLI0197;2024-01-03;7;4;2
CLI0197;2024-01-10;10;4;7
CLI0197;2024-01-17;5;2;7
CLI0197;2024-01-24;4;2;8
CLI0197;2024-01-31;6;4;2
CLI0197;2024-02-07;3;5;4
CLI0197;2024-02-14;7;1;5
CLI0197;2024-02-21;7;2;3
CLI0197;2024-02-28;4;4;4
CLI0197;2024-03-06;7;3;2
CLI0197;2024-03-13;6;4;3
CLI0197;2024-03-20;10;4;7
CLI0197;2024-03-27;9;5;4
CLI0197;2024-04-03;10;4;8
CLI0197;2024-04-10;3;4;8
CLI0197;2024-04-17;6;3;6
CLI0197;2024-04-24;7;2;6
CLI0197;2024-05-01;3;3;5
CLI0197;2024-05-08;4;4;4
CLI0197;2024-05-15;8;1;6
CLI0197;2024-05-22;11;4;2
CLI0197;2024-05-29;4;4;6
CLI0197;2024-06-05;12;5;3
CLI0197;2024-06-12;5;3;7
CLI0197;2024-06-19;5;1;3
CLI0197;2024-06-26;7;5;3
CLI0197;2024-07-03;10;3;4
CLI0197;2024-07-10;7;1;8
CLI0197;2024-07-17;10;2;3
CLI0197;2024-07-24;7;3;5
CLI0197;2024-07-31;8;2;6
CLI0197;2024-08-07;9;5;4
CLI0197;2024-08-14;10;5;8
CLI0197;2024-08-21;3;2;4
CLI0197;2024-08-28;7;5;4
CLI0197;2024-09-04;6;4;8
CLI0197;2024-09-11;5;4;6
CLI0197;2024-09-18;12;1;4
CLI0197;2024-09-25;10;2;3
CLI0197;2024-10-02;11;4;7
CLI0197;2024-10-09;7;1;7
CLI0197;2024-10-16;3;1;6
CLI0197;2024-10-23;8;2;6
CLI0197;2024-10-30;8;3;5
CLI0197;2024-11-06;7;2;2
CLI0197;2024-11-13;9;3;3
CLI0197;2024-11-20;8;5;6
CLI0197;2024-11-27;3;1;6
CLI0197;2024-12-04;6;4;6
CLI0198;2023-03-21;10;4;7
CLI0198;2023-03-28;4;3;3
CLI0198;2023-04-04;10;5;6
CLI0198;2023-04-11;7;3;3
CLI0198;2023-04-18;10;1;5
CLI0198;2023-04-25;9;1;6
CLI0198;2023-05-02;10;3;5
CLI0198;2023-05-09;7;4;8
CLI0198;2023-05-16;10;2;7
CLI0198;2023-05-23;9;2;5
CLI0198;2023-05-30;11;1;4
CLI0198;2023-06-06;7;1;6
CLI0198;2023-06-13;8;5;7
CLI0198;2023-06-20;12;5;2
CLI0198;2023-06-27;3;2;5
CLI0198;2023-07-04;10;2;6
CLI0198;2023-07-11;4;1;8
CLI0198;2023-07-18;11;3;4
CLI0198;2023-07-25;3;4;7
CLI0198;2023-08-01;11;4;2
CLI0198;2023-08-08;7;2;4
CLI0198;2023-08-15;9;4;2
CLI0198;2023-08-22;8;1;3
CLI0198;2023-08-29;6;4;4
CLI0198;2023-09-05;9;5;6
CLI0198;2023-09-12;6;2;2
CLI0198;2023-09-19;9;4;7
CLI0198;2023-09-26;10;2;2
CLI0198;2023-10-03;9;4;7
CLI0198;2023-10-10;4;5;3
CLI0198;2023-10-17;5;2;5
CLI0198;2023-10-24;9;4;6
CLI0198;2023-10-31;7;1;6
CLI0198;2023-11-07;3;5;5
CLI0198;2023-11-14;11;5;5
CLI0198;2023-11-21;8;2;6
CLI0198;2023-11-28;8;5;8
CLI0198;2023-12-05;3;4;5
CLI0198;2023-12-12;6;5;5
CLI0198;2023-12-19;6;3;7
CLI0198;2023-12-26;5;5;7
CLI0198;2024-01-02;12;5;8
CLI0198;2024-01-09;10;4;2
CLI0198;2024-01-16;8;3;8
CLI0198;2024-01-23;3;3;6
CLI0198;2024-01-30;5;2;8
CLI0198;2024-02-06;4;4;2
CLI0198;2024-02-13;7;5;5
CLI0198;2024-02-20;4;5;8
CLI0198;2024-02-27;9;4;2
CLI0198;2024-03-05;9;4;3
CLI0198;2024-03-12;5;1;8
CLI0198;2024-03-19;4;4;8
CLI0198;2024-03-26;5;5;7
CLI0198;2024-04-02;3;4;3
CLI0198;2024-04-09;12;5;3
CLI0198;2024-04-16;11;5;2
CLI0198;2024-04-23;12;5;3
CLI0198;2024-04-30;10;1;6
CLI0198;2024-05-07;5;4;7
CLI0198;2024-05-14;8;2;8
CLI0198;2024-05-21;6;4;2
CLI0198;2024-05-28;10;1;6
CLI0198;2024-06-04;9;3;6
CLI0198;2024-06-11;7;2;5
CLI0198;2024-06-18;12;3;3
CLI0198;2024-06-25;3;2;7
CLI0198;2024-07-02;12;5;7
CLI0198;2024-07-09;6;1;7
CLI0198;2024-07-16;6;3;4
CLI0198;2024-07-23;12;1;2
CLI0198;2024-07-30;7;3;8
CLI0198;2024-08-06;12;5;5
CLI0198;2024-08-13;10;1;5
CLI0198;2024-08-20;12;2;2
CLI0198;2024-08-27;12;3;8
CLI0198;2024-09-03;11;4;3
CLI0198;2024-09-10;3;3;4
CLI0198;2024-09-17;12;5;3
CLI0198;2024-09-24;7;2;6
CLI0198;2024-10-01;11;3;7
CLI0198;2024-10-08;6;1;7
CLI0198;2024-10-15;5;1;5
CLI0198;2024-10-22;11;1;5
CLI0198;2024-10-29;10;5;8
CLI0198;2024-11-05;3;4;7
CLI0198;2024-11-12;9;3;7
CLI0198;2024-11-19;6;1;4
CLI0198;2024-11-26;11;5;8
CLI0198;2024-12-03;3;1;5
CLI0198;2024-12-10;7;5;7
CLI0198;2024-12-17;5;5;2
CLI0199;2023-12-03;4;4;2
CLI0199;2023-12-10;12;2;5
CLI0199;2023-12-17;7;1;5
CLI0199;2023-12-24;3;2;2
CLI0199;2023-12-31;11;5;2
CLI0199;2024-01-07;11;1;5
CLI0199;2024-01-14;5;4;3
CLI0199;2024-01-21;11;2;6
CLI0199;2024-01-28;9;5;3
CLI0199;2024-02-04;2;0;2
CLI0199;2024-02-11;3;0;2
CLI0199;2024-02-18;0;0;1
CLI0199;2024-02-25;1;1;1
CLI0200;2024-08-16;10;3;2
CLI0200;2024-08-23;4;4;6
CLI0200;2024-08-30;3;4;6
CLI0200;2024-09-06;4;5;5
CLI0200;2024-09-13;4;2;8
CLI0200;2024-09-20;10;4;5
CLI0200;2024-09-27;5;1;6
CLI0200;2024-10-04;3;5;3
CLI0200;2024-10-11;3;2;6
CLI0200;2024-10-18;4;4;2
CLI0200;2024-10-25;5;4;3
CLI0200;2024-11-01;7;3;4
CLI0200;2024-11-08;6;3;8
CLI0200;2024-11-15;12;4;7
CLI0200;2024-11-22;5;3;4
CLI0200;2024-11-29;11;4;2
CLI0200;2024-12-06;4;2;2
CLI0201;2023-10-30;5;3;3
CLI0201;2023-11-06;9;5;2
CLI0201;2023-11-13;12;1;3
CLI0201;2023-11-20;6;4;4
CLI0201;2023-11-27;6;1;3
CLI0201;2023-12-04;11;3;6
CLI0201;2023-12-11;10;4;8
CLI0201;2023-12-18;3;2;6
CLI0201;2023-12-25;9;4;2
CLI0201;2024-01-01;5;3;3
CLI0201;2024-01-08;9;3;3
CLI0201;2024-01-15;7;1;4
CLI0201;2024-01-22;8;2;7
CLI0201;2024-01-29;9;3;6
CLI0201;2024-02-05;4;5;8
CLI0201;2024-02-12;10;3;8
CLI0201;2024-02-19;7;1;3
CLI0201;2024-02-26;9;3;8
CLI0201;2024-03-04;11;5;3
CLI0201;2024-03-11;4;3;8
CLI0201;2024-03-18;12;4;5
CLI0201;2024-03-25;6;5;4
CLI0201;2024-04-01;7;4;5
CLI0201;2024-04-08;5;2;3
CLI0201;2024-04-15;6;4;2
CLI0201;2024-04-22;9;4;8
CLI0201;2024-04-29;10;5;8
CLI0201;2024-05-06;12;5;5
CLI0201;2024-05-13;7;5;2
CLI0201;2024-05-20;5;3;6
CLI0201;2024-05-27;7;5;8
CLI0201;2024-06-03;10;2;3
CLI0201;2024-06-10;3;3;3
CLI0201;2024-06-17;12;5;5
CLI0201;2024-06-24;5;2;5
CLI0201;2024-07-01;12;5;3
CLI0201;2024-07-08;3;4;5
CLI0201;2024-07-15;9;1;5
CLI0201;2024-07-22;12;5;5
CLI0201;2024-07-29;5;2;4
CLI0201;2024-08-05;9;5;6
CLI0201;2024-08-12;12;2;6
CLI0201;2024-08-19;12;5;3
CLI0201;2024-08-26;6;3;8
CLI0201;2024-09-02;11;4;8
CLI0201;2024-09-09;9;5;6
CLI0201;2024-09-16;10;4;5
CLI0201;2024-09-23;12;2;4
CLI0201;2024-09-30;9;1;4
CLI0201;2024-10-07;4;2;4
CLI0201;2024-10-14;11;2;2
CLI0201;2024-10-21;11;3;6
CLI0201;2024-10-28;6;1;4
CLI0201;2024-11-04;6;5;6
CLI0201;2024-11-11;6;5;2
CLI0201;2024-11-18;5;2;5
CLI0201;2024-11-25;3;1;2
CLI0201;2024-12-02;4;3;4
CLI0201;2024-12-09;3;4;5
CLI0201;2024-12-16;5;5;7
CLI0202;2023-03-10;6;1;8
CLI0202;2023-03-17;7;5;2
CLI0202;2023-03-24;6;3;2
CLI0202;2023-03-31;3;2;6
CLI0202;2023-04-07;12;4;4
CLI0202;2023-04-14;5;5;5
CLI0202;2023-04-21;5;1;6
CLI0202;2023-04-28;12;5;5
CLI0202;2023-05-05;8;4;4
CLI0202;2023-05-12;5;2;4
CLI0202;2023-05-19;3;3;6
CLI0202;2023-05-26;5;1;6
CLI0202;2023-06-02;5;2;4
CLI0202;2023-06-09;6;1;6
CLI0202;2023-06-16;10;4;5
CLI0202;2023-06-23;12;1;6
CLI0202;2023-06-30;7;5;6
CLI0202;2023-07-07;9;2;6
CLI0202;2023-07-14;11;1;7
CLI0202;2023-07-21;8;4;6
CLI0202;2023-07-28;5;1;2
CLI0202;2023-08-04;10;3;3
CLI0202;2023-08-11;3;4;6
CLI0202;2023-08-18;9;4;2
CLI0202;2023-08-25;11;4;6
CLI0202;2023-09-01;8;4;3
CLI0202;2023-09-08;7;1;4
CLI0202;2023-09-15;6;3;5
CLI0202;2023-09-22;7;1;7
CLI0202;2023-09-29;5;3;3
CLI0202;2023-10-06;4;2;5
CLI0202;2023-10-13;12;3;8
CLI0202;2023-10-20;9;1;2
CLI0202;2023-10-27;3;4;5
CLI0202;2023-11-03;10;2;7
CLI0202;2023-11-10;5;1;5
CLI0202;2023-11-17;8;1;3
CLI0202;2023-11-24;9;1;8
CLI0202;2023-12-01;12;2;2
CLI0202;2023-12-08;5;3;8
CLI0202;2023-12-15;12;5;6
CLI0202;2023-12-22;4;5;3
CLI0202;2023-12-29;11;4;3
CLI0202;2024-01-05;6;4;2
CLI0202;2024-01-12;6;3;7
CLI0202;2024-01-19;5;3;8
CLI0202;2024-01-26;7;3;8
CLI0202;2024-02-02;10;3;6
CLI0202;2024-02-09;12;1;8
CLI0202;2024-02-16;7;4;5
CLI0202;2024-02-23;3;4;7
CLI0202;2024-03-01;11;4;8
CLI0202;2024-03-08;5;2;4
CLI0202;2024-03-15;4;1;7
CLI0202;2024-03-22;10;4;4
CLI0202;2024-03-29;4;5;2
CLI0202;2024-04-05;10;1;7
CLI0202;2024-04-12;11;3;2
CLI0202;2024-04-19;10;2;7
CLI0202;2024-04-26;5;5;6
CLI0202;2024-05-03;8;1;4
CLI0202;2024-05-10;8;4;3
CLI0202;2024-05-17;7;1;6
CLI0202;2024-05-24;4;5;8
CLI0202;2024-05-31;8;5;2
CLI0202;2024-06-07;8;3;6
CLI0202;2024-06-14;4;1;4
CLI0202;2024-06-21;10;3;4
CLI0202;2024-06-28;12;4;7
CLI0202;2024-07-05;8;2;6
CLI0202;2024-07-12;4;4;2
CLI0202;2024-07-19;10;4;2
CLI0202;2024-07-26;3;3;2
CLI0202;2024-08-02;12;2;8
CLI0202;2024-08-09;3;3;4
CLI0202;2024-08-16;7;1;6
CLI0202;2024-08-23;7;1;8
CLI0202;2024-08-30;6;5;8
CLI0202;2024-09-06;11;2;3
CLI0202;2024-09-13;4;5;2
CLI0202;2024-09-20;6;5;5
CLI0202;2024-09-27;9;2;8
CLI0202;2024-10-04;3;2;6
CLI0202;2024-10-11;8;5;6
CLI0202;2024-10-18;9;3;7
CLI0202;2024-10-25;3;4;6
CLI0202;2024-11-01;11;1;3
CLI0202;2024-11-08;9;3;3
CLI0202;2024-11-15;12;3;2
CLI0202;2024-11-22;9;3;7
CLI0202;2024-11-29;9;5;3
CLI0202;2024-12-06;6;2;4
CLI0203;2024-03-03;10;3;4
CLI0203;2024-03-10;3;5;6
CLI0203;2024-03-17;3;4;5
CLI0203;2024-03-24;3;5;7
CLI0203;2024-03-31;12;5;5
CLI0203;2024-04-07;0;1;0
CLI0203;2024-04-14;0;0;1
CLI0203;2024-04-21;3;0;1
CLI0203;2024-04-28;2;0;0
CLI0204;2023-04-05;9;4;2
CLI0204;2023-04-12;1;0;1
CLI0204;2023-04-19;2;1;1
CLI0204;2023-04-26;3;0;1
CLI0204;2023-05-03;1;1;0
CLI0205;2023-07-10;9;1;4
CLI0205;2023-07-17;10;2;3
CLI0205;2023-07-24;3;3;3
CLI0205;2023-07-31;12;4;7
CLI0205;2023-08-07;3;4;5
CLI0205;2023-08-14;7;3;7
CLI0205;2023-08-21;7;3;5
CLI0205;2023-08-28;3;5;7
CLI0205;2023-09-04;5;2;2
CLI0205;2023-09-11;10;1;4
CLI0205;2023-09-18;9;1;8
CLI0205;2023-09-25;12;5;4
CLI0205;2023-10-02;6;5;4
CLI0205;2023-10-09;9;4;8
CLI0205;2023-10-16;9;4;3
CLI0205;2023-10-23;9;2;3
CLI0205;2023-10-30;8;5;5
CLI0205;2023-11-06;3;3;3
CLI0205;2023-11-13;3;2;7
CLI0205;2023-11-20;9;1;7
CLI0205;2023-11-27;11;3;2
CLI0205;2023-12-04;5;3;5
CLI0205;2023-12-11;11;4;2
CLI0205;2023-12-18;6;4;6
CLI0205;2023-12-25;9;1;4
CLI0205;2024-01-01;3;4;3
CLI0205;2024-01-08;3;4;5
CLI0205;2024-01-15;6;4;8
CLI0205;2024-01-22;3;3;2
CLI0205;2024-01-29;5;5;7
CLI0205;2024-02-05;4;4;4
CLI0205;2024-02-12;3;5;6
CLI0205;2024-02-19;12;1;2
CLI0205;2024-02-26;6;5;2
CLI0205;2024-03-04;12;1;3
CLI0205;2024-03-11;3;2;7
CLI0205;2024-03-18;3;2;4
CLI0205;2024-03-25;5;1;6
CLI0205;2024-04-01;7;3;3
CLI0205;2024-04-08;6;4;8
CLI0205;2024-04-15;8;5;5
CLI0205;2024-04-22;12;3;3
CLI0205;2024-04-29;4;5;7
CLI0205;2024-05-06;5;4;2
CLI0205;2024-05-13;3;5;7
CLI0205;2024-05-20;11;4;2
CLI0205;2024-05-27;5;4;4
CLI0205;2024-06-03;10;3;7
CLI0205;2024-06-10;8;3;8
CLI0205;2024-06-17;7;5;3
CLI0205;2024-06-24;3;3;4
CLI0205;2024-07-01;11;5;4
CLI0205;2024-07-08;7;3;3
CLI0205;2024-07-15;11;1;2
CLI0205;2024-07-22;11;1;7
CLI0205;2024-07-29;11;1;7
CLI0205;2024-08-05;11;5;5
CLI0205;2024-08-12;8;3;6
CLI0205;2024-08-19;6;3;8
CLI0205;2024-08-26;7;3;5
CLI0205;2024-09-02;9;2;8
CLI0205;2024-09-09;5;5;8
CLI0205;2024-09-16;8;2;2
CLI0205;2024-09-23;10;5;5
CLI0205;2024-09-30;3;3;7
CLI0205;2024-10-07;9;4;2
CLI0205;2024-10-14;6;4;2
CLI0205;2024-10-21;9;2;4
CLI0205;2024-10-28;11;4;2
CLI0205;2024-11-04;10;1;4
CLI0205;2024-11-11;10;2;8
CLI0205;2024-11-18;9;4;2
CLI0205;2024-11-25;5;2;4
CLI0205;2024-12-02;4;3;6
CLI0205;2024-12-09;8;1;2
CLI0206;2024-01-19;6;1;5
CLI0206;2024-01-26;10;1;4
CLI0206;2024-02-02;9;1;4
CLI0206;2024-02-09;11;4;6
CLI0206;2024-02-16;3;3;3
CLI0206;2024-02-23;5;3;4
CLI0206;2024-03-01;4;2;3
CLI0206;2024-03-08;12;3;4
CLI0206;2024-03-15;10;5;4
CLI0206;2024-03-22;3;4;4
CLI0206;2024-03-29;8;2;2
CLI0206;2024-04-05;8;4;6
CLI0206;2024-04-12;3;3;7
CLI0206;2024-04-19;10;1;6
CLI0206;2024-04-26;4;5;7
CLI0206;2024-05-03;12;5;5
CLI0206;2024-05-10;9;3;8
CLI0206;2024-05-17;9;5;3
CLI0206;2024-05-24;9;3;5
CLI0206;2024-05-31;4;5;3
CLI0206;2024-06-07;6;3;7
CLI0206;2024-06-14;12;4;4
CLI0206;2024-06-21;11;4;5
CLI0206;2024-06-28;11;1;4
CLI0206;2024-07-05;10;1;8
CLI0206;2024-07-12;5;2;7
CLI0206;2024-07-19;10;4;8
CLI0206;2024-07-26;4;5;4
CLI0206;2024-08-02;6;1;8
CLI0206;2024-08-09;4;5;3
CLI0206;2024-08-16;5;1;6
CLI0206;2024-08-23;8;4;5
CLI0206;2024-08-30;6;2;3
CLI0206;2024-09-06;5;5;7
CLI0206;2024-09-13;10;2;8
CLI0206;2024-09-20;5;2;6
CLI0206;2024-09-27;9;3;4
CLI0206;2024-10-04;3;2;8
CLI0206;2024-10-11;11;2;4
CLI0206;2024-10-18;6;2;8
CLI0206;2024-10-25;9;4;5
CLI0206;2024-11-01;12;5;7
CLI0206;2024-11-08;5;3;3
CLI0206;2024-11-15;10;4;3
CLI0206;2024-11-22;12;2;3
CLI0206;2024-11-29;11;3;7
CLI0206;2024-12-06;5;1;3
CLI0206;2024-12-13;6;2;2
CLI0207;2024-08-12;9;5;3
CLI0207;2024-08-19;1;0;1
CLI0207;2024-08-26;2;0;0
CLI0207;2024-09-02;1;0;1
CLI0207;2024-09-09;1;1;1
CLI0208;2024-06-21;10;3;8
CLI0208;2024-06-28;8;1;4
CLI0208;2024-07-05;7;3;3
CLI0208;2024-07-12;9;1;5
CLI0208;2024-07-19;8;4;6
CLI0208;2024-07-26;12;5;2
CLI0208;2024-08-02;6;5;3
CLI0208;2024-08-09;4;1;2
CLI0208;2024-08-16;9;3;3
CLI0208;2024-08-23;6;2;3
CLI0208;2024-08-30;9;2;3
CLI0208;2024-09-06;10;4;5
CLI0208;2024-09-13;10;2;3
CLI0208;2024-09-20;4;4;7
CLI0208;2024-09-27;3;0;1
CLI0208;2024-10-04;2;0;2
CLI0208;2024-10-11;3;0;2
CLI0208;2024-10-18;3;0;0
CLI0209;2024-07-25;8;5;4
CLI0209;2024-08-01;5;5;6
CLI0209;2024-08-08;7;2;7
CLI0209;2024-08-15;7;1;7
CLI0209;2024-08-22;3;4;8
CLI0209;2024-08-29;7;1;3
CLI0209;2024-09-05;10;3;2
CLI0209;2024-09-12;9;4;8
CLI0209;2024-09-19;8;5;3
CLI0209;2024-09-26;9;4;5
CLI0209;2024-10-03;5;3;6
CLI0209;2024-10-10;3;4;8
CLI0209;2024-10-17;5;1;8
CLI0209;2024-10-24;3;2;7
CLI0209;2024-10-31;9;2;8
CLI0209;2024-11-07;11;3;7
CLI0209;2024-11-14;9;3;5
CLI0209;2024-11-21;4;3;6
CLI0209;2024-11-28;10;3;4
CLI0209;2024-12-05;12;4;7
CLI0209;2024-12-12;12;2;2
CLI0209;2024-12-19;11;2;6
CLI0209;2024-12-26;12;4;7
CLI0210;2024-08-11;12;5;5
CLI0210;2024-08-18;3;5;7
CLI0210;2024-08-25;12;3;8
CLI0210;2024-09-01;8;1;8
CLI0210;2024-09-08;7;5;7
CLI0210;2024-09-15;6;2;8
CLI0210;2024-09-22;9;4;4
CLI0210;2024-09-29;6;2;3
CLI0210;2024-10-06;6;5;4
CLI0210;2024-10-13;9;1;3
CLI0210;2024-10-20;4;2;7
CLI0210;2024-10-27;11;5;7
CLI0210;2024-11-03;11;1;7
CLI0210;2024-11-10;4;3;6
CLI0210;2024-11-17;7;5;4
CLI0210;2024-11-24;6;3;2
CLI0210;2024-12-01;3;1;3
CLI0210;2024-12-08;10;4;7
CLI0210;2024-12-15;5;2;3
CLI0211;2024-08-28;7;2;8
CLI0211;2024-09-04;5;3;5
CLI0211;2024-09-11;10;5;7
CLI0211;2024-09-18;10;1;8
CLI0211;2024-09-25;11;5;6
CLI0211;2024-10-02;5;2;3
CLI0211;2024-10-09;10;5;7
CLI0211;2024-10-16;11;4;2
CLI0211;2024-10-23;8;5;8
CLI0211;2024-10-30;7;1;5
CLI0211;2024-11-06;11;1;5
CLI0211;2024-11-13;4;2;7
CLI0211;2024-11-20;7;5;7
CLI0211;2024-11-27;8;4;4
CLI0211;2024-12-04;10;5;6
CLI0211;2024-12-11;11;3;5
CLI0212;2023-01-26;10;5;4
CLI0212;2023-02-02;12;4;3
CLI0212;2023-02-09;11;2;2
CLI0212;2023-02-16;12;4;3
CLI0212;2023-02-23;6;4;8
CLI0212;2023-03-02;4;1;8
CLI0212;2023-03-09;11;1;6
CLI0212;2023-03-16;5;4;2
CLI0212;2023-03-23;9;4;3
CLI0212;2023-03-30;3;1;5
CLI0212;2023-04-06;8;3;4
CLI0212;2023-04-13;10;5;5
CLI0212;2023-04-20;7;3;5
CLI0212;2023-04-27;11;4;4
CLI0212;2023-05-04;8;3;5
CLI0212;2023-05-11;8;1;3
CLI0212;2023-05-18;7;4;5
CLI0212;2023-05-25;7;1;2
CLI0212;2023-06-01;3;4;6
CLI0212;2023-06-08;10;3;6
CLI0212;2023-06-15;9;5;8
CLI0212;2023-06-22;5;3;7
CLI0212;2023-06-29;3;3;2
CLI0212;2023-07-06;9;4;4
CLI0212;2023-07-13;7;3;2
CLI0212;2023-07-20;5;2;4
CLI0212;2023-07-27;7;3;2
CLI0212;2023-08-03;11;5;6
CLI0212;2023-08-10;10;3;2
CLI0212;2023-08-17;5;2;3
CLI0212;2023-08-24;11;4;6
CLI0212;2023-08-31;9;1;6
CLI0212;2023-09-07;6;3;8
CLI0212;2023-09-14;10;1;7
CLI0212;2023-09-21;4;4;2
CLI0212;2023-09-28;6;4;3
CLI0212;2023-10-05;3;5;4
CLI0212;2023-10-12;7;2;3
CLI0212;2023-10-19;11;4;2
CLI0212;2023-10-26;5;1;8
CLI0212;2023-11-02;8;1;6
CLI0212;2023-11-09;12;5;3
CLI0212;2023-11-16;3;5;8
CLI0212;2023-11-23;7;1;3
CLI0212;2023-11-30;7;5;2
CLI0212;2023-12-07;12;4;7
CLI0212;2023-12-14;4;5;5
CLI0212;2023-12-21;12;4;8
CLI0212;2023-12-28;12;4;3
CLI0212;2024-01-04;7;3;3
CLI0212;2024-01-11;11;3;2
CLI0212;2024-01-18;6;3;5
CLI0212;2024-01-25;12;3;6
CLI0212;2024-02-01;3;3;4
CLI0212;2024-02-08;3;4;3
CLI0212;2024-02-15;8;4;8
CLI0212;2024-02-22;10;3;6
CLI0212;2024-02-29;3;5;4
CLI0212;2024-03-07;10;2;6
CLI0212;2024-03-14;7;1;4
CLI0212;2024-03-21;12;5;2
CLI0212;2024-03-28;5;4;2
CLI0212;2024-04-04;5;5;4
CLI0212;2024-04-11;7;2;7
CLI0212;2024-04-18;3;2;2
CLI0212;2024-04-25;8;5;6
CLI0212;2024-05-02;5;3;6
CLI0212;2024-05-09;7;5;8
CLI0212;2024-05-16;3;4;3
CLI0212;2024-05-23;7;2;2
CLI0212;2024-05-30;6;1;6
CLI0212;2024-06-06;10;4;5
CLI0212;2024-06-13;7;5;5
CLI0212;2024-06-20;10;3;6
CLI0212;2024-06-27;8;1;7
CLI0212;2024-07-04;7;1;6
CLI0212;2024-07-11;9;3;7
CLI0212;2024-07-18;11;2;3
CLI0212;2024-07-25;3;5;6
CLI0212;2024-08-01;5;5;4
CLI0212;2024-08-08;11;4;7
CLI0212;2024-08-15;11;3;2
CLI0212;2024-08-22;12;4;3
CLI0212;2024-08-29;6;2;3
CLI0212;2024-09-05;9;1;7
CLI0212;2024-09-12;8;5;5
CLI0212;2024-09-19;12;3;3
CLI0212;2024-09-26;10;4;8
CLI0212;2024-10-03;10;3;6
CLI0212;2024-10-10;6;1;8
CLI0212;2024-10-17;10;2;7
CLI0212;2024-10-24;3;4;5
CLI0212;2024-10-31;5;5;3
CLI0212;2024-11-07;4;3;2
CLI0212;2024-11-14;11;1;5
CLI0212;2024-11-21;11;5;3
CLI0212;2024-11-28;7;2;5
CLI0212;2024-12-05;8;3;6
CLI0212;2024-12-12;7;4;6
CLI0213;2024-07-15;5;2;3
CLI0213;2024-07-22;10;2;3
CLI0213;2024-07-29;10;1;5
CLI0213;2024-08-05;12;5;6
CLI0213;2024-08-12;3;2;3
CLI0213;2024-08-19;6;4;7
CLI0213;2024-08-26;12;1;2
CLI0213;2024-09-02;9;3;8
CLI0213;2024-09-09;7;5;7
CLI0213;2024-09-16;10;1;7
CLI0213;2024-09-23;11;3;8
CLI0213;2024-09-30;10;4;6
CLI0213;2024-10-07;8;3;2
CLI0213;2024-10-14;10;4;5
CLI0213;2024-10-21;8;3;3
CLI0213;2024-10-28;12;5;2
CLI0213;2024-11-04;11;5;6
CLI0213;2024-11-11;3;4;7
CLI0213;2024-11-18;6;4;6
CLI0213;2024-11-25;4;3;6
CLI0213;2024-12-02;4;3;5
CLI0213;2024-12-09;12;1;6
CLI0213;2024-12-16;12;3;4
CLI0214;2024-06-06;9;5;3
CLI0214;2024-06-13;11;3;6
CLI0214;2024-06-20;11;4;5
CLI0214;2024-06-27;6;5;2
CLI0214;2024-07-04;5;1;7
CLI0214;2024-07-11;10;4;2
CLI0214;2024-07-18;5;2;6
CLI0214;2024-07-25;9;1;3
CLI0214;2024-08-01;4;5;2
CLI0214;2024-08-08;8;1;6
CLI0214;2024-08-15;11;1;3
CLI0214;2024-08-22;12;5;6
CLI0214;2024-08-29;9;1;6
CLI0214;2024-09-05;5;1;7
CLI0214;2024-09-12;10;1;5
CLI0214;2024-09-19;9;5;2
CLI0214;2024-09-26;4;1;5
CLI0214;2024-10-03;12;2;3
CLI0214;2024-10-10;10;2;6
CLI0214;2024-10-17;11;2;5
CLI0214;2024-10-24;11;5;3
CLI0214;2024-10-31;6;3;7
CLI0214;2024-11-07;11;4;7
CLI0214;2024-11-14;7;5;5
CLI0214;2024-11-21;3;2;7
CLI0214;2024-11-28;8;1;5
CLI0214;2024-12-05;10;3;5
CLI0214;2024-12-12;11;5;5
CLI0214;2024-12-19;11;2;3
CLI0215;2023-12-13;10;2;7
CLI0215;2023-12-20;4;2;8
CLI0215;2023-12-27;6;1;4
CLI0215;2024-01-03;8;3;7
CLI0215;2024-01-10;3;3;5
CLI0215;2024-01-17;3;3;3
CLI0215;2024-01-24;4;5;5
CLI0215;2024-01-31;12;5;7
CLI0215;2024-02-07;6;5;4
CLI0215;2024-02-14;7;3;2
CLI0215;2024-02-21;7;3;6
CLI0215;2024-02-28;11;2;2
CLI0215;2024-03-06;4;3;2
CLI0215;2024-03-13;7;4;2
CLI0215;2024-03-20;4;2;3
CLI0215;2024-03-27;8;1;3
CLI0215;2024-04-03;9;5;5
CLI0215;2024-04-10;4;3;7
CLI0215;2024-04-17;9;5;6
CLI0215;2024-04-24;4;1;6
CLI0215;2024-05-01;10;4;6
CLI0215;2024-05-08;10;5;2
CLI0215;2024-05-15;5;2;7
CLI0215;2024-05-22;7;3;4
CLI0215;2024-05-29;9;5;4
CLI0215;2024-06-05;7;4;5
CLI0215;2024-06-12;12;3;2
CLI0215;2024-06-19;6;4;7
CLI0215;2024-06-26;9;3;8
CLI0215;2024-07-03;3;1;5
CLI0215;2024-07-10;6;2;6
CLI0215;2024-07-17;8;4;3
CLI0215;2024-07-24;10;5;7
CLI0215;2024-07-31;6;1;4
CLI0215;2024-08-07;12;4;4
CLI0215;2024-08-14;10;2;6
CLI0215;2024-08-21;5;4;3
CLI0215;2024-08-28;4;5;5
CLI0215;2024-09-04;11;2;7
CLI0215;2024-09-11;3;2;6
CLI0215;2024-09-18;4;3;6
CLI0215;2024-09-25;8;3;7
CLI0215;2024-10-02;5;2;3
CLI0215;2024-10-09;5;3;2
CLI0215;2024-10-16;9;3;2
CLI0215;2024-10-23;11;3;7
CLI0215;2024-10-30;7;5;3
CLI0215;2024-11-06;12;4;8
CLI0215;2024-11-13;9;1;5
CLI0215;2024-11-20;6;3;4
CLI0215;2024-11-27;9;4;7
CLI0215;2024-12-04;7;4;3
CLI0215;2024-12-11;4;3;7
CLI0216;2024-08-09;10;3;7
CLI0216;2024-08-16;3;0;1
CLI0216;2024-08-23;1;1;0
CLI0216;2024-08-30;2;0;0
CLI0216;2024-09-06;1;0;1
CLI0217;2023-04-07;7;1;3
CLI0217;2023-04-14;7;3;7
CLI0217;2023-04-21;10;4;7
CLI0217;2023-04-28;3;5;4
CLI0217;2023-05-05;11;2;7
CLI0217;2023-05-12;10;4;4
CLI0217;2023-05-19;3;2;6
CLI0217;2023-05-26;5;5;5
CLI0217;2023-06-02;7;2;3
CLI0217;2023-06-09;3;2;5
CLI0217;2023-06-16;8;1;6
CLI0217;2023-06-23;12;4;7
CLI0217;2023-06-30;5;1;6
CLI0217;2023-07-07;6;4;5
CLI0217;2023-07-14;10;4;2
CLI0217;2023-07-21;12;4;5
CLI0217;2023-07-28;9;4;2
CLI0217;2023-08-04;3;2;4
CLI0217;2023-08-11;9;2;4
CLI0217;2023-08-18;5;1;3
CLI0217;2023-08-25;5;2;7
CLI0217;2023-09-01;6;3;6
CLI0217;2023-09-08;12;5;2
CLI0217;2023-09-15;4;2;7
CLI0217;2023-09-22;10;4;6
CLI0217;2023-09-29;6;4;5
CLI0217;2023-10-06;8;5;7
CLI0217;2023-10-13;3;1;5
CLI0217;2023-10-20;10;5;2
CLI0217;2023-10-27;8;2;7
CLI0217;2023-11-03;7;3;8
CLI0217;2023-11-10;9;1;4
CLI0217;2023-11-17;7;1;6
CLI0217;2023-11-24;5;2;3
CLI0217;2023-12-01;8;1;5
CLI0217;2023-12-08;7;4;4
CLI0217;2023-12-15;9;3;3
CLI0217;2023-12-22;9;1;2
CLI0217;2023-12-29;11;4;3
CLI0217;2024-01-05;10;2;5
CLI0217;2024-01-12;6;1;6
CLI0217;2024-01-19;12;3;7
CLI0217;2024-01-26;9;5;7
CLI0217;2024-02-02;8;3;6
CLI0217;2024-02-09;5;2;5
CLI0217;2024-02-16;10;4;8
CLI0217;2024-02-23;7;1;4
CLI0217;2024-03-01;12;1;2
CLI0217;2024-03-08;6;5;4
CLI0217;2024-03-15;3;2;7
CLI0217;2024-03-22;8;3;2
CLI0217;2024-03-29;6;3;8
CLI0217;2024-04-05;7;3;6
CLI0217;2024-04-12;9;4;3
CLI0217;2024-04-19;5;5;6
CLI0217;2024-04-26;6;5;2
CLI0217;2024-05-03;7;4;8
CLI0217;2024-05-10;6;2;2
CLI0217;2024-05-17;7;3;4
CLI0217;2024-05-24;9;1;4
CLI0217;2024-05-31;10;3;6
CLI0217;2024-06-07;6;2;4
CLI0217;2024-06-14;4;1;4
CLI0217;2024-06-21;12;4;6
CLI0217;2024-06-28;11;4;6
CLI0217;2024-07-05;8;2;2
CLI0217;2024-07-12;5;1;4
CLI0217;2024-07-19;3;5;4
CLI0217;2024-07-26;7;2;5
CLI0217;2024-08-02;10;4;5
CLI0217;2024-08-09;4;5;3
CLI0217;2024-08-16;3;5;8
CLI0217;2024-08-23;8;5;2
CLI0217;2024-08-30;3;1;7
CLI0217;2024-09-06;11;4;3
CLI0217;2024-09-13;4;3;3
CLI0217;2024-09-20;12;1;4
CLI0217;2024-09-27;4;1;4
CLI0217;2024-10-04;6;4;5
CLI0217;2024-10-11;11;4;3
CLI0217;2024-10-18;4;1;5
CLI0217;2024-10-25;11;1;6
CLI0217;2024-11-01;10;1;2
CLI0217;2024-11-08;12;4;7
CLI0217;2024-11-15;11;3;5
CLI0217;2024-11-22;7;2;4
CLI0217;2024-11-29;10;1;5
CLI0217;2024-12-06;11;1;3
CLI0218;2024-03-14;4;3;4
CLI0218;2024-03-21;5;2;2
CLI0218;2024-03-28;9;1;2
CLI0218;2024-04-04;5;2;2
CLI0218;2024-04-11;5;5;5
CLI0218;2024-04-18;8;3;7
CLI0218;2024-04-25;3;3;8
CLI0218;2024-05-02;5;2;4
CLI0218;2024-05-09;4;1;4
CLI0218;2024-05-16;5;1;5
CLI0218;2024-05-23;9;4;2
CLI0218;2024-05-30;4;3;2
CLI0218;2024-06-06;7;3;7
CLI0218;2024-06-13;12;5;3
CLI0218;2024-06-20;3;1;8
CLI0218;2024-06-27;9;4;3
CLI0218;2024-07-04;6;5;3
CLI0218;2024-07-11;5;2;8
CLI0218;2024-07-18;5;3;2
CLI0218;2024-07-25;3;3;3
CLI0218;2024-08-01;12;2;3
CLI0218;2024-08-08;5;1;4
CLI0218;2024-08-15;9;2;7
CLI0218;2024-08-22;3;1;7
CLI0218;2024-08-29;12;1;8
CLI0218;2024-09-05;4;1;8
CLI0218;2024-09-12;6;3;6
CLI0218;2024-09-19;7;2;3
CLI0218;2024-09-26;12;1;3
CLI0218;2024-10-03;6;2;4
CLI0218;2024-10-10;5;5;5
CLI0218;2024-10-17;4;2;3
CLI0218;2024-10-24;6;5;4
CLI0218;2024-10-31;8;4;7
CLI0218;2024-11-07;7;3;3
CLI0218;2024-11-14;6;3;3
CLI0218;2024-11-21;11;4;4
CLI0218;2024-11-28;7;5;5
CLI0218;2024-12-05;9;1;3
CLI0219;2023-09-28;7;2;7
CLI0219;2023-10-05;3;5;4
CLI0219;2023-10-12;6;4;8
CLI0219;2023-10-19;10;4;7
CLI0219;2023-10-26;6;3;7
CLI0219;2023-11-02;12;5;7
CLI0219;2023-11-09;8;2;6
CLI0219;2023-11-16;10;2;4
CLI0219;2023-11-23;9;1;4
CLI0219;2023-11-30;5;4;5
CLI0219;2023-12-07;8;3;6
CLI0219;2023-12-14;4;3;5
CLI0219;2023-12-21;9;2;4
CLI0219;2023-12-28;6;5;2
CLI0219;2024-01-04;12;4;5
CLI0219;2024-01-11;7;1;4
CLI0219;2024-01-18;10;3;3
CLI0219;2024-01-25;6;4;8
CLI0219;2024-02-01;12;3;3
CLI0219;2024-02-08;7;4;8
CLI0219;2024-02-15;7;4;5
CLI0219;2024-02-22;8;2;4
CLI0219;2024-02-29;6;5;6
CLI0219;2024-03-07;9;2;8
CLI0219;2024-03-14;12;5;4
CLI0219;2024-03-21;6;2;4
CLI0219;2024-03-28;6;4;5
CLI0219;2024-04-04;12;2;4
CLI0219;2024-04-11;4;3;5
CLI0219;2024-04-18;4;2;7
CLI0219;2024-04-25;10;4;3
CLI0219;2024-05-02;11;2;4
CLI0219;2024-05-09;7;2;7
CLI0219;2024-05-16;7;4;6
CLI0219;2024-05-23;8;5;7
CLI0219;2024-05-30;9;2;7
CLI0219;2024-06-06;12;1;5
CLI0219;2024-06-13;4;4;7
CLI0219;2024-06-20;11;2;4
CLI0219;2024-06-27;12;4;6
CLI0219;2024-07-04;6;5;6
CLI0219;2024-07-11;11;1;5
CLI0219;2024-07-18;4;3;8
CLI0219;2024-07-25;6;5;2
CLI0219;2024-08-01;4;4;8
CLI0219;2024-08-08;11;2;7
CLI0219;2024-08-15;10;1;2
CLI0219;2024-08-22;6;1;5
CLI0219;2024-08-29;6;4;3
CLI0219;2024-09-05;9;1;5
CLI0219;2024-09-12;5;1;2
CLI0219;2024-09-19;7;5;6
CLI0219;2024-09-26;9;4;6
CLI0219;2024-10-03;3;5;3
CLI0219;2024-10-10;9;3;6
CLI0219;2024-10-17;6;1;3
CLI0219;2024-10-24;4;3;5
CLI0219;2024-10-31;6;5;8
CLI0219;2024-11-07;7;4;5
CLI0219;2024-11-14;5;3;7
CLI0219;2024-11-21;7;2;7
CLI0219;2024-11-28;12;2;5
CLI0219;2024-12-05;7;3;8
CLI0219;2024-12-12;9;2;8
CLI0219;2024-12-19;6;5;2
CLI0220;2024-04-16;12;3;2
CLI0220;2024-04-23;6;4;8
CLI0220;2024-04-30;12;3;6
CLI0220;2024-05-07;4;1;3
CLI0220;2024-05-14;9;4;7
CLI0220;2024-05-21;7;5;5
CLI0220;2024-05-28;4;5;5
CLI0220;2024-06-04;10;1;5
CLI0220;2024-06-11;11;2;3
CLI0220;2024-06-18;8;2;6
CLI0220;2024-06-25;4;1;2
CLI0220;2024-07-02;9;1;3
CLI0220;2024-07-09;8;5;2
CLI0220;2024-07-16;4;4;8
CLI0220;2024-07-23;1;1;1
CLI0220;2024-07-30;2;1;0
CLI0220;2024-08-06;1;0;0
CLI0220;2024-08-13;1;0;1
CLI0221;2023-08-09;6;3;6
CLI0221;2023-08-16;4;3;2
CLI0221;2023-08-23;12;5;8
CLI0221;2023-08-30;7;1;7
CLI0221;2023-09-06;3;1;8
CLI0221;2023-09-13;9;4;6
CLI0221;2023-09-20;6;1;2
CLI0221;2023-09-27;7;5;2
CLI0221;2023-10-04;4;4;2
CLI0221;2023-10-11;7;5;7
CLI0221;2023-10-18;12;1;8
CLI0221;2023-10-25;3;1;8
CLI0221;2023-11-01;7;2;2
CLI0221;2023-11-08;5;5;6
CLI0221;2023-11-15;9;4;2
CLI0221;2023-11-22;9;5;2
CLI0221;2023-11-29;4;5;6
CLI0221;2023-12-06;3;2;4
CLI0221;2023-12-13;5;1;8
CLI0221;2023-12-20;6;3;6
CLI0221;2023-12-27;8;3;6
CLI0221;2024-01-03;7;2;2
CLI0221;2024-01-10;6;3;3
CLI0221;2024-01-17;4;4;2
CLI0221;2024-01-24;10;5;7
CLI0221;2024-01-31;4;4;8
CLI0221;2024-02-07;12;1;3
CLI0221;2024-02-14;11;4;2
CLI0221;2024-02-21;4;3;8
CLI0221;2024-02-28;10;1;8
CLI0221;2024-03-06;4;4;2
CLI0221;2024-03-13;6;2;8
CLI0221;2024-03-20;4;5;7
CLI0221;2024-03-27;7;1;3
CLI0221;2024-04-03;7;4;7
CLI0221;2024-04-10;3;2;6
CLI0221;2024-04-17;11;1;4
CLI0221;2024-04-24;4;1;3
CLI0221;2024-05-01;11;4;8
CLI0221;2024-05-08;7;3;3
CLI0221;2024-05-15;10;1;8
CLI0221;2024-05-22;12;2;5
CLI0221;2024-05-29;10;5;4
CLI0221;2024-06-05;10;4;4
CLI0221;2024-06-12;9;2;6
CLI0221;2024-06-19;4;2;6
CLI0221;2024-06-26;4;1;7
CLI0221;2024-07-03;10;3;6
CLI0221;2024-07-10;4;4;2
CLI0221;2024-07-17;12;3;3
CLI0221;2024-07-24;6;2;2
CLI0221;2024-07-31;8;3;2
CLI0221;2024-08-07;4;2;2
CLI0221;2024-08-14;8;2;4
CLI0221;2024-08-21;3;4;6
CLI0221;2024-08-28;9;2;5
CLI0221;2024-09-04;4;4;6
CLI0221;2024-09-11;7;3;4
CLI0221;2024-09-18;5;3;3
CLI0221;2024-09-25;10;3;2
CLI0221;2024-10-02;3;2;7
CLI0221;2024-10-09;8;3;5
CLI0221;2024-10-16;4;4;6
CLI0221;2024-10-23;11;5;7
CLI0221;2024-10-30;12;3;6
CLI0221;2024-11-06;11;3;5
CLI0221;2024-11-13;9;5;4
CLI0221;2024-11-20;11;5;6
CLI0221;2024-11-27;6;1;2
CLI0221;2024-12-04;8;1;6
CLI0222;2023-12-15;9;2;4
CLI0222;2023-12-22;8;5;4
CLI0222;2023-12-29;5;2;5
CLI0222;2024-01-05;4;4;3
CLI0222;2024-01-12;9;4;3
CLI0222;2024-01-19;8;4;4
CLI0222;2024-01-26;3;3;5
CLI0222;2024-02-02;3;4;2
CLI0222;2024-02-09;3;1;4
CLI0222;2024-02-16;7;1;8
CLI0222;2024-02-23;6;1;8
CLI0222;2024-03-01;9;5;7
CLI0222;2024-03-08;9;2;4
CLI0222;2024-03-15;3;5;5
CLI0222;2024-03-22;1;0;0
CLI0222;2024-03-29;2;1;1
CLI0222;2024-04-05;3;0;2
CLI0222;2024-04-12;2;0;1
CLI0223;2023-05-19;5;2;6
CLI0223;2023-05-26;4;1;4
CLI0223;2023-06-02;5;2;3
CLI0223;2023-06-09;5;5;3
CLI0223;2023-06-16;5;2;6
CLI0223;2023-06-23;5;3;2
CLI0223;2023-06-30;11;3;5
CLI0223;2023-07-07;8;2;6
CLI0223;2023-07-14;6;3;6
CLI0223;2023-07-21;12;5;4
CLI0223;2023-07-28;3;1;4
CLI0223;2023-08-04;4;1;7
CLI0223;2023-08-11;11;3;5
CLI0223;2023-08-18;12;1;3
CLI0223;2023-08-25;8;1;7
CLI0223;2023-09-01;4;2;4
CLI0223;2023-09-08;3;3;3
CLI0223;2023-09-15;8;4;3
CLI0223;2023-09-22;5;5;6
CLI0223;2023-09-29;5;1;8
CLI0223;2023-10-06;9;3;2
CLI0223;2023-10-13;8;4;6
CLI0223;2023-10-20;3;5;8
CLI0223;2023-10-27;10;5;3
CLI0223;2023-11-03;3;2;6
CLI0223;2023-11-10;3;1;2
CLI0223;2023-11-17;7;1;6
CLI0223;2023-11-24;7;3;3
CLI0223;2023-12-01;7;1;6
CLI0223;2023-12-08;8;2;8
CLI0223;2023-12-15;11;1;7
CLI0223;2023-12-22;7;3;5
CLI0223;2023-12-29;11;4;8
CLI0223;2024-01-05;10;3;7
CLI0223;2024-01-12;5;5;2
CLI0223;2024-01-19;5;1;7
CLI0223;2024-01-26;11;5;6
CLI0223;2024-02-02;6;1;5
CLI0223;2024-02-09;6;3;5
CLI0223;2024-02-16;11;1;7
CLI0223;2024-02-23;6;4;6
CLI0223;2024-03-01;12;1;7
CLI0223;2024-03-08;5;1;3
CLI0223;2024-03-15;12;4;4
CLI0223;2024-03-22;6;4;6
CLI0223;2024-03-29;12;1;4
CLI0223;2024-04-05;8;5;4
CLI0223;2024-04-12;8;4;8
CLI0223;2024-04-19;8;5;6
CLI0223;2024-04-26;7;1;6
CLI0223;2024-05-03;7;2;6
CLI0223;2024-05-10;3;4;6
CLI0223;2024-05-17;9;5;7
CLI0223;2024-05-24;3;3;4
CLI0223;2024-05-31;5;5;6
CLI0223;2024-06-07;11;4;2
CLI0223;2024-06-14;9;1;7
CLI0223;2024-06-21;3;4;4
CLI0223;2024-06-28;9;4;3
CLI0223;2024-07-05;6;4;8
CLI0223;2024-07-12;7;3;5
CLI0223;2024-07-19;3;1;5
CLI0223;2024-07-26;8;2;5
CLI0223;2024-08-02;9;1;3
CLI0223;2024-08-09;9;5;2
CLI0223;2024-08-16;7;5;6
CLI0223;2024-08-23;3;2;4
CLI0223;2024-08-30;6;1;6
CLI0223;2024-09-06;7;2;5
CLI0223;2024-09-13;9;5;6
CLI0223;2024-09-20;5;5;8
CLI0223;2024-09-27;9;3;4
CLI0223;2024-10-04;7;4;8
CLI0223;2024-10-11;10;2;4
CLI0223;2024-10-18;3;5;4
CLI0223;2024-10-25;5;2;7
CLI0223;2024-11-01;5;3;3
CLI0223;2024-11-08;6;3;6
CLI0223;2024-11-15;3;1;4
CLI0223;2024-11-22;4;4;7
CLI0223;2024-11-29;5;3;2
CLI0223;2024-12-06;8;3;3
CLI0223;2024-12-13;9;5;2
CLI0224;2023-12-02;12;1;5
CLI0224;2023-12-09;5;4;6
CLI0224;2023-12-16;9;1;3
CLI0224;2023-12-23;7;2;4
CLI0224;2023-12-30;10;1;3
CLI0224;2024-01-06;6;2;7
CLI0224;2024-01-13;5;5;8
CLI0224;2024-01-20;8;5;4
CLI0224;2024-01-27;8;2;3
CLI0224;2024-02-03;4;3;7
CLI0224;2024-02-10;11;2;6
CLI0224;2024-02-17;9;2;2
CLI0224;2024-02-24;7;1;8
CLI0224;2024-03-02;5;5;5
CLI0224;2024-03-09;9;2;7
CLI0224;2024-03-16;12;5;2
CLI0224;2024-03-23;10;2;2
CLI0224;2024-03-30;10;3;3
CLI0224;2024-04-06;12;2;8
CLI0224;2024-04-13;5;1;4
CLI0224;2024-04-20;4;4;5
CLI0224;2024-04-27;11;2;2
CLI0224;2024-05-04;8;2;6
CLI0224;2024-05-11;5;4;5
CLI0224;2024-05-18;12;2;5
CLI0224;2024-05-25;3;4;3
CLI0224;2024-06-01;5;3;8
CLI0224;2024-06-08;3;2;2
CLI0224;2024-06-15;6;5;3
CLI0224;2024-06-22;11;1;4
CLI0224;2024-06-29;11;3;2
CLI0224;2024-07-06;5;2;2
CLI0224;2024-07-13;9;1;7
CLI0224;2024-07-20;12;1;2
CLI0224;2024-07-27;12;2;7
CLI0224;2024-08-03;6;2;4
CLI0224;2024-08-10;12;2;5
CLI0224;2024-08-17;12;4;2
CLI0224;2024-08-24;12;1;2
CLI0224;2024-08-31;3;1;3
CLI0224;2024-09-07;12;3;5
CLI0224;2024-09-14;4;4;3
CLI0224;2024-09-21;5;3;5
CLI0224;2024-09-28;7;4;2
CLI0224;2024-10-05;11;3;4
CLI0224;2024-10-12;12;3;2
CLI0224;2024-10-19;10;5;6
CLI0224;2024-10-26;5;2;2
CLI0224;2024-11-02;7;3;7
CLI0224;2024-11-09;6;2;7
CLI0224;2024-11-16;6;1;5
CLI0224;2024-11-23;10;4;8
CLI0224;2024-11-30;11;1;4
CLI0224;2024-12-07;8;4;4
CLI0224;2024-12-14;10;3;8
CLI0225;2023-09-08;7;3;3
CLI0225;2023-09-15;12;1;2
CLI0225;2023-09-22;10;4;5
CLI0225;2023-09-29;9;4;4
CLI0225;2023-10-06;3;3;3
CLI0225;2023-10-13;10;4;2
CLI0225;2023-10-20;5;1;8
CLI0225;2023-10-27;12;2;6
CLI0225;2023-11-03;4;3;5
CLI0225;2023-11-10;11;1;5
CLI0225;2023-11-17;4;5;2
CLI0225;2023-11-24;5;2;3
CLI0225;2023-12-01;4;1;5
CLI0225;2023-12-08;10;5;7
CLI0225;2023-12-15;10;1;5
CLI0225;2023-12-22;10;4;3
CLI0225;2023-12-29;8;2;3
CLI0225;2024-01-05;5;2;7
CLI0225;2024-01-12;10;1;6
CLI0225;2024-01-19;8;5;3
CLI0225;2024-01-26;4;2;5
CLI0225;2024-02-02;11;3;7
CLI0225;2024-02-09;11;3;5
CLI0225;2024-02-16;6;4;2
CLI0225;2024-02-23;4;3;8
CLI0225;2024-03-01;5;5;4
CLI0225;2024-03-08;6;1;2
CLI0225;2024-03-15;3;2;5
CLI0225;2024-03-22;8;2;6
CLI0225;2024-03-29;11;5;7
CLI0225;2024-04-05;5;2;7
CLI0225;2024-04-12;4;2;3
CLI0225;2024-04-19;7;4;4
CLI0225;2024-04-26;12;5;8
CLI0225;2024-05-03;9;4;6
CLI0225;2024-05-10;6;2;5
CLI0225;2024-05-17;11;3;2
CLI0225;2024-05-24;10;5;3
CLI0225;2024-05-31;10;4;4
CLI0225;2024-06-07;12;1;4
CLI0225;2024-06-14;6;5;3
CLI0225;2024-06-21;3;1;2
CLI0225;2024-06-28;7;1;8
CLI0225;2024-07-05;9;3;3
CLI0225;2024-07-12;9;4;4
CLI0225;2024-07-19;5;4;5
CLI0225;2024-07-26;6;3;2
CLI0225;2024-08-02;5;4;3
CLI0225;2024-08-09;7;3;4
CLI0225;2024-08-16;6;2;5
CLI0225;2024-08-23;8;4;4
CLI0225;2024-08-30;9;5;5
CLI0225;2024-09-06;9;3;6
CLI0225;2024-09-13;10;5;4
CLI0225;2024-09-20;12;4;3
CLI0225;2024-09-27;5;3;8
CLI0225;2024-10-04;12;3;7
CLI0225;2024-10-11;8;1;2
CLI0225;2024-10-18;7;4;7
CLI0225;2024-10-25;5;3;2
CLI0225;2024-11-01;9;5;3
CLI0225;2024-11-08;12;4;4
CLI0225;2024-11-15;9;5;4
CLI0225;2024-11-22;4;2;8
CLI0225;2024-11-29;3;4;8
CLI0225;2024-12-06;5;4;5
CLI0226;2024-05-19;3;5;5
CLI0226;2024-05-26;12;2;4
CLI0226;2024-06-02;7;2;2
CLI0226;2024-06-09;5;5;2
CLI0226;2024-06-16;7;4;8
CLI0226;2024-06-23;8;1;3
CLI0226;2024-06-30;5;2;4
CLI0226;2024-07-07;10;4;6
CLI0226;2024-07-14;3;3;4
CLI0226;2024-07-21;3;1;1
CLI0226;2024-07-28;1;0;0
CLI0226;2024-08-04;3;0;2
CLI0226;2024-08-11;0;1;0
CLI0227;2023-07-28;7;4;6
CLI0227;2023-08-04;5;2;3
CLI0227;2023-08-11;10;2;7
CLI0227;2023-08-18;3;5;7
CLI0227;2023-08-25;7;3;2
CLI0227;2023-09-01;2;1;1
CLI0227;2023-09-08;3;0;1
CLI0227;2023-09-15;1;1;2
CLI0227;2023-09-22;1;0;2
CLI0228;2024-06-16;5;2;2
CLI0228;2024-06-23;0;1;1
CLI0228;2024-06-30;3;0;0
CLI0228;2024-07-07;2;0;2
CLI0228;2024-07-14;3;0;0
CLI0229;2023-08-06;9;1;8
CLI0229;2023-08-13;11;2;7
CLI0229;2023-08-20;11;5;5
CLI0229;2023-08-27;10;1;7
CLI0229;2023-09-03;6;4;2
CLI0229;2023-09-10;8;3;6
CLI0229;2023-09-17;7;4;6
CLI0229;2023-09-24;5;1;6
CLI0229;2023-10-01;8;4;4
CLI0229;2023-10-08;12;1;2
CLI0229;2023-10-15;6;2;4
CLI0229;2023-10-22;12;3;8
CLI0229;2023-10-29;4;5;3
CLI0229;2023-11-05;8;1;8
CLI0229;2023-11-12;3;1;2
CLI0229;2023-11-19;8;3;5
CLI0229;2023-11-26;4;4;4
CLI0229;2023-12-03;11;1;6
CLI0229;2023-12-10;3;2;6
CLI0229;2023-12-17;11;5;7
CLI0229;2023-12-24;3;3;4
CLI0229;2023-12-31;4;1;4
CLI0229;2024-01-07;3;3;3
CLI0229;2024-01-14;4;3;5
CLI0229;2024-01-21;9;5;4
CLI0229;2024-01-28;4;2;8
CLI0229;2024-02-04;8;2;6
CLI0229;2024-02-11;4;3;6
CLI0229;2024-02-18;6;4;4
CLI0229;2024-02-25;10;3;4
CLI0229;2024-03-03;11;1;3
CLI0229;2024-03-10;3;5;7
CLI0229;2024-03-17;3;1;5
CLI0229;2024-03-24;11;3;5
CLI0229;2024-03-31;7;4;2
CLI0229;2024-04-07;10;4;6
CLI0229;2024-04-14;7;1;2
CLI0229;2024-04-21;12;1;3
CLI0229;2024-04-28;10;1;5
CLI0229;2024-05-05;12;5;7
CLI0229;2024-05-12;11;2;5
CLI0229;2024-05-19;4;4;2
CLI0229;2024-05-26;4;3;6
CLI0229;2024-06-02;9;4;8
CLI0229;2024-06-09;11;4;2
CLI0229;2024-06-16;4;5;6
CLI0229;2024-06-23;10;4;5
CLI0229;2024-06-30;8;5;7
CLI0229;2024-07-07;11;2;7
CLI0229;2024-07-14;6;2;5
CLI0229;2024-07-21;4;4;8
CLI0229;2024-07-28;3;3;8
CLI0229;2024-08-04;3;3;6
CLI0229;2024-08-11;6;3;3
CLI0229;2024-08-18;7;3;7
CLI0229;2024-08-25;11;1;6
CLI0229;2024-09-01;8;4;4
CLI0229;2024-09-08;10;2;6
CLI0229;2024-09-15;8;2;4
CLI0229;2024-09-22;6;2;6
CLI0229;2024-09-29;12;5;3
CLI0229;2024-10-06;7;2;5
CLI0229;2024-10-13;9;2;2
CLI0229;2024-10-20;10;4;4
CLI0229;2024-10-27;11;1;2
CLI0229;2024-11-03;8;5;8
CLI0229;2024-11-10;7;4;5
CLI0229;2024-11-17;11;4;6
CLI0229;2024-11-24;6;1;8
CLI0229;2024-12-01;6;1;3
CLI0229;2024-12-08;11;3;3
CLI0230;2023-06-11;9;4;6
CLI0230;2023-06-18;11;2;4
CLI0230;2023-06-25;8;1;7
CLI0230;2023-07-02;8;1;3
CLI0230;2023-07-09;8;2;8
CLI0230;2023-07-16;11;3;4
CLI0230;2023-07-23;9;1;3
CLI0230;2023-07-30;3;5;5
CLI0230;2023-08-06;6;1;6
CLI0230;2023-08-13;12;4;3
CLI0230;2023-08-20;3;4;8
CLI0230;2023-08-27;6;5;8
CLI0230;2023-09-03;5;4;8
CLI0230;2023-09-10;10;4;5
CLI0230;2023-09-17;4;1;8
CLI0230;2023-09-24;11;3;3
CLI0230;2023-10-01;8;2;7
CLI0230;2023-10-08;10;5;5
CLI0230;2023-10-15;6;1;8
CLI0230;2023-10-22;12;1;2
CLI0230;2023-10-29;10;1;3
CLI0230;2023-11-05;4;1;8
CLI0230;2023-11-12;5;3;3
CLI0230;2023-11-19;6;3;7
CLI0230;2023-11-26;7;4;3
CLI0230;2023-12-03;3;3;7
CLI0230;2023-12-10;10;4;5
CLI0230;2023-12-17;4;5;8
CLI0230;2023-12-24;9;1;7
CLI0230;2023-12-31;12;5;7
CLI0230;2024-01-07;10;1;5
CLI0230;2024-01-14;8;5;5
CLI0230;2024-01-21;8;4;5
CLI0230;2024-01-28;10;4;4
CLI0230;2024-02-04;3;5;6
CLI0230;2024-02-11;9;5;8
CLI0230;2024-02-18;6;2;4
CLI0230;2024-02-25;7;1;2
CLI0230;2024-03-03;12;3;3
CLI0230;2024-03-10;5;3;3
CLI0230;2024-03-17;9;3;3
CLI0230;2024-03-24;10;5;3
CLI0230;2024-03-31;5;2;8
CLI0230;2024-04-07;4;5;2
CLI0230;2024-04-14;7;2;6
CLI0230;2024-04-21;3;4;2
CLI0230;2024-04-28;8;3;5
CLI0230;2024-05-05;6;4;2
CLI0230;2024-05-12;4;3;5
CLI0230;2024-05-19;12;1;2
CLI0230;2024-05-26;8;1;7
CLI0230;2024-06-02;4;1;2
CLI0230;2024-06-09;9;2;5
CLI0230;2024-06-16;3;1;6
CLI0230;2024-06-23;3;2;5
CLI0230;2024-06-30;8;5;6
CLI0230;2024-07-07;6;3;8
CLI0230;2024-07-14;10;3;6
CLI0230;2024-07-21;10;5;8
CLI0230;2024-07-28;6;2;4
CLI0230;2024-08-04;7;5;6
CLI0230;2024-08-11;6;3;5
CLI0230;2024-08-18;4;5;3
CLI0230;2024-08-25;4;3;6
CLI0230;2024-09-01;9;4;6
CLI0230;2024-09-08;4;3;5
CLI0230;2024-09-15;6;5;5
CLI0230;2024-09-22;9;3;7
CLI0230;2024-09-29;6;2;2
CLI0230;2024-10-06;6;1;5
CLI0230;2024-10-13;5;4;5
CLI0230;2024-10-20;8;2;8
CLI0230;2024-10-27;11;2;4
CLI0230;2024-11-03;9;5;4
CLI0230;2024-11-10;7;5;3
CLI0230;2024-11-17;10;2;4
CLI0230;2024-11-24;3;1;8
CLI0230;2024-12-01;3;2;2
CLI0230;2024-12-08;11;4;7
CLI0231;2023-02-20;3;3;2
CLI0231;2023-02-27;12;1;6
CLI0231;2023-03-06;8;3;3
CLI0231;2023-03-13;5;4;2
CLI0231;2023-03-20;9;2;7
CLI0231;2023-03-27;0;0;0
CLI0231;2023-04-03;2;1;2
CLI0231;2023-04-10;1;1;1
CLI0231;2023-04-17;1;0;0
CLI0232;2023-03-01;12;5;3
CLI0232;2023-03-08;1;1;1
CLI0232;2023-03-15;3;0;2
CLI0232;2023-03-22;0;0;2
CLI0232;2023-03-29;3;0;0
CLI0233;2024-06-23;7;1;4
CLI0233;2024-06-30;11;5;8
CLI0233;2024-07-07;5;5;7
CLI0233;2024-07-14;3;5;7
CLI0233;2024-07-21;6;1;4
CLI0233;2024-07-28;6;4;5
CLI0233;2024-08-04;9;1;3
CLI0233;2024-08-11;9;4;3
CLI0233;2024-08-18;11;1;6
CLI0233;2024-08-25;4;2;3
CLI0233;2024-09-01;9;5;2
CLI0233;2024-09-08;8;5;4
CLI0233;2024-09-15;10;3;8
CLI0233;2024-09-22;10;1;8
CLI0233;2024-09-29;8;2;2
CLI0233;2024-10-06;4;1;4
CLI0233;2024-10-13;11;2;7
CLI0233;2024-10-20;6;1;8
CLI0233;2024-10-27;12;4;5
CLI0233;2024-11-03;6;5;5
CLI0233;2024-11-10;12;5;4
CLI0233;2024-11-17;5;1;6
CLI0233;2024-11-24;12;1;7
CLI0233;2024-12-01;7;2;7
CLI0234;2024-03-08;8;1;8
CLI0234;2024-03-15;4;4;8
CLI0234;2024-03-22;10;4;5
CLI0234;2024-03-29;4;5;5
CLI0234;2024-04-05;10;4;8
CLI0234;2024-04-12;5;5;6
CLI0234;2024-04-19;6;4;3
CLI0234;2024-04-26;9;5;6
CLI0234;2024-05-03;8;1;2
CLI0234;2024-05-10;9;2;5
CLI0234;2024-05-17;9;2;6
CLI0234;2024-05-24;5;2;5
CLI0234;2024-05-31;9;4;5
CLI0234;2024-06-07;11;5;2
CLI0234;2024-06-14;12;2;5
CLI0234;2024-06-21;9;1;5
CLI0234;2024-06-28;8;2;3
CLI0234;2024-07-05;11;5;7
CLI0234;2024-07-12;11;5;2
CLI0234;2024-07-19;10;3;6
CLI0234;2024-07-26;12;2;8
CLI0234;2024-08-02;8;5;6
CLI0234;2024-08-09;4;2;4
CLI0234;2024-08-16;8;5;5
CLI0234;2024-08-23;10;4;3
CLI0234;2024-08-30;9;3;6
CLI0234;2024-09-06;10;4;4
CLI0234;2024-09-13;3;5;8
CLI0234;2024-09-20;6;5;4
CLI0234;2024-09-27;11;1;4
CLI0234;2024-10-04;3;1;7
CLI0234;2024-10-11;7;1;8
CLI0234;2024-10-18;10;1;8
CLI0234;2024-10-25;9;3;5
CLI0234;2024-11-01;11;5;3
CLI0234;2024-11-08;12;1;8
CLI0234;2024-11-15;5;5;8
CLI0234;2024-11-22;8;4;4
CLI0234;2024-11-29;4;5;6
CLI0234;2024-12-06;10;1;7
CLI0234;2024-12-13;4;3;6
CLI0235;2024-03-14;3;1;7
CLI0235;2024-03-21;12;2;4
CLI0235;2024-03-28;7;5;7
CLI0235;2024-04-04;5;5;5
CLI0235;2024-04-11;11;4;4
CLI0235;2024-04-18;3;0;2
CLI0235;2024-04-25;1;0;2
CLI0235;2024-05-02;1;1;0
CLI0235;2024-05-09;0;0;0
CLI0236;2023-06-03;11;4;8
CLI0236;2023-06-10;3;4;4
CLI0236;2023-06-17;5;5;8
CLI0236;2023-06-24;3;4;7
CLI0236;2023-07-01;12;3;3
CLI0236;2023-07-08;5;2;3
CLI0236;2023-07-15;6;4;6
CLI0236;2023-07-22;6;1;7
CLI0236;2023-07-29;11;1;5
CLI0236;2023-08-05;5;1;2
CLI0236;2023-08-12;10;2;2
CLI0236;2023-08-19;5;3;8
CLI0236;2023-08-26;5;4;7
CLI0236;2023-09-02;9;2;4
CLI0236;2023-09-09;12;4;4
CLI0236;2023-09-16;6;4;8
CLI0236;2023-09-23;7;1;7
CLI0236;2023-09-30;8;4;8
CLI0236;2023-10-07;4;3;4
CLI0236;2023-10-14;9;5;4
CLI0236;2023-10-21;9;4;4
CLI0236;2023-10-28;3;4;6
CLI0236;2023-11-04;10;2;4
CLI0236;2023-11-11;7;3;4
CLI0236;2023-11-18;6;3;4
CLI0236;2023-11-25;4;3;5
CLI0236;2023-12-02;9;5;6
CLI0236;2023-12-09;9;3;8
CLI0236;2023-12-16;11;2;7
CLI0236;2023-12-23;7;5;3
CLI0236;2023-12-30;7;5;7
CLI0236;2024-01-06;6;3;7
CLI0236;2024-01-13;11;4;7
CLI0236;2024-01-20;5;4;8
CLI0236;2024-01-27;10;2;5
CLI0236;2024-02-03;9;3;6
CLI0236;2024-02-10;8;2;3
CLI0236;2024-02-17;3;4;5
CLI0236;2024-02-24;8;5;5
CLI0236;2024-03-02;3;5;6
CLI0236;2024-03-09;7;2;3
CLI0236;2024-03-16;9;5;6
CLI0236;2024-03-23;6;3;4
CLI0236;2024-03-30;6;4;6
CLI0236;2024-04-06;8;5;2
CLI0236;2024-04-13;8;1;8
CLI0236;2024-04-20;7;3;8
CLI0236;2024-04-27;3;3;7
CLI0236;2024-05-04;3;5;3
CLI0236;2024-05-11;11;3;5
CLI0236;2024-05-18;10;2;7
CLI0236;2024-05-25;3;1;5
CLI0236;2024-06-01;6;3;3
CLI0236;2024-06-08;12;2;6
CLI0236;2024-06-15;3;4;5
CLI0236;2024-06-22;6;4;3
CLI0236;2024-06-29;12;3;4
CLI0236;2024-07-06;8;1;3
CLI0236;2024-07-13;11;1;2
CLI0236;2024-07-20;9;2;4
CLI0236;2024-07-27;11;3;2
CLI0236;2024-08-03;8;1;7
CLI0236;2024-08-10;5;1;4
CLI0236;2024-08-17;8;1;7
CLI0236;2024-08-24;5;5;2
CLI0236;2024-08-31;7;2;4
CLI0236;2024-09-07;6;1;3
CLI0236;2024-09-14;10;5;4
CLI0236;2024-09-21;6;2;8
CLI0236;2024-09-28;10;5;8
CLI0236;2024-10-05;8;2;2
CLI0236;2024-10-12;4;1;3
CLI0236;2024-10-19;6;3;6
CLI0236;2024-10-26;3;3;8
CLI0236;2024-11-02;5;4;4
CLI0236;2024-11-09;5;4;8
CLI0236;2024-11-16;7;2;6
CLI0236;2024-11-23;9;4;3
CLI0236;2024-11-30;8;1;7
CLI0236;2024-12-07;3;5;4
CLI0237;2024-05-22;8;3;4
CLI0237;2024-05-29;8;1;4
CLI0237;2024-06-05;9;1;8
CLI0237;2024-06-12;12;1;6
CLI0237;2024-06-19;6;3;2
CLI0237;2024-06-26;4;4;7
CLI0237;2024-07-03;7;3;8
CLI0237;2024-07-10;8;3;8
CLI0237;2024-07-17;6;4;7
CLI0237;2024-07-24;3;4;3
CLI0237;2024-07-31;10;2;6
CLI0237;2024-08-07;4;4;5
CLI0237;2024-08-14;6;2;5
CLI0237;2024-08-21;7;4;2
CLI0237;2024-08-28;5;1;7
CLI0237;2024-09-04;8;4;4
CLI0237;2024-09-11;9;2;8
CLI0237;2024-09-18;9;3;2
CLI0237;2024-09-25;5;4;2
CLI0237;2024-10-02;11;3;6
CLI0237;2024-10-09;4;5;8
CLI0237;2024-10-16;10;4;3
CLI0237;2024-10-23;3;5;6
CLI0237;2024-10-30;3;4;6
CLI0237;2024-11-06;6;1;6
CLI0237;2024-11-13;9;2;2
CLI0237;2024-11-20;6;5;6
CLI0237;2024-11-27;8;1;5
CLI0237;2024-12-04;10;1;4
CLI0238;2023-12-10;12;5;3
CLI0238;2023-12-17;5;4;5
CLI0238;2023-12-24;6;1;3
CLI0238;2023-12-31;6;3;8
CLI0238;2024-01-07;6;5;6
CLI0238;2024-01-14;11;1;4
CLI0238;2024-01-21;11;3;8
CLI0238;2024-01-28;4;3;7
CLI0238;2024-02-04;5;1;3
CLI0238;2024-02-11;2;1;2
CLI0238;2024-02-18;1;1;1
CLI0238;2024-02-25;2;0;2
CLI0238;2024-03-03;1;1;0
CLI0239;2023-09-01;8;4;5
CLI0239;2023-09-08;10;2;6
CLI0239;2023-09-15;12;1;2
CLI0239;2023-09-22;8;3;6
CLI0239;2023-09-29;3;3;7
CLI0239;2023-10-06;7;2;2
CLI0239;2023-10-13;11;2;7
CLI0239;2023-10-20;7;2;5
CLI0239;2023-10-27;12;3;3
CLI0239;2023-11-03;1;0;2
CLI0239;2023-11-10;1;1;1
CLI0239;2023-11-17;3;0;2
CLI0239;2023-11-24;1;0;0
CLI0240;2024-02-22;10;5;3
CLI0240;2024-02-29;9;3;8
CLI0240;2024-03-07;4;4;3
CLI0240;2024-03-14;5;5;2
CLI0240;2024-03-21;9;2;7
CLI0240;2024-03-28;12;1;7
CLI0240;2024-04-04;3;5;5
CLI0240;2024-04-11;6;5;3
CLI0240;2024-04-18;5;1;6
CLI0240;2024-04-25;11;2;5
CLI0240;2024-05-02;12;1;8
CLI0240;2024-05-09;8;4;3
CLI0240;2024-05-16;10;4;8
CLI0240;2024-05-23;10;1;8
CLI0240;2024-05-30;3;3;3
CLI0240;2024-06-06;12;5;7
CLI0240;2024-06-13;10;4;2
CLI0240;2024-06-20;10;3;4
CLI0240;2024-06-27;12;5;8
CLI0240;2024-07-04;4;3;8
CLI0240;2024-07-11;6;1;4
CLI0240;2024-07-18;7;3;2
CLI0240;2024-07-25;3;2;2
CLI0240;2024-08-01;5;4;7
CLI0240;2024-08-08;11;2;6
CLI0240;2024-08-15;10;5;6
CLI0240;2024-08-22;3;2;7
CLI0240;2024-08-29;7;3;2
CLI0240;2024-09-05;5;5;4
CLI0240;2024-09-12;11;4;5
CLI0240;2024-09-19;9;1;3
CLI0240;2024-09-26;3;3;2
CLI0240;2024-10-03;12;2;4
CLI0240;2024-10-10;9;4;7
CLI0240;2024-10-17;8;3;7
CLI0240;2024-10-24;4;5;7
CLI0240;2024-10-31;5;2;8
CLI0240;2024-11-07;9;5;6
CLI0240;2024-11-14;4;1;2
CLI0240;2024-11-21;6;5;7
CLI0240;2024-11-28;5;4;3
CLI0240;2024-12-05;4;1;8
CLI0241;2023-11-18;4;5;4
CLI0241;2023-11-25;5;2;2
CLI0241;2023-12-02;4;2;6
CLI0241;2023-12-09;11;2;4
CLI0241;2023-12-16;6;2;2
CLI0241;2023-12-23;11;2;7
CLI0241;2023-12-30;4;4;6
CLI0241;2024-01-06;4;4;3
CLI0241;2024-01-13;9;1;3
CLI0241;2024-01-20;3;1;2
CLI0241;2024-01-27;1;1;0
CLI0241;2024-02-03;2;1;0
CLI0241;2024-02-10;3;1;1
CLI0242;2023-11-10;3;1;2
CLI0242;2023-11-17;8;2;2
CLI0242;2023-11-24;7;1;8
CLI0242;2023-12-01;3;4;2
CLI0242;2023-12-08;10;1;5
CLI0242;2023-12-15;6;3;6
CLI0242;2023-12-22;8;1;8
CLI0242;2023-12-29;11;5;4
CLI0242;2024-01-05;4;2;3
CLI0242;2024-01-12;10;1;6
CLI0242;2024-01-19;8;1;8
CLI0242;2024-01-26;4;5;8
CLI0242;2024-02-02;4;5;4
CLI0242;2024-02-09;7;3;4
CLI0242;2024-02-16;8;4;6
CLI0242;2024-02-23;10;2;6
CLI0242;2024-03-01;9;3;4
CLI0242;2024-03-08;9;1;6
CLI0242;2024-03-15;5;4;5
CLI0242;2024-03-22;10;1;3
CLI0242;2024-03-29;10;4;7
CLI0242;2024-04-05;4;5;6
CLI0242;2024-04-12;9;2;8
CLI0242;2024-04-19;9;2;6
CLI0242;2024-04-26;8;4;2
CLI0242;2024-05-03;5;4;8
CLI0242;2024-05-10;9;4;6
CLI0242;2024-05-17;6;1;4
CLI0242;2024-05-24;8;4;3
CLI0242;2024-05-31;10;1;3
CLI0242;2024-06-07;11;5;5
CLI0242;2024-06-14;7;1;3
CLI0242;2024-06-21;5;2;7
CLI0242;2024-06-28;7;4;2
CLI0242;2024-07-05;7;3;8
CLI0242;2024-07-12;9;4;3
CLI0242;2024-07-19;10;4;3
CLI0242;2024-07-26;6;1;4
CLI0242;2024-08-02;4;1;8
CLI0242;2024-08-09;10;4;8
CLI0242;2024-08-16;4;3;3
CLI0242;2024-08-23;4;3;3
CLI0242;2024-08-30;7;5;3
CLI0242;2024-09-06;4;5;5
CLI0242;2024-09-13;11;4;3
CLI0242;2024-09-20;9;3;5
CLI0242;2024-09-27;3;3;5
CLI0242;2024-10-04;8;4;6
CLI0242;2024-10-11;12;4;6
CLI0242;2024-10-18;11;4;2
CLI0242;2024-10-25;6;4;6
CLI0242;2024-11-01;11;2;2
CLI0242;2024-11-08;3;3;6
CLI0242;2024-11-15;6;4;7
CLI0242;2024-11-22;12;2;5
CLI0242;2024-11-29;6;1;8
CLI0242;2024-12-06;8;5;3
CLI0242;2024-12-13;5;5;2
CLI0242;2024-12-20;5;4;2
CLI0243;2024-01-28;3;3;2
CLI0243;2024-02-04;9;2;6
CLI0243;2024-02-11;4;1;6
CLI0243;2024-02-18;10;2;3
CLI0243;2024-02-25;11;2;4
CLI0243;2024-03-03;10;1;6
CLI0243;2024-03-10;6;1;2
CLI0243;2024-03-17;11;1;5
CLI0243;2024-03-24;12;4;7
CLI0243;2024-03-31;3;4;4
CLI0243;2024-04-07;10;5;6
CLI0243;2024-04-14;11;3;8
CLI0243;2024-04-21;12;4;4
CLI0243;2024-04-28;12;5;5
CLI0243;2024-05-05;12;5;2
CLI0243;2024-05-12;8;2;8
CLI0243;2024-05-19;5;1;5
CLI0243;2024-05-26;4;1;4
CLI0243;2024-06-02;11;4;8
CLI0243;2024-06-09;8;4;4
CLI0243;2024-06-16;11;1;6
CLI0243;2024-06-23;12;5;7
CLI0243;2024-06-30;4;1;5
CLI0243;2024-07-07;4;4;3
CLI0243;2024-07-14;8;4;8
CLI0243;2024-07-21;6;1;5
CLI0243;2024-07-28;6;1;3
CLI0243;2024-08-04;12;4;4
CLI0243;2024-08-11;8;4;8
CLI0243;2024-08-18;5;4;2
CLI0243;2024-08-25;9;5;4
CLI0243;2024-09-01;12;4;3
CLI0243;2024-09-08;10;5;6
CLI0243;2024-09-15;4;1;6
CLI0243;2024-09-22;6;5;8
CLI0243;2024-09-29;12;5;6
CLI0243;2024-10-06;3;4;6
CLI0243;2024-10-13;5;1;2
CLI0243;2024-10-20;6;1;5
CLI0243;2024-10-27;4;4;5
CLI0243;2024-11-03;8;2;8
CLI0243;2024-11-10;5;1;5
CLI0243;2024-11-17;6;2;5
CLI0243;2024-11-24;4;2;2
CLI0243;2024-12-01;10;5;8
CLI0243;2024-12-08;11;3;4
CLI0243;2024-12-15;12;1;8
CLI0243;2024-12-22;3;3;7
CLI0244;2024-09-08;5;5;4
CLI0244;2024-09-15;7;3;6
CLI0244;2024-09-22;8;5;3
CLI0244;2024-09-29;8;4;8
CLI0244;2024-10-06;6;5;6
CLI0244;2024-10-13;11;1;3
CLI0244;2024-10-20;10;3;7
CLI0244;2024-10-27;6;5;7
CLI0244;2024-11-03;5;2;4
CLI0244;2024-11-10;8;1;5
CLI0244;2024-11-17;7;1;8
CLI0244;2024-11-24;12;2;4
CLI0244;2024-12-01;11;1;7
CLI0244;2024-12-08;7;4;8
CLI0245;2024-03-07;5;2;5
CLI0245;2024-03-14;3;1;7
CLI0245;2024-03-21;11;4;3
CLI0245;2024-03-28;12;5;4
CLI0245;2024-04-04;8;3;2
CLI0245;2024-04-11;6;5;4
CLI0245;2024-04-18;8;2;2
CLI0245;2024-04-25;8;4;3
CLI0245;2024-05-02;3;5;3
CLI0245;2024-05-09;3;4;6
CLI0245;2024-05-16;9;5;7
CLI0245;2024-05-23;8;5;2
CLI0245;2024-05-30;12;4;7
CLI0245;2024-06-06;7;3;8
CLI0245;2024-06-13;12;5;5
CLI0245;2024-06-20;5;3;7
CLI0245;2024-06-27;3;5;7
CLI0245;2024-07-04;12;5;8
CLI0245;2024-07-11;5;1;5
CLI0245;2024-07-18;10;2;4
CLI0245;2024-07-25;4;4;5
CLI0245;2024-08-01;11;1;2
CLI0245;2024-08-08;6;2;6
CLI0245;2024-08-15;10;2;5
CLI0245;2024-08-22;10;1;5
CLI0245;2024-08-29;5;1;5
CLI0245;2024-09-05;6;3;2
CLI0245;2024-09-12;5;3;3
CLI0245;2024-09-19;5;2;7
CLI0245;2024-09-26;7;1;7
CLI0245;2024-10-03;12;5;8
CLI0245;2024-10-10;6;1;5
CLI0245;2024-10-17;6;2;7
CLI0245;2024-10-24;6;4;4
CLI0245;2024-10-31;7;1;2
CLI0245;2024-11-07;11;1;7
CLI0245;2024-11-14;7;3;4
CLI0245;2024-11-21;5;3;8
CLI0245;2024-11-28;11;3;3
CLI0245;2024-12-05;3;2;7
CLI0246;2023-10-14;12;3;5
CLI0246;2023-10-21;9;3;7
CLI0246;2023-10-28;4;1;7
CLI0246;2023-11-04;11;4;7
CLI0246;2023-11-11;4;3;5
CLI0246;2023-11-18;2;0;1
CLI0246;2023-11-25;3;0;0
CLI0246;2023-12-02;2;1;1
CLI0246;2023-12-09;1;1;1
CLI0247;2024-09-26;8;3;8
CLI0247;2024-10-03;5;3;8
CLI0247;2024-10-10;8;1;7
CLI0247;2024-10-17;12;1;6
CLI0247;2024-10-24;5;4;8
CLI0247;2024-10-31;4;1;2
CLI0247;2024-11-07;6;3;5
CLI0247;2024-11-14;8;5;4
CLI0247;2024-11-21;5;5;6
CLI0247;2024-11-28;5;1;7
CLI0247;2024-12-05;5;2;5
CLI0247;2024-12-12;9;4;5
CLI0247;2024-12-19;12;4;6
CLI0247;2024-12-26;5;2;6
CLI0248;2023-12-22;7;1;8
CLI0248;2023-12-29;1;1;2
CLI0248;2024-01-05;1;1;2
CLI0248;2024-01-12;0;1;2
CLI0248;2024-01-19;1;0;0
CLI0249;2023-10-15;9;4;7
CLI0249;2023-10-22;5;5;7
CLI0249;2023-10-29;6;3;5
CLI0249;2023-11-05;6;2;8
CLI0249;2023-11-12;7;5;6
CLI0249;2023-11-19;12;2;3
CLI0249;2023-11-26;7;2;5
CLI0249;2023-12-03;8;1;7
CLI0249;2023-12-10;11;4;5
CLI0249;2023-12-17;12;3;7
CLI0249;2023-12-24;3;5;5
CLI0249;2023-12-31;8;3;3
CLI0249;2024-01-07;7;2;7
CLI0249;2024-01-14;11;2;5
CLI0249;2024-01-21;12;2;6
CLI0249;2024-01-28;8;3;2
CLI0249;2024-02-04;10;3;3
CLI0249;2024-02-11;8;1;6
CLI0249;2024-02-18;8;2;8
CLI0249;2024-02-25;11;5;8
CLI0249;2024-03-03;12;3;6
CLI0249;2024-03-10;7;4;8
CLI0249;2024-03-17;3;2;6
CLI0249;2024-03-24;9;5;8
CLI0249;2024-03-31;9;3;4
CLI0249;2024-04-07;6;3;6
CLI0249;2024-04-14;4;4;5
CLI0249;2024-04-21;8;1;4
CLI0249;2024-04-28;10;1;8
CLI0249;2024-05-05;11;5;3
CLI0249;2024-05-12;3;1;8
CLI0249;2024-05-19;12;5;4
CLI0249;2024-05-26;7;2;6
CLI0249;2024-06-02;11;4;3
CLI0249;2024-06-09;7;3;7
CLI0249;2024-06-16;12;4;7
CLI0249;2024-06-23;9;5;5
CLI0249;2024-06-30;9;4;6
CLI0249;2024-07-07;11;5;6
CLI0249;2024-07-14;7;4;2
CLI0249;2024-07-21;9;1;5
CLI0249;2024-07-28;3;4;6
CLI0249;2024-08-04;3;1;8
CLI0249;2024-08-11;7;5;5
CLI0249;2024-08-18;4;1;2
CLI0249;2024-08-25;6;5;4
CLI0249;2024-09-01;10;1;4
CLI0249;2024-09-08;9;4;8
CLI0249;2024-09-15;8;4;5
CLI0249;2024-09-22;8;1;7
CLI0249;2024-09-29;8;1;6
CLI0249;2024-10-06;11;4;2
CLI0249;2024-10-13;4;4;5
CLI0249;2024-10-20;7;3;6
CLI0249;2024-10-27;5;2;4
CLI0249;2024-11-03;6;3;6
CLI0249;2024-11-10;9;5;6
CLI0249;2024-11-17;8;1;4
CLI0249;2024-11-24;8;1;7
CLI0249;2024-12-01;8;4;5
CLI0249;2024-12-08;12;2;5
CLI0249;2024-12-15;8;3;2
CLI0249;2024-12-22;5;3;3
CLI0249;2024-12-29;11;4;2
CLI0250;2024-04-27;8;4;2
CLI0250;2024-05-04;7;1;8
CLI0250;2024-05-11;5;3;2
CLI0250;2024-05-18;6;5;4
CLI0250;2024-05-25;10;4;7
CLI0250;2024-06-01;5;4;8
CLI0250;2024-06-08;7;5;8
CLI0250;2024-06-15;4;4;8
CLI0250;2024-06-22;6;5;7
CLI0250;2024-06-29;7;5;3
CLI0250;2024-07-06;9;5;8
CLI0250;2024-07-13;3;4;3
CLI0250;2024-07-20;8;5;4
CLI0250;2024-07-27;6;1;7
CLI0250;2024-08-03;4;1;8
CLI0250;2024-08-10;4;2;5
CLI0250;2024-08-17;11;5;5
CLI0250;2024-08-24;12;3;2
CLI0250;2024-08-31;12;2;2
CLI0250;2024-09-07;7;5;8
CLI0250;2024-09-14;8;2;8
CLI0250;2024-09-21;10;4;4
CLI0250;2024-09-28;11;4;8
CLI0250;2024-10-05;10;1;3
CLI0250;2024-10-12;9;3;5
CLI0250;2024-10-19;5;1;3
CLI0250;2024-10-26;9;2;4
CLI0250;2024-11-02;7;3;3
CLI0250;2024-11-09;12;3;5
CLI0250;2024-11-16;11;5;5
CLI0250;2024-11-23;6;2;2
CLI0250;2024-11-30;11;1;7
CLI0250;2024-12-07;5;2;3
CLI0250;2024-12-14;8;4;7
CLI0250;2024-12-21;9;1;5
CLI0251;2023-02-18;10;3;4
CLI0251;2023-02-25;8;4;5
CLI0251;2023-03-04;9;2;7
CLI0251;2023-03-11;9;2;5
CLI0251;2023-03-18;6;4;5
CLI0251;2023-03-25;11;3;7
CLI0251;2023-04-01;3;5;6
CLI0251;2023-04-08;11;5;5
CLI0251;2023-04-15;10;3;8
CLI0251;2023-04-22;10;3;6
CLI0251;2023-04-29;7;3;7
CLI0251;2023-05-06;6;3;8
CLI0251;2023-05-13;11;3;3
CLI0251;2023-05-20;12;3;8
CLI0251;2023-05-27;6;4;7
CLI0251;2023-06-03;10;3;8
CLI0251;2023-06-10;3;2;5
CLI0251;2023-06-17;9;4;5
CLI0251;2023-06-24;11;4;4
CLI0251;2023-07-01;3;3;8
CLI0251;2023-07-08;5;1;8
CLI0251;2023-07-15;10;4;5
CLI0251;2023-07-22;8;1;4
CLI0251;2023-07-29;12;4;4
CLI0251;2023-08-05;6;3;2
CLI0251;2023-08-12;4;3;8
CLI0251;2023-08-19;10;2;7
CLI0251;2023-08-26;6;1;6
CLI0251;2023-09-02;12;1;8
CLI0251;2023-09-09;3;1;6
CLI0251;2023-09-16;7;1;8
CLI0251;2023-09-23;9;3;5
CLI0251;2023-09-30;8;5;3
CLI0251;2023-10-07;6;3;7
CLI0251;2023-10-14;7;3;3
CLI0251;2023-10-21;11;3;7
CLI0251;2023-10-28;9;3;3
CLI0251;2023-11-04;8;2;3
CLI0251;2023-11-11;5;4;5
CLI0251;2023-11-18;3;1;8
CLI0251;2023-11-25;3;3;5
CLI0251;2023-12-02;3;5;7
CLI0251;2023-12-09;4;1;2
CLI0251;2023-12-16;6;3;6
CLI0251;2023-12-23;8;4;2
CLI0251;2023-12-30;4;5;7
CLI0251;2024-01-06;12;5;6
CLI0251;2024-01-13;12;4;8
CLI0251;2024-01-20;8;1;2
CLI0251;2024-01-27;11;1;7
CLI0251;2024-02-03;8;5;3
CLI0251;2024-02-10;10;3;5
CLI0251;2024-02-17;9;1;4
CLI0251;2024-02-24;7;4;5
CLI0251;2024-03-02;9;1;6
CLI0251;2024-03-09;9;5;5
CLI0251;2024-03-16;3;3;7
CLI0251;2024-03-23;10;5;5
CLI0251;2024-03-30;9;4;6
CLI0251;2024-04-06;5;5;2
CLI0251;2024-04-13;8;2;4
CLI0251;2024-04-20;9;3;6
CLI0251;2024-04-27;12;3;2
CLI0251;2024-05-04;11;5;2
CLI0251;2024-05-11;7;2;7
CLI0251;2024-05-18;6;2;2
CLI0251;2024-05-25;5;5;7
CLI0251;2024-06-01;5;4;5
CLI0251;2024-06-08;7;1;4
CLI0251;2024-06-15;7;4;7
CLI0251;2024-06-22;6;5;6
CLI0251;2024-06-29;9;2;3
CLI0251;2024-07-06;4;3;2
CLI0251;2024-07-13;8;1;3
CLI0251;2024-07-20;4;5;5
CLI0251;2024-07-27;9;1;4
CLI0251;2024-08-03;10;3;5
CLI0251;2024-08-10;6;2;6
CLI0251;2024-08-17;12;1;4
CLI0251;2024-08-24;10;5;4
CLI0251;2024-08-31;5;3;5
CLI0251;2024-09-07;7;3;8
CLI0251;2024-09-14;5;1;3
CLI0251;2024-09-21;8;5;4
CLI0251;2024-09-28;7;1;2
CLI0251;2024-10-05;5;2;8
CLI0251;2024-10-12;11;4;7
CLI0251;2024-10-19;6;3;2
CLI0251;2024-10-26;11;4;5
CLI0251;2024-11-02;7;4;5
CLI0251;2024-11-09;7;1;3
CLI0251;2024-11-16;4;2;4
CLI0251;2024-11-23;4;5;7
CLI0251;2024-11-30;6;1;3
CLI0251;2024-12-07;8;5;4
CLI0251;2024-12-14;6;3;5
CLI0251;2024-12-21;8;5;8
CLI0252;2023-03-22;11;3;7
CLI0252;2023-03-29;5;1;5
CLI0252;2023-04-05;11;5;4
CLI0252;2023-04-12;8;5;8
CLI0252;2023-04-19;12;1;8
CLI0252;2023-04-26;12;5;4
CLI0252;2023-05-03;4;2;6
CLI0252;2023-05-10;9;3;4
CLI0252;2023-05-17;11;1;5
CLI0252;2023-05-24;10;3;8
CLI0252;2023-05-31;12;2;3
CLI0252;2023-06-07;11;2;8
CLI0252;2023-06-14;4;5;3
CLI0252;2023-06-21;7;5;8
CLI0252;2023-06-28;3;0;1
CLI0252;2023-07-05;0;0;0
CLI0252;2023-07-12;3;0;2
CLI0252;2023-07-19;2;1;0
CLI0253;2023-09-23;7;2;2
CLI0253;2023-09-30;12;3;6
CLI0253;2023-10-07;10;2;8
CLI0253;2023-10-14;3;5;7
CLI0253;2023-10-21;4;2;2
CLI0253;2023-10-28;11;3;3
CLI0253;2023-11-04;10;2;4
CLI0253;2023-11-11;4;1;4
CLI0253;2023-11-18;9;1;3
CLI0253;2023-11-25;6;1;4
CLI0253;2023-12-02;8;3;3
CLI0253;2023-12-09;3;1;4
CLI0253;2023-12-16;6;1;3
CLI0253;2023-12-23;3;3;4
CLI0253;2023-12-30;0;1;1
CLI0253;2024-01-06;3;0;2
CLI0253;2024-01-13;1;0;1
CLI0253;2024-01-20;2;0;1
CLI0254;2024-07-16;9;4;3
CLI0254;2024-07-23;7;3;4
CLI0254;2024-07-30;4;5;7
CLI0254;2024-08-06;5;5;6
CLI0254;2024-08-13;4;2;5
CLI0254;2024-08-20;3;1;1
CLI0254;2024-08-27;2;0;0
CLI0254;2024-09-03;2;0;2
CLI0254;2024-09-10;1;1;2
CLI0255;2023-04-16;9;4;7
CLI0255;2023-04-23;12;1;2
CLI0255;2023-04-30;3;5;7
CLI0255;2023-05-07;5;2;7
CLI0255;2023-05-14;7;2;8
CLI0255;2023-05-21;4;4;6
CLI0255;2023-05-28;5;4;8
CLI0255;2023-06-04;11;2;3
CLI0255;2023-06-11;4;4;4
CLI0255;2023-06-18;9;2;7
CLI0255;2023-06-25;9;5;6
CLI0255;2023-07-02;9;2;2
CLI0255;2023-07-09;11;2;7
CLI0255;2023-07-16;7;4;6
CLI0255;2023-07-23;1;0;0
CLI0255;2023-07-30;2;1;0
CLI0255;2023-08-06;1;0;1
CLI0255;2023-08-13;1;0;1
CLI0256;2024-04-11;3;4;8
CLI0256;2024-04-18;7;5;4
CLI0256;2024-04-25;12;4;7
CLI0256;2024-05-02;5;3;8
CLI0256;2024-05-09;6;5;5
CLI0256;2024-05-16;1;0;1
CLI0256;2024-05-23;2;0;1
CLI0256;2024-05-30;2;0;2
CLI0256;2024-06-06;0;0;2
CLI0257;2024-06-08;5;5;5
CLI0257;2024-06-15;3;4;2
CLI0257;2024-06-22;7;5;2
CLI0257;2024-06-29;5;2;4
CLI0257;2024-07-06;3;4;8
CLI0257;2024-07-13;8;3;5
CLI0257;2024-07-20;7;4;8
CLI0257;2024-07-27;9;5;4
CLI0257;2024-08-03;3;5;2
CLI0257;2024-08-10;7;1;7
CLI0257;2024-08-17;11;5;6
CLI0257;2024-08-24;8;4;5
CLI0257;2024-08-31;7;2;2
CLI0257;2024-09-07;4;4;4
CLI0257;2024-09-14;8;4;8
CLI0257;2024-09-21;5;2;6
CLI0257;2024-09-28;11;4;6
CLI0257;2024-10-05;11;5;5
CLI0257;2024-10-12;9;3;5
CLI0257;2024-10-19;12;5;8
CLI0257;2024-10-26;6;1;3
CLI0257;2024-11-02;9;1;5
CLI0257;2024-11-09;5;2;8
CLI0257;2024-11-16;12;1;2
CLI0257;2024-11-23;4;2;6
CLI0257;2024-11-30;9;1;4
CLI0257;2024-12-07;10;5;4
CLI0258;2024-04-02;12;1;3
CLI0258;2024-04-09;11;1;3
CLI0258;2024-04-16;8;1;8
CLI0258;2024-04-23;7;5;6
CLI0258;2024-04-30;8;2;6
CLI0258;2024-05-07;5;5;4
CLI0258;2024-05-14;7;1;6
CLI0258;2024-05-21;4;3;5
CLI0258;2024-05-28;12;1;4
CLI0258;2024-06-04;6;3;5
CLI0258;2024-06-11;5;5;3
CLI0258;2024-06-18;12;3;2
CLI0258;2024-06-25;9;4;3
CLI0258;2024-07-02;3;5;4
CLI0258;2024-07-09;6;2;7
CLI0258;2024-07-16;9;4;2
CLI0258;2024-07-23;11;3;8
CLI0258;2024-07-30;11;5;5
CLI0258;2024-08-06;11;4;8
CLI0258;2024-08-13;8;4;7
CLI0258;2024-08-20;5;5;3
CLI0258;2024-08-27;8;5;7
CLI0258;2024-09-03;5;2;6
CLI0258;2024-09-10;5;5;2
CLI0258;2024-09-17;4;5;3
CLI0258;2024-09-24;5;2;4
CLI0258;2024-10-01;6;1;5
CLI0258;2024-10-08;11;5;4
CLI0258;2024-10-15;9;5;7
CLI0258;2024-10-22;7;4;5
CLI0258;2024-10-29;9;4;6
CLI0258;2024-11-05;3;5;5
CLI0258;2024-11-12;7;3;8
CLI0258;2024-11-19;11;2;5
CLI0258;2024-11-26;7;3;6
CLI0258;2024-12-03;8;5;5
CLI0258;2024-12-10;8;2;2
CLI0259;2023-08-25;8;3;7
CLI0259;2023-09-01;8;5;7
CLI0259;2023-09-08;5;5;7
CLI0259;2023-09-15;12;4;4
CLI0259;2023-09-22;11;4;4
CLI0259;2023-09-29;4;1;7
CLI0259;2023-10-06;7;5;5
CLI0259;2023-10-13;5;4;5
CLI0259;2023-10-20;8;1;8
CLI0259;2023-10-27;4;5;6
CLI0259;2023-11-03;10;4;4
CLI0259;2023-11-10;8;2;4
CLI0259;2023-11-17;12;4;4
CLI0259;2023-11-24;8;1;8
CLI0259;2023-12-01;8;4;4
CLI0259;2023-12-08;4;5;5
CLI0259;2023-12-15;10;5;6
CLI0259;2023-12-22;9;2;7
CLI0259;2023-12-29;3;1;6
CLI0259;2024-01-05;6;3;7
CLI0259;2024-01-12;11;2;2
CLI0259;2024-01-19;4;4;8
CLI0259;2024-01-26;6;1;2
CLI0259;2024-02-02;8;5;5
CLI0259;2024-02-09;5;2;4
CLI0259;2024-02-16;5;2;6
CLI0259;2024-02-23;7;5;8
CLI0259;2024-03-01;6;3;8
CLI0259;2024-03-08;12;2;5
CLI0259;2024-03-15;9;4;6
CLI0259;2024-03-22;3;5;7
CLI0259;2024-03-29;11;3;5
CLI0259;2024-04-05;3;1;8
CLI0259;2024-04-12;11;1;4
CLI0259;2024-04-19;3;2;3
CLI0259;2024-04-26;7;5;2
CLI0259;2024-05-03;4;3;8
CLI0259;2024-05-10;6;4;7
CLI0259;2024-05-17;6;3;8
CLI0259;2024-05-24;11;4;5
CLI0259;2024-05-31;10;1;4
CLI0259;2024-06-07;8;3;4
CLI0259;2024-06-14;9;1;4
CLI0259;2024-06-21;6;5;3
CLI0259;2024-06-28;9;1;6
CLI0259;2024-07-05;9;4;8
CLI0259;2024-07-12;7;4;7
CLI0259;2024-07-19;5;4;3
CLI0259;2024-07-26;3;3;7
CLI0259;2024-08-02;6;4;7
CLI0259;2024-08-09;7;5;6
CLI0259;2024-08-16;4;1;6
CLI0259;2024-08-23;5;5;8
CLI0259;2024-08-30;8;4;5
CLI0259;2024-09-06;5;5;4
CLI0259;2024-09-13;3;2;2
CLI0259;2024-09-20;8;3;7
CLI0259;2024-09-27;6;5;3
CLI0259;2024-10-04;3;4;5
CLI0259;2024-10-11;8;3;6
CLI0259;2024-10-18;5;1;3
CLI0259;2024-10-25;9;2;5
CLI0259;2024-11-01;7;2;6
CLI0259;2024-11-08;8;4;5
CLI0259;2024-11-15;11;3;4
CLI0259;2024-11-22;9;1;5
CLI0259;2024-11-29;11;5;8
CLI0259;2024-12-06;3;4;8
CLI0259;2024-12-13;8;1;7
CLI0260;2024-07-30;10;3;4
CLI0260;2024-08-06;4;2;6
CLI0260;2024-08-13;7;3;2
CLI0260;2024-08-20;7;5;8
CLI0260;2024-08-27;5;3;3
CLI0260;2024-09-03;4;4;4
CLI0260;2024-09-10;12;5;3
CLI0260;2024-09-17;11;2;6
CLI0260;2024-09-24;8;5;5
CLI0260;2024-10-01;7;4;5
CLI0260;2024-10-08;9;3;5
CLI0260;2024-10-15;8;5;2
CLI0260;2024-10-22;10;1;4
CLI0260;2024-10-29;8;3;7
CLI0260;2024-11-05;12;3;7
CLI0260;2024-11-12;6;3;3
CLI0260;2024-11-19;9;5;5
CLI0260;2024-11-26;10;1;4
CLI0260;2024-12-03;9;5;3
CLI0260;2024-12-10;5;1;8
CLI0261;2024-08-19;10;4;7
CLI0261;2024-08-26;6;3;8
CLI0261;2024-09-02;4;3;3
CLI0261;2024-09-09;8;5;5
CLI0261;2024-09-16;10;1;2
CLI0261;2024-09-23;3;1;2
CLI0261;2024-09-30;8;3;5
CLI0261;2024-10-07;10;2;8
CLI0261;2024-10-14;7;5;4
CLI0261;2024-10-21;6;1;8
CLI0261;2024-10-28;7;5;5
CLI0261;2024-11-04;5;2;4
CLI0261;2024-11-11;8;4;6
CLI0261;2024-11-18;8;4;4
CLI0261;2024-11-25;4;2;4
CLI0261;2024-12-02;7;4;4
CLI0261;2024-12-09;4;4;6
CLI0261;2024-12-16;8;3;5
CLI0261;2024-12-23;6;5;7
CLI0262;2023-11-18;8;3;6
CLI0262;2023-11-25;3;5;8
CLI0262;2023-12-02;8;4;7
CLI0262;2023-12-09;12;3;8
CLI0262;2023-12-16;10;3;6
CLI0262;2023-12-23;1;1;1
CLI0262;2023-12-30;0;0;2
CLI0262;2024-01-06;3;0;2
CLI0262;2024-01-13;1;0;1
CLI0263;2023-06-21;7;4;2
CLI0263;2023-06-28;7;1;5
CLI0263;2023-07-05;4;3;5
CLI0263;2023-07-12;12;4;7
CLI0263;2023-07-19;4;3;7
CLI0263;2023-07-26;10;5;5
CLI0263;2023-08-02;6;3;2
CLI0263;2023-08-09;11;3;7
CLI0263;2023-08-16;8;5;4
CLI0263;2023-08-23;3;5;7
CLI0263;2023-08-30;6;4;4
CLI0263;2023-09-06;8;4;2
CLI0263;2023-09-13;4;4;2
CLI0263;2023-09-20;6;5;8
CLI0263;2023-09-27;9;1;2
CLI0263;2023-10-04;4;4;4
CLI0263;2023-10-11;12;1;7
CLI0263;2023-10-18;3;1;5
CLI0263;2023-10-25;3;4;5
CLI0263;2023-11-01;12;3;6
CLI0263;2023-11-08;3;4;6
CLI0263;2023-11-15;9;5;3
CLI0263;2023-11-22;11;3;4
CLI0263;2023-11-29;4;4;7
CLI0263;2023-12-06;5;1;7
CLI0263;2023-12-13;8;5;8
CLI0263;2023-12-20;6;5;8
CLI0263;2023-12-27;12;4;5
CLI0263;2024-01-03;9;2;4
CLI0263;2024-01-10;6;4;5
CLI0263;2024-01-17;6;3;7
CLI0263;2024-01-24;8;5;6
CLI0263;2024-01-31;9;1;5
CLI0263;2024-02-07;3;4;3
CLI0263;2024-02-14;5;5;6
CLI0263;2024-02-21;6;3;8
CLI0263;2024-02-28;4;2;3
CLI0263;2024-03-06;8;1;8
CLI0263;2024-03-13;6;5;2
CLI0263;2024-03-20;4;3;3
CLI0263;2024-03-27;3;5;5
CLI0263;2024-04-03;7;2;5
CLI0263;2024-04-10;7;5;3
CLI0263;2024-04-17;9;4;8
CLI0263;2024-04-24;6;3;5
CLI0263;2024-05-01;12;4;5
CLI0263;2024-05-08;4;3;6
CLI0263;2024-05-15;3;2;7
CLI0263;2024-05-22;3;1;5
CLI0263;2024-05-29;6;3;8
CLI0263;2024-06-05;9;3;6
CLI0263;2024-06-12;5;4;8
CLI0263;2024-06-19;3;5;3
CLI0263;2024-06-26;8;2;7
CLI0263;2024-07-03;9;2;7
CLI0263;2024-07-10;10;5;4
CLI0263;2024-07-17;4;2;6
CLI0263;2024-07-24;11;4;5
CLI0263;2024-07-31;12;1;2
CLI0263;2024-08-07;5;2;3
CLI0263;2024-08-14;5;1;4
CLI0263;2024-08-21;5;3;8
CLI0263;2024-08-28;5;4;2
CLI0263;2024-09-04;4;5;5
CLI0263;2024-09-11;11;5;8
CLI0263;2024-09-18;5;3;8
CLI0263;2024-09-25;12;3;5
CLI0263;2024-10-02;8;4;4
CLI0263;2024-10-09;7;4;4
CLI0263;2024-10-16;6;2;4
CLI0263;2024-10-23;8;3;4
CLI0263;2024-10-30;4;1;6
CLI0263;2024-11-06;4;5;7
CLI0263;2024-11-13;8;1;3
CLI0263;2024-11-20;9;4;3
CLI0263;2024-11-27;11;1;7
CLI0263;2024-12-04;8;2;2
CLI0264;2023-07-31;12;2;5
CLI0264;2023-08-07;9;5;4
CLI0264;2023-08-14;4;5;8
CLI0264;2023-08-21;7;4;2
CLI0264;2023-08-28;7;4;7
CLI0264;2023-09-04;5;2;2
CLI0264;2023-09-11;4;3;7
CLI0264;2023-09-18;11;2;3
CLI0264;2023-09-25;6;3;4
CLI0264;2023-10-02;3;1;2
CLI0264;2023-10-09;5;4;3
CLI0264;2023-10-16;11;2;5
CLI0264;2023-10-23;3;2;2
CLI0264;2023-10-30;11;4;8
CLI0264;2023-11-06;9;3;5
CLI0264;2023-11-13;10;1;7
CLI0264;2023-11-20;12;1;5
CLI0264;2023-11-27;10;4;2
CLI0264;2023-12-04;11;2;8
CLI0264;2023-12-11;10;4;3
CLI0264;2023-12-18;12;3;2
CLI0264;2023-12-25;10;4;7
CLI0264;2024-01-01;10;1;7
CLI0264;2024-01-08;9;2;2
CLI0264;2024-01-15;10;2;2
CLI0264;2024-01-22;7;5;6
CLI0264;2024-01-29;11;4;6
CLI0264;2024-02-05;3;3;2
CLI0264;2024-02-12;11;4;8
CLI0264;2024-02-19;12;2;2
CLI0264;2024-02-26;6;2;5
CLI0264;2024-03-04;7;3;8
CLI0264;2024-03-11;9;3;6
CLI0264;2024-03-18;9;4;4
CLI0264;2024-03-25;4;5;6
CLI0264;2024-04-01;4;4;2
CLI0264;2024-04-08;8;2;6
CLI0264;2024-04-15;3;4;8
CLI0264;2024-04-22;7;5;2
CLI0264;2024-04-29;12;4;7
CLI0264;2024-05-06;3;2;4
CLI0264;2024-05-13;5;3;8
CLI0264;2024-05-20;4;5;5
CLI0264;2024-05-27;3;1;6
CLI0264;2024-06-03;4;3;6
CLI0264;2024-06-10;12;1;3
CLI0264;2024-06-17;9;5;3
CLI0264;2024-06-24;12;4;5
CLI0264;2024-07-01;3;4;4
CLI0264;2024-07-08;5;1;4
CLI0264;2024-07-15;6;1;6
CLI0264;2024-07-22;6;4;7
CLI0264;2024-07-29;5;3;3
CLI0264;2024-08-05;9;1;3
CLI0264;2024-08-12;5;1;5
CLI0264;2024-08-19;12;1;6
CLI0264;2024-08-26;11;4;4
CLI0264;2024-09-02;7;5;2
CLI0264;2024-09-09;5;5;3
CLI0264;2024-09-16;6;3;6
CLI0264;2024-09-23;6;5;8
CLI0264;2024-09-30;7;2;7
CLI0264;2024-10-07;12;1;2
CLI0264;2024-10-14;9;3;5
CLI0264;2024-10-21;6;3;8
CLI0264;2024-10-28;4;4;4
CLI0264;2024-11-04;8;3;5
CLI0264;2024-11-11;12;2;8
CLI0264;2024-11-18;8;1;2
CLI0264;2024-11-25;5;1;4
CLI0264;2024-12-02;3;1;3
CLI0264;2024-12-09;11;2;3
CLI0264;2024-12-16;4;5;4
CLI0264;2024-12-23;8;5;7
CLI0265;2024-08-19;6;3;8
CLI0265;2024-08-26;12;4;2
CLI0265;2024-09-02;10;4;2
CLI0265;2024-09-09;10;1;3
CLI0265;2024-09-16;3;3;5
CLI0265;2024-09-23;11;4;2
CLI0265;2024-09-30;12;3;2
CLI0265;2024-10-07;5;3;7
CLI0265;2024-10-14;9;1;4
CLI0265;2024-10-21;4;4;4
CLI0265;2024-10-28;11;2;8
CLI0265;2024-11-04;11;5;4
CLI0265;2024-11-11;6;2;5
CLI0265;2024-11-18;9;5;4
CLI0265;2024-11-25;4;5;5
CLI0265;2024-12-02;9;4;5
CLI0265;2024-12-09;9;1;2
CLI0265;2024-12-16;9;3;3
CLI0265;2024-12-23;7;3;7
CLI0266;2024-08-24;6;1;7
CLI0266;2024-08-31;10;2;2
CLI0266;2024-09-07;6;2;3
CLI0266;2024-09-14;7;5;8
CLI0266;2024-09-21;9;4;4
CLI0266;2024-09-28;10;3;8
CLI0266;2024-10-05;8;1;8
CLI0266;2024-10-12;3;3;6
CLI0266;2024-10-19;7;5;8
CLI0266;2024-10-26;3;5;4
CLI0266;2024-11-02;10;2;8
CLI0266;2024-11-09;4;5;2
CLI0266;2024-11-16;8;4;2
CLI0266;2024-11-23;8;3;3
CLI0266;2024-11-30;10;1;5
CLI0266;2024-12-07;12;5;4
CLI0267;2024-08-16;9;1;2
CLI0267;2024-08-23;4;1;5
CLI0267;2024-08-30;12;4;5
CLI0267;2024-09-06;7;4;4
CLI0267;2024-09-13;7;3;5
CLI0267;2024-09-20;8;4;3
CLI0267;2024-09-27;11;5;8
CLI0267;2024-10-04;10;2;3
CLI0267;2024-10-11;9;5;3
CLI0267;2024-10-18;7;5;4
CLI0267;2024-10-25;7;1;8
CLI0267;2024-11-01;6;5;2
CLI0267;2024-11-08;12;5;4
CLI0267;2024-11-15;9;5;8
CLI0267;2024-11-22;8;4;2
CLI0267;2024-11-29;9;4;7
CLI0267;2024-12-06;12;5;3
CLI0267;2024-12-13;9;1;3
CLI0268;2024-06-15;3;5;8
CLI0268;2024-06-22;10;4;5
CLI0268;2024-06-29;10;5;4
CLI0268;2024-07-06;10;1;8
CLI0268;2024-07-13;6;5;6
CLI0268;2024-07-20;9;2;5
CLI0268;2024-07-27;6;4;5
CLI0268;2024-08-03;12;2;7
CLI0268;2024-08-10;10;1;7
CLI0268;2024-08-17;1;0;1
CLI0268;2024-08-24;1;0;0
CLI0268;2024-08-31;1;1;1
CLI0268;2024-09-07;2;0;0
CLI0269;2023-02-03;6;2;3
CLI0269;2023-02-10;6;2;2
CLI0269;2023-02-17;5;2;6
CLI0269;2023-02-24;12;2;4
CLI0269;2023-03-03;7;4;2
CLI0269;2023-03-10;9;1;8
CLI0269;2023-03-17;9;5;4
CLI0269;2023-03-24;6;1;5
CLI0269;2023-03-31;12;3;7
CLI0269;2023-04-07;5;2;4
CLI0269;2023-04-14;10;5;5
CLI0269;2023-04-21;8;2;6
CLI0269;2023-04-28;7;1;3
CLI0269;2023-05-05;11;3;3
CLI0269;2023-05-12;10;1;2
CLI0269;2023-05-19;9;3;4
CLI0269;2023-05-26;11;5;4
CLI0269;2023-06-02;7;5;5
CLI0269;2023-06-09;8;2;2
CLI0269;2023-06-16;4;5;7
CLI0269;2023-06-23;11;1;4
CLI0269;2023-06-30;5;3;4
CLI0269;2023-07-07;7;2;6
CLI0269;2023-07-14;3;3;3
CLI0269;2023-07-21;10;4;8
CLI0269;2023-07-28;7;2;4
CLI0269;2023-08-04;8;1;5
CLI0269;2023-08-11;11;4;6
CLI0269;2023-08-18;11;4;6
CLI0269;2023-08-25;9;1;7
CLI0269;2023-09-01;5;1;3
CLI0269;2023-09-08;12;2;3
CLI0269;2023-09-15;4;2;2
CLI0269;2023-09-22;10;1;2
CLI0269;2023-09-29;12;3;6
CLI0269;2023-10-06;9;4;3
CLI0269;2023-10-13;12;5;7
CLI0269;2023-10-20;5;5;8
CLI0269;2023-10-27;10;5;6
CLI0269;2023-11-03;10;2;6
CLI0269;2023-11-10;10;2;8
CLI0269;2023-11-17;4;3;8
CLI0269;2023-11-24;5;3;6
CLI0269;2023-12-01;8;4;3
CLI0269;2023-12-08;12;1;5
CLI0269;2023-12-15;12;4;4
CLI0269;2023-12-22;7;1;5
CLI0269;2023-12-29;3;2;3
CLI0269;2024-01-05;5;5;6
CLI0269;2024-01-12;11;1;5
CLI0269;2024-01-19;3;1;4
CLI0269;2024-01-26;4;1;3
CLI0269;2024-02-02;11;4;4
CLI0269;2024-02-09;8;1;3
CLI0269;2024-02-16;3;2;7
CLI0269;2024-02-23;5;1;2
CLI0269;2024-03-01;10;3;4
CLI0269;2024-03-08;8;3;2
CLI0269;2024-03-15;9;3;6
CLI0269;2024-03-22;10;5;3
CLI0269;2024-03-29;4;1;8
CLI0269;2024-04-05;7;4;5
CLI0269;2024-04-12;5;4;4
CLI0269;2024-04-19;3;1;4
CLI0269;2024-04-26;5;4;7
CLI0269;2024-05-03;12;4;4
CLI0269;2024-05-10;7;2;8
CLI0269;2024-05-17;3;2;8
CLI0269;2024-05-24;9;1;5
CLI0269;2024-05-31;11;3;4
CLI0269;2024-06-07;11;2;3
CLI0269;2024-06-14;3;5;4
CLI0269;2024-06-21;11;4;3
CLI0269;2024-06-28;6;5;3
CLI0269;2024-07-05;9;5;7
CLI0269;2024-07-12;3;4;2
CLI0269;2024-07-19;4;3;4
CLI0269;2024-07-26;10;5;3
CLI0269;2024-08-02;6;2;5
CLI0269;2024-08-09;10;1;4
CLI0269;2024-08-16;11;3;6
CLI0269;2024-08-23;4;5;7
CLI0269;2024-08-30;10;1;2
CLI0269;2024-09-06;8;1;7
CLI0269;2024-09-13;4;5;5
CLI0269;2024-09-20;10;5;8
CLI0269;2024-09-27;10;2;2
CLI0269;2024-10-04;12;2;4
CLI0269;2024-10-11;4;5;3
CLI0269;2024-10-18;3;1;8
CLI0269;2024-10-25;11;2;6
CLI0269;2024-11-01;8;2;3
CLI0269;2024-11-08;6;2;6
CLI0269;2024-11-15;10;1;8
CLI0269;2024-11-22;7;5;7
CLI0269;2024-11-29;6;4;6
CLI0269;2024-12-06;8;5;3
CLI0269;2024-12-13;12;1;4
CLI0269;2024-12-20;11;3;4
CLI0270;2023-05-08;10;1;4
CLI0270;2023-05-15;12;2;2
CLI0270;2023-05-22;10;3;8
CLI0270;2023-05-29;10;3;7
CLI0270;2023-06-05;4;3;3
CLI0270;2023-06-12;7;5;8
CLI0270;2023-06-19;10;2;6
CLI0270;2023-06-26;9;2;5
CLI0270;2023-07-03;5;3;6
CLI0270;2023-07-10;1;1;1
CLI0270;2023-07-17;1;0;0
CLI0270;2023-07-24;2;1;2
CLI0270;2023-07-31;3;1;0
CLI0271;2024-03-20;7;3;3
CLI0271;2024-03-27;7;2;7
CLI0271;2024-04-03;8;3;6
CLI0271;2024-04-10;10;5;5
CLI0271;2024-04-17;5;5;8
CLI0271;2024-04-24;9;3;5
CLI0271;2024-05-01;4;3;5
CLI0271;2024-05-08;7;2;6
CLI0271;2024-05-15;3;2;6
CLI0271;2024-05-22;12;1;8
CLI0271;2024-05-29;6;3;6
CLI0271;2024-06-05;3;3;3
CLI0271;2024-06-12;7;4;6
CLI0271;2024-06-19;9;1;7
CLI0271;2024-06-26;3;1;6
CLI0271;2024-07-03;7;1;6
CLI0271;2024-07-10;4;4;7
CLI0271;2024-07-17;8;4;3
CLI0271;2024-07-24;10;4;3
CLI0271;2024-07-31;7;2;5
CLI0271;2024-08-07;9;2;3
CLI0271;2024-08-14;8;3;6
CLI0271;2024-08-21;5;1;3
CLI0271;2024-08-28;9;5;3
CLI0271;2024-09-04;3;5;8
CLI0271;2024-09-11;4;3;8
CLI0271;2024-09-18;3;1;7
CLI0271;2024-09-25;8;2;5
CLI0271;2024-10-02;6;1;7
CLI0271;2024-10-09;4;4;3
CLI0271;2024-10-16;5;4;4
CLI0271;2024-10-23;4;3;5
CLI0271;2024-10-30;8;4;6
CLI0271;2024-11-06;3;1;7
CLI0271;2024-11-13;4;5;4
CLI0271;2024-11-20;5;5;8
CLI0271;2024-11-27;6;2;4
CLI0271;2024-12-04;12;5;7
CLI0271;2024-12-11;7;4;8
CLI0271;2024-12-18;7;2;3
CLI0272;2024-08-12;8;5;5
CLI0272;2024-08-19;9;4;8
CLI0272;2024-08-26;10;1;4
CLI0272;2024-09-02;6;5;2
CLI0272;2024-09-09;5;2;5
CLI0272;2024-09-16;5;3;5
CLI0272;2024-09-23;6;4;4
CLI0272;2024-09-30;3;1;7
CLI0272;2024-10-07;6;2;6
CLI0272;2024-10-14;12;1;6
CLI0272;2024-10-21;3;1;5
CLI0272;2024-10-28;7;4;5
CLI0272;2024-11-04;4;3;4
CLI0272;2024-11-11;5;4;6
CLI0272;2024-11-18;10;2;8
CLI0272;2024-11-25;8;3;4
CLI0272;2024-12-02;3;3;3
CLI0272;2024-12-09;6;1;5
CLI0273;2024-09-26;3;4;5
CLI0273;2024-10-03;8;3;6
CLI0273;2024-10-10;6;5;3
CLI0273;2024-10-17;7;2;7
CLI0273;2024-10-24;12;4;6
CLI0273;2024-10-31;3;3;4
CLI0273;2024-11-07;6;5;8
CLI0273;2024-11-14;5;3;3
CLI0273;2024-11-21;11;4;6
CLI0273;2024-11-28;6;3;5
CLI0273;2024-12-05;6;2;8
CLI0274;2024-06-07;10;2;4
CLI0274;2024-06-14;2;0;2
CLI0274;2024-06-21;1;0;0
CLI0274;2024-06-28;1;1;1
CLI0274;2024-07-05;1;0;0
CLI0275;2023-10-28;12;5;4
CLI0275;2023-11-04;6;4;3
CLI0275;2023-11-11;3;2;3
CLI0275;2023-11-18;8;1;4
CLI0275;2023-11-25;4;4;2
CLI0275;2023-12-02;5;2;8
CLI0275;2023-12-09;5;3;2
CLI0275;2023-12-16;3;4;7
CLI0275;2023-12-23;4;3;4
CLI0275;2023-12-30;8;5;8
CLI0275;2024-01-06;10;1;8
CLI0275;2024-01-13;12;3;7
CLI0275;2024-01-20;3;3;3
CLI0275;2024-01-27;5;3;4
CLI0275;2024-02-03;9;3;2
CLI0275;2024-02-10;4;5;6
CLI0275;2024-02-17;5;3;8
CLI0275;2024-02-24;8;1;3
CLI0275;2024-03-02;8;2;6
CLI0275;2024-03-09;3;4;8
CLI0275;2024-03-16;11;1;6
CLI0275;2024-03-23;4;2;8
CLI0275;2024-03-30;8;1;4
CLI0275;2024-04-06;6;3;6
CLI0275;2024-04-13;7;1;6
CLI0275;2024-04-20;10;1;4
CLI0275;2024-04-27;10;3;4
CLI0275;2024-05-04;10;1;5
CLI0275;2024-05-11;9;2;3
CLI0275;2024-05-18;11;2;4
CLI0275;2024-05-25;9;2;2
CLI0275;2024-06-01;9;1;7
CLI0275;2024-06-08;9;2;8
CLI0275;2024-06-15;4;5;7
CLI0275;2024-06-22;8;4;3
CLI0275;2024-06-29;8;2;2
CLI0275;2024-07-06;3;4;5
CLI0275;2024-07-13;4;3;2
CLI0275;2024-07-20;7;2;2
CLI0275;2024-07-27;8;5;6
CLI0275;2024-08-03;9;5;8
CLI0275;2024-08-10;8;4;6
CLI0275;2024-08-17;10;4;2
CLI0275;2024-08-24;7;2;7
CLI0275;2024-08-31;6;4;2
CLI0275;2024-09-07;11;1;7
CLI0275;2024-09-14;12;1;2
CLI0275;2024-09-21;3;1;4
CLI0275;2024-09-28;9;1;8
CLI0275;2024-10-05;3;2;6
CLI0275;2024-10-12;5;4;8
CLI0275;2024-10-19;11;5;6
CLI0275;2024-10-26;11;1;6
CLI0275;2024-11-02;12;2;2
CLI0275;2024-11-09;7;4;7
CLI0275;2024-11-16;4;4;3
CLI0275;2024-11-23;11;5;2
CLI0275;2024-11-30;9;5;5
CLI0275;2024-12-07;11;3;2
CLI0276;2024-06-24;12;1;4
CLI0276;2024-07-01;3;5;5
CLI0276;2024-07-08;8;4;8
CLI0276;2024-07-15;11;5;8
CLI0276;2024-07-22;5;4;5
CLI0276;2024-07-29;5;5;2
CLI0276;2024-08-05;3;4;3
CLI0276;2024-08-12;10;2;8
CLI0276;2024-08-19;3;5;2
CLI0276;2024-08-26;7;4;3
CLI0276;2024-09-02;6;4;3
CLI0276;2024-09-09;8;4;4
CLI0276;2024-09-16;3;4;6
CLI0276;2024-09-23;6;1;6
CLI0276;2024-09-30;6;1;8
CLI0276;2024-10-07;9;5;5
CLI0276;2024-10-14;11;5;6
CLI0276;2024-10-21;12;3;2
CLI0276;2024-10-28;7;3;4
CLI0276;2024-11-04;12;5;3
CLI0276;2024-11-11;9;4;2
CLI0276;2024-11-18;7;4;5
CLI0276;2024-11-25;7;5;2
CLI0276;2024-12-02;9;4;6
CLI0276;2024-12-09;11;4;5
CLI0276;2024-12-16;8;1;8
CLI0277;2024-07-28;4;4;4
CLI0277;2024-08-04;8;4;2
CLI0277;2024-08-11;8;5;8
CLI0277;2024-08-18;8;4;3
CLI0277;2024-08-25;7;2;8
CLI0277;2024-09-01;4;5;2
CLI0277;2024-09-08;10;2;6
CLI0277;2024-09-15;5;1;7
CLI0277;2024-09-22;3;2;4
CLI0277;2024-09-29;11;3;5
CLI0277;2024-10-06;8;2;3
CLI0277;2024-10-13;10;4;5
CLI0277;2024-10-20;6;1;7
CLI0277;2024-10-27;6;1;5
CLI0277;2024-11-03;10;5;5
CLI0277;2024-11-10;4;5;8
CLI0277;2024-11-17;5;4;2
CLI0277;2024-11-24;8;3;6
CLI0277;2024-12-01;10;2;2
CLI0277;2024-12-08;4;2;4
CLI0277;2024-12-15;3;2;4
CLI0277;2024-12-22;7;3;4
CLI0278;2023-01-25;3;5;7
CLI0278;2023-02-01;3;5;6
CLI0278;2023-02-08;11;2;6
CLI0278;2023-02-15;10;4;7
CLI0278;2023-02-22;10;2;6
CLI0278;2023-03-01;11;4;3
CLI0278;2023-03-08;7;4;2
CLI0278;2023-03-15;9;2;2
CLI0278;2023-03-22;6;3;3
CLI0278;2023-03-29;11;2;8
CLI0278;2023-04-05;3;1;2
CLI0278;2023-04-12;12;1;4
CLI0278;2023-04-19;6;3;3
CLI0278;2023-04-26;12;3;6
CLI0278;2023-05-03;6;1;5
CLI0278;2023-05-10;7;1;5
CLI0278;2023-05-17;12;5;7
CLI0278;2023-05-24;9;3;4
CLI0278;2023-05-31;9;4;3
CLI0278;2023-06-07;11;5;5
CLI0278;2023-06-14;6;3;2
CLI0278;2023-06-21;11;5;8
CLI0278;2023-06-28;9;2;3
CLI0278;2023-07-05;8;2;5
CLI0278;2023-07-12;8;4;2
CLI0278;2023-07-19;3;2;3
CLI0278;2023-07-26;6;1;3
CLI0278;2023-08-02;6;3;2
CLI0278;2023-08-09;8;4;7
CLI0278;2023-08-16;10;4;8
CLI0278;2023-08-23;4;2;4
CLI0278;2023-08-30;4;3;6
CLI0278;2023-09-06;12;1;8
CLI0278;2023-09-13;7;1;6
CLI0278;2023-09-20;5;5;2
CLI0278;2023-09-27;8;1;5
CLI0278;2023-10-04;9;4;2
CLI0278;2023-10-11;11;1;8
CLI0278;2023-10-18;5;2;6
CLI0278;2023-10-25;5;4;6
CLI0278;2023-11-01;11;3;8
CLI0278;2023-11-08;7;4;7
CLI0278;2023-11-15;12;1;6
CLI0278;2023-11-22;11;4;8
CLI0278;2023-11-29;6;4;2
CLI0278;2023-12-06;8;2;5
CLI0278;2023-12-13;9;5;4
CLI0278;2023-12-20;11;3;4
CLI0278;2023-12-27;7;2;2
CLI0278;2024-01-03;5;2;8
CLI0278;2024-01-10;7;5;3
CLI0278;2024-01-17;7;5;6
CLI0278;2024-01-24;9;2;7
CLI0278;2024-01-31;4;2;8
CLI0278;2024-02-07;10;2;5
CLI0278;2024-02-14;4;3;4
CLI0278;2024-02-21;3;2;2
CLI0278;2024-02-28;4;5;2
CLI0278;2024-03-06;5;4;7
CLI0278;2024-03-13;9;5;8
CLI0278;2024-03-20;4;3;8
CLI0278;2024-03-27;4;5;8
CLI0278;2024-04-03;6;5;5
CLI0278;2024-04-10;3;4;2
CLI0278;2024-04-17;3;3;5
CLI0278;2024-04-24;4;5;6
CLI0278;2024-05-01;4;1;8
CLI0278;2024-05-08;12;5;3
CLI0278;2024-05-15;8;4;7
CLI0278;2024-05-22;12;2;4
CLI0278;2024-05-29;10;4;6
CLI0278;2024-06-05;11;2;4
CLI0278;2024-06-12;4;1;3
CLI0278;2024-06-19;7;1;4
CLI0278;2024-06-26;4;2;8
CLI0278;2024-07-03;4;5;2
CLI0278;2024-07-10;4;5;7
CLI0278;2024-07-17;4;3;2
CLI0278;2024-07-24;8;1;7
CLI0278;2024-07-31;6;2;4
CLI0278;2024-08-07;4;4;8
CLI0278;2024-08-14;12;1;4
CLI0278;2024-08-21;7;4;2
CLI0278;2024-08-28;11;3;5
CLI0278;2024-09-04;3;5;7
CLI0278;2024-09-11;7;1;8
CLI0278;2024-09-18;9;4;2
CLI0278;2024-09-25;7;5;5
CLI0278;2024-10-02;11;2;2
CLI0278;2024-10-09;3;2;2
CLI0278;2024-10-16;7;3;8
CLI0278;2024-10-23;9;3;4
CLI0278;2024-10-30;10;2;8
CLI0278;2024-11-06;5;4;4
CLI0278;2024-11-13;10;5;4
CLI0278;2024-11-20;3;4;7
CLI0278;2024-11-27;7;1;3
CLI0278;2024-12-04;6;4;4
CLI0278;2024-12-11;7;5;7
CLI0279;2024-08-17;12;2;3
CLI0279;2024-08-24;12;1;7
CLI0279;2024-08-31;6;4;7
CLI0279;2024-09-07;12;3;2
CLI0279;2024-09-14;5;4;4
CLI0279;2024-09-21;4;1;8
CLI0279;2024-09-28;9;1;3
CLI0279;2024-10-05;5;4;8
CLI0279;2024-10-12;10;3;3
CLI0279;2024-10-19;4;5;2
CLI0279;2024-10-26;8;4;5
CLI0279;2024-11-02;6;1;7
CLI0279;2024-11-09;3;1;2
CLI0279;2024-11-16;11;5;5
CLI0279;2024-11-23;8;3;5
CLI0279;2024-11-30;4;2;4
CLI0279;2024-12-07;6;4;2
CLI0279;2024-12-14;9;3;2
CLI0279;2024-12-21;3;3;5
CLI0279;2024-12-28;7;5;5
CLI0280;2024-04-20;12;5;6
CLI0280;2024-04-27;7;5;4
CLI0280;2024-05-04;11;1;5
CLI0280;2024-05-11;3;2;5
CLI0280;2024-05-18;4;1;2
CLI0280;2024-05-25;10;4;2
CLI0280;2024-06-01;4;4;5
CLI0280;2024-06-08;6;4;4
CLI0280;2024-06-15;12;3;6
CLI0280;2024-06-22;6;2;8
CLI0280;2024-06-29;3;4;6
CLI0280;2024-07-06;4;1;2
CLI0280;2024-07-13;10;1;6
CLI0280;2024-07-20;9;1;2
CLI0280;2024-07-27;7;5;2
CLI0280;2024-08-03;5;1;4
CLI0280;2024-08-10;7;3;2
CLI0280;2024-08-17;8;3;8
CLI0280;2024-08-24;12;4;5
CLI0280;2024-08-31;7;2;3
CLI0280;2024-09-07;6;5;4
CLI0280;2024-09-14;12;4;7
CLI0280;2024-09-21;8;3;3
CLI0280;2024-09-28;6;5;2
CLI0280;2024-10-05;10;1;8
CLI0280;2024-10-12;6;2;4
CLI0280;2024-10-19;6;1;8
CLI0280;2024-10-26;3;3;6
CLI0280;2024-11-02;12;5;3
CLI0280;2024-11-09;9;4;4
CLI0280;2024-11-16;6;4;7
CLI0280;2024-11-23;4;5;5
CLI0280;2024-11-30;10;2;2
CLI0280;2024-12-07;10;2;6
CLI0281;2023-11-07;11;4;7
CLI0281;2023-11-14;5;2;8
CLI0281;2023-11-21;11;3;8
CLI0281;2023-11-28;11;4;8
CLI0281;2023-12-05;8;2;8
CLI0281;2023-12-12;12;2;8
CLI0281;2023-12-19;10;4;6
CLI0281;2023-12-26;10;1;4
CLI0281;2024-01-02;4;2;4
CLI0281;2024-01-09;12;2;8
CLI0281;2024-01-16;4;4;6
CLI0281;2024-01-23;9;4;2
CLI0281;2024-01-30;9;1;4
CLI0281;2024-02-06;8;5;7
CLI0281;2024-02-13;4;4;8
CLI0281;2024-02-20;6;3;5
CLI0281;2024-02-27;12;2;2
CLI0281;2024-03-05;4;4;3
CLI0281;2024-03-12;8;1;5
CLI0281;2024-03-19;12;5;6
CLI0281;2024-03-26;6;3;8
CLI0281;2024-04-02;7;4;4
CLI0281;2024-04-09;9;2;8
CLI0281;2024-04-16;12;5;7
CLI0281;2024-04-23;12;4;2
CLI0281;2024-04-30;4;3;7
CLI0281;2024-05-07;8;3;5
CLI0281;2024-05-14;3;2;6
CLI0281;2024-05-21;6;3;7
CLI0281;2024-05-28;5;4;7
CLI0281;2024-06-04;4;5;5
CLI0281;2024-06-11;9;5;3
CLI0281;2024-06-18;8;3;3
CLI0281;2024-06-25;12;1;4
CLI0281;2024-07-02;3;5;3
CLI0281;2024-07-09;9;1;2
CLI0281;2024-07-16;3;1;8
CLI0281;2024-07-23;4;1;2
CLI0281;2024-07-30;8;4;2
CLI0281;2024-08-06;9;1;8
CLI0281;2024-08-13;12;4;3
CLI0281;2024-08-20;11;3;8
CLI0281;2024-08-27;7;5;7
CLI0281;2024-09-03;11;1;3
CLI0281;2024-09-10;4;2;2
CLI0281;2024-09-17;3;5;6
CLI0281;2024-09-24;5;2;6
CLI0281;2024-10-01;7;4;8
CLI0281;2024-10-08;12;5;2
CLI0281;2024-10-15;11;4;5
CLI0281;2024-10-22;5;2;7
CLI0281;2024-10-29;6;1;2
CLI0281;2024-11-05;7;3;6
CLI0281;2024-11-12;4;4;7
CLI0281;2024-11-19;10;2;7
CLI0281;2024-11-26;9;3;4
CLI0281;2024-12-03;9;1;6
CLI0281;2024-12-10;5;2;2
CLI0281;2024-12-17;11;5;3
CLI0282;2023-05-24;9;3;2
CLI0282;2023-05-31;3;1;0
CLI0282;2023-06-07;1;0;0
CLI0282;2023-06-14;1;1;1
CLI0282;2023-06-21;1;1;1
CLI0283;2023-09-02;12;5;2
CLI0283;2023-09-09;9;4;5
CLI0283;2023-09-16;7;1;8
CLI0283;2023-09-23;6;2;3
CLI0283;2023-09-30;12;1;7
CLI0283;2023-10-07;12;2;7
CLI0283;2023-10-14;5;3;3
CLI0283;2023-10-21;11;2;7
CLI0283;2023-10-28;9;4;2
CLI0283;2023-11-04;5;4;6
CLI0283;2023-11-11;6;4;6
CLI0283;2023-11-18;7;5;8
CLI0283;2023-11-25;12;5;4
CLI0283;2023-12-02;5;2;4
CLI0283;2023-12-09;5;5;5
CLI0283;2023-12-16;7;3;4
CLI0283;2023-12-23;11;3;8
CLI0283;2023-12-30;6;4;8
CLI0283;2024-01-06;11;4;6
CLI0283;2024-01-13;4;1;2
CLI0283;2024-01-20;7;2;3
CLI0283;2024-01-27;3;4;4
CLI0283;2024-02-03;3;5;7
CLI0283;2024-02-10;11;1;4
CLI0283;2024-02-17;11;4;5
CLI0283;2024-02-24;4;3;4
CLI0283;2024-03-02;8;5;7
CLI0283;2024-03-09;3;4;7
CLI0283;2024-03-16;5;4;6
CLI0283;2024-03-23;10;5;2
CLI0283;2024-03-30;5;3;6
CLI0283;2024-04-06;4;2;2
CLI0283;2024-04-13;7;4;3
CLI0283;2024-04-20;10;2;2
CLI0283;2024-04-27;9;2;7
CLI0283;2024-05-04;9;4;7
CLI0283;2024-05-11;3;2;3
CLI0283;2024-05-18;6;3;6
CLI0283;2024-05-25;7;1;6
CLI0283;2024-06-01;3;2;6
CLI0283;2024-06-08;8;3;7
CLI0283;2024-06-15;12;5;6
CLI0283;2024-06-22;10;4;8
CLI0283;2024-06-29;6;4;8
CLI0283;2024-07-06;12;2;6
CLI0283;2024-07-13;8;4;8
CLI0283;2024-07-20;12;3;8
CLI0283;2024-07-27;8;1;6
CLI0283;2024-08-03;5;3;7
CLI0283;2024-08-10;10;3;7
CLI0283;2024-08-17;4;1;2
CLI0283;2024-08-24;10;2;5
CLI0283;2024-08-31;10;1;3
CLI0283;2024-09-07;11;4;3
CLI0283;2024-09-14;8;4;7
CLI0283;2024-09-21;10;4;2
CLI0283;2024-09-28;4;2;4
CLI0283;2024-10-05;11;3;7
CLI0283;2024-10-12;5;2;3
CLI0283;2024-10-19;3;1;6
CLI0283;2024-10-26;3;3;5
CLI0283;2024-11-02;6;1;7
CLI0283;2024-11-09;11;2;6
CLI0283;2024-11-16;5;3;7
CLI0283;2024-11-23;11;2;6
CLI0283;2024-11-30;10;2;8
CLI0283;2024-12-07;5;1;2
CLI0284;2024-04-28;4;2;7
CLI0284;2024-05-05;10;2;7
CLI0284;2024-05-12;9;3;8
CLI0284;2024-05-19;7;5;4
CLI0284;2024-05-26;5;2;2
CLI0284;2024-06-02;10;2;2
CLI0284;2024-06-09;4;5;5
CLI0284;2024-06-16;3;5;4
CLI0284;2024-06-23;5;5;5
CLI0284;2024-06-30;7;1;5
CLI0284;2024-07-07;5;4;6
CLI0284;2024-07-14;9;2;7
CLI0284;2024-07-21;9;3;2
CLI0284;2024-07-28;5;5;7
CLI0284;2024-08-04;8;3;4
CLI0284;2024-08-11;4;1;2
CLI0284;2024-08-18;8;1;2
CLI0284;2024-08-25;11;1;6
CLI0284;2024-09-01;7;5;8
CLI0284;2024-09-08;7;2;3
CLI0284;2024-09-15;9;2;3
CLI0284;2024-09-22;3;1;3
CLI0284;2024-09-29;9;1;5
CLI0284;2024-10-06;5;2;3
CLI0284;2024-10-13;8;1;3
CLI0284;2024-10-20;11;2;2
CLI0284;2024-10-27;6;3;7
CLI0284;2024-11-03;5;3;3
CLI0284;2024-11-10;10;3;8
CLI0284;2024-11-17;6;5;2
CLI0284;2024-11-24;9;5;3
CLI0284;2024-12-01;11;1;8
CLI0284;2024-12-08;12;1;8
CLI0284;2024-12-15;9;4;3
CLI0284;2024-12-22;4;4;8
CLI0285;2024-03-12;7;1;3
CLI0285;2024-03-19;6;1;4
CLI0285;2024-03-26;8;3;4
CLI0285;2024-04-02;4;1;5
CLI0285;2024-04-09;4;4;5
CLI0285;2024-04-16;7;5;5
CLI0285;2024-04-23;3;1;7
CLI0285;2024-04-30;11;3;4
CLI0285;2024-05-07;8;5;2
CLI0285;2024-05-14;4;3;7
CLI0285;2024-05-21;4;4;5
CLI0285;2024-05-28;7;2;6
CLI0285;2024-06-04;9;2;6
CLI0285;2024-06-11;3;5;3
CLI0285;2024-06-18;7;1;2
CLI0285;2024-06-25;8;1;4
CLI0285;2024-07-02;3;5;8
CLI0285;2024-07-09;9;5;6
CLI0285;2024-07-16;9;1;7
CLI0285;2024-07-23;6;1;4
CLI0285;2024-07-30;5;3;4
CLI0285;2024-08-06;5;2;7
CLI0285;2024-08-13;5;2;7
CLI0285;2024-08-20;11;1;4
CLI0285;2024-08-27;11;5;3
CLI0285;2024-09-03;10;4;7
CLI0285;2024-09-10;7;2;4
CLI0285;2024-09-17;7;1;7
CLI0285;2024-09-24;7;4;5
CLI0285;2024-10-01;5;3;7
CLI0285;2024-10-08;6;5;4
CLI0285;2024-10-15;3;1;2
CLI0285;2024-10-22;4;3;8
CLI0285;2024-10-29;5;3;4
CLI0285;2024-11-05;11;4;8
CLI0285;2024-11-12;5;4;5
CLI0285;2024-11-19;11;5;6
CLI0285;2024-11-26;5;4;2
CLI0285;2024-12-03;6;1;5
CLI0286;2023-10-10;3;3;4
CLI0286;2023-10-17;11;5;2
CLI0286;2023-10-24;12;4;2
CLI0286;2023-10-31;11;4;2
CLI0286;2023-11-07;7;2;3
CLI0286;2023-11-14;12;2;4
CLI0286;2023-11-21;8;3;7
CLI0286;2023-11-28;8;5;3
CLI0286;2023-12-05;3;3;7
CLI0286;2023-12-12;8;5;5
CLI0286;2023-12-19;10;3;5
CLI0286;2023-12-26;10;5;6
CLI0286;2024-01-02;4;1;7
CLI0286;2024-01-09;6;4;6
CLI0286;2024-01-16;11;2;2
CLI0286;2024-01-23;7;3;5
CLI0286;2024-01-30;9;2;5
CLI0286;2024-02-06;7;3;8
CLI0286;2024-02-13;4;1;5
CLI0286;2024-02-20;3;5;6
CLI0286;2024-02-27;8;5;6
CLI0286;2024-03-05;10;1;8
CLI0286;2024-03-12;4;3;7
CLI0286;2024-03-19;5;2;2
CLI0286;2024-03-26;6;2;5
CLI0286;2024-04-02;11;5;8
CLI0286;2024-04-09;9;1;2
CLI0286;2024-04-16;11;2;4
CLI0286;2024-04-23;10;4;7
CLI0286;2024-04-30;4;2;7
CLI0286;2024-05-07;11;5;6
CLI0286;2024-05-14;12;5;7
CLI0286;2024-05-21;6;1;7
CLI0286;2024-05-28;10;3;5
CLI0286;2024-06-04;4;1;7
CLI0286;2024-06-11;6;5;6
CLI0286;2024-06-18;10;5;8
CLI0286;2024-06-25;12;2;5
CLI0286;2024-07-02;4;3;7
CLI0286;2024-07-09;9;1;8
CLI0286;2024-07-16;6;2;6
CLI0286;2024-07-23;10;5;6
CLI0286;2024-07-30;8;2;6
CLI0286;2024-08-06;8;5;8
CLI0286;2024-08-13;12;5;5
CLI0286;2024-08-20;11;1;6
CLI0286;2024-08-27;7;2;6
CLI0286;2024-09-03;10;4;7
CLI0286;2024-09-10;6;1;7
CLI0286;2024-09-17;12;1;7
CLI0286;2024-09-24;3;4;3
CLI0286;2024-10-01;10;5;4
CLI0286;2024-10-08;12;5;6
CLI0286;2024-10-15;7;3;4
CLI0286;2024-10-22;10;3;8
CLI0286;2024-10-29;7;3;2
CLI0286;2024-11-05;3;4;5
CLI0286;2024-11-12;12;2;7
CLI0286;2024-11-19;9;2;5
CLI0286;2024-11-26;8;3;7
CLI0286;2024-12-03;6;3;8
CLI0286;2024-12-10;10;3;6
CLI0286;2024-12-17;4;4;2
CLI0287;2023-09-23;6;5;6
CLI0287;2023-09-30;8;5;7
CLI0287;2023-10-07;3;4;8
CLI0287;2023-10-14;12;5;5
CLI0287;2023-10-21;8;5;8
CLI0287;2023-10-28;8;4;6
CLI0287;2023-11-04;6;4;4
CLI0287;2023-11-11;9;5;2
CLI0287;2023-11-18;9;4;6
CLI0287;2023-11-25;7;2;4
CLI0287;2023-12-02;3;4;8
CLI0287;2023-12-09;6;1;5
CLI0287;2023-12-16;4;4;5
CLI0287;2023-12-23;9;1;7
CLI0287;2023-12-30;6;3;7
CLI0287;2024-01-06;3;1;5
CLI0287;2024-01-13;11;5;3
CLI0287;2024-01-20;9;5;3
CLI0287;2024-01-27;1;0;0
CLI0287;2024-02-03;3;0;1
CLI0287;2024-02-10;0;0;0
CLI0287;2024-02-17;2;1;1
CLI0288;2024-09-10;3;2;3
CLI0288;2024-09-17;4;2;8
CLI0288;2024-09-24;9;3;3
CLI0288;2024-10-01;5;4;3
CLI0288;2024-10-08;8;3;8
CLI0288;2024-10-15;1;0;1
CLI0288;2024-10-22;3;0;1
CLI0288;2024-10-29;3;0;0
CLI0288;2024-11-05;1;0;0
CLI0289;2023-10-02;12;3;2
CLI0289;2023-10-09;12;2;7
CLI0289;2023-10-16;8;3;4
CLI0289;2023-10-23;8;4;2
CLI0289;2023-10-30;5;1;2
CLI0289;2023-11-06;9;1;5
CLI0289;2023-11-13;7;1;3
CLI0289;2023-11-20;9;3;4
CLI0289;2023-11-27;8;5;4
CLI0289;2023-12-04;10;4;2
CLI0289;2023-12-11;5;1;6
CLI0289;2023-12-18;12;2;7
CLI0289;2023-12-25;12;1;7
CLI0289;2024-01-01;5;4;7
CLI0289;2024-01-08;3;4;4
CLI0289;2024-01-15;3;4;7
CLI0289;2024-01-22;9;1;3
CLI0289;2024-01-29;5;2;6
CLI0289;2024-02-05;6;1;4
CLI0289;2024-02-12;9;3;4
CLI0289;2024-02-19;9;5;7
CLI0289;2024-02-26;8;2;7
CLI0289;2024-03-04;3;3;4
CLI0289;2024-03-11;8;3;8
CLI0289;2024-03-18;8;5;4
CLI0289;2024-03-25;3;2;5
CLI0289;2024-04-01;6;3;5
CLI0289;2024-04-08;3;4;5
CLI0289;2024-04-15;10;5;6
CLI0289;2024-04-22;7;2;3
CLI0289;2024-04-29;5;4;5
CLI0289;2024-05-06;6;5;7
CLI0289;2024-05-13;12;1;4
CLI0289;2024-05-20;9;1;2
CLI0289;2024-05-27;11;2;7
CLI0289;2024-06-03;6;4;6
CLI0289;2024-06-10;9;2;5
CLI0289;2024-06-17;12;1;3
CLI0289;2024-06-24;5;2;2
CLI0289;2024-07-01;12;4;4
CLI0289;2024-07-08;8;1;5
CLI0289;2024-07-15;4;4;8
CLI0289;2024-07-22;12;1;5
CLI0289;2024-07-29;10;1;7
CLI0289;2024-08-05;4;3;7
CLI0289;2024-08-12;4;2;2
CLI0289;2024-08-19;3;2;6
CLI0289;2024-08-26;6;3;4
CLI0289;2024-09-02;12;1;5
CLI0289;2024-09-09;9;5;5
CLI0289;2024-09-16;5;1;5
CLI0289;2024-09-23;5;1;6
CLI0289;2024-09-30;6;2;8
CLI0289;2024-10-07;6;5;7
CLI0289;2024-10-14;4;5;3
CLI0289;2024-10-21;12;4;8
CLI0289;2024-10-28;12;2;2
CLI0289;2024-11-04;3;3;3
CLI0289;2024-11-11;3;4;2
CLI0289;2024-11-18;5;2;5
CLI0289;2024-11-25;3;1;6
CLI0289;2024-12-02;5;2;6
CLI0289;2024-12-09;6;4;5
CLI0289;2024-12-16;7;2;5
CLI0290;2023-02-25;11;5;5
CLI0290;2023-03-04;5;5;3
CLI0290;2023-03-11;3;4;3
CLI0290;2023-03-18;5;2;7
CLI0290;2023-03-25;11;1;2
CLI0290;2023-04-01;5;4;6
CLI0290;2023-04-08;11;1;4
CLI0290;2023-04-15;7;4;7
CLI0290;2023-04-22;9;3;6
CLI0290;2023-04-29;12;3;3
CLI0290;2023-05-06;7;4;5
CLI0290;2023-05-13;3;5;5
CLI0290;2023-05-20;3;4;8
CLI0290;2023-05-27;7;4;3
CLI0290;2023-06-03;7;3;3
CLI0290;2023-06-10;8;4;3
CLI0290;2023-06-17;10;5;5
CLI0290;2023-06-24;7;4;5
CLI0290;2023-07-01;11;5;4
CLI0290;2023-07-08;3;4;2
CLI0290;2023-07-15;12;3;5
CLI0290;2023-07-22;8;4;5
CLI0290;2023-07-29;10;1;5
CLI0290;2023-08-05;4;2;6
CLI0290;2023-08-12;11;5;6
CLI0290;2023-08-19;10;2;6
CLI0290;2023-08-26;7;2;5
CLI0290;2023-09-02;11;1;8
CLI0290;2023-09-09;12;2;6
CLI0290;2023-09-16;5;4;7
CLI0290;2023-09-23;4;4;4
CLI0290;2023-09-30;4;4;2
CLI0290;2023-10-07;3;3;3
CLI0290;2023-10-14;10;1;7
CLI0290;2023-10-21;11;4;2
CLI0290;2023-10-28;8;4;7
CLI0290;2023-11-04;9;5;6
CLI0290;2023-11-11;3;2;2
CLI0290;2023-11-18;9;4;4
CLI0290;2023-11-25;10;5;8
CLI0290;2023-12-02;8;1;3
CLI0290;2023-12-09;10;5;6
CLI0290;2023-12-16;6;1;3
CLI0290;2023-12-23;7;2;6
CLI0290;2023-12-30;8;2;4
CLI0290;2024-01-06;7;1;8
CLI0290;2024-01-13;9;1;2
CLI0290;2024-01-20;12;5;2
CLI0290;2024-01-27;12;5;7
CLI0290;2024-02-03;7;5;2
CLI0290;2024-02-10;11;4;2
CLI0290;2024-02-17;4;4;2
CLI0290;2024-02-24;11;4;5
CLI0290;2024-03-02;4;3;3
CLI0290;2024-03-09;3;4;5
CLI0290;2024-03-16;4;1;5
CLI0290;2024-03-23;7;1;4
CLI0290;2024-03-30;6;2;5
CLI0290;2024-04-06;11;5;4
CLI0290;2024-04-13;10;5;5
CLI0290;2024-04-20;10;2;7
CLI0290;2024-04-27;7;4;2
CLI0290;2024-05-04;3;3;2
CLI0290;2024-05-11;4;1;8
CLI0290;2024-05-18;12;1;2
CLI0290;2024-05-25;10;1;8
CLI0290;2024-06-01;4;4;6
CLI0290;2024-06-08;8;1;7
CLI0290;2024-06-15;5;1;4
CLI0290;2024-06-22;3;2;4
CLI0290;2024-06-29;7;5;5
CLI0290;2024-07-06;5;2;7
CLI0290;2024-07-13;12;2;2
CLI0290;2024-07-20;4;1;7
CLI0290;2024-07-27;5;5;5
CLI0290;2024-08-03;8;5;8
CLI0290;2024-08-10;12;4;4
CLI0290;2024-08-17;10;3;7
CLI0290;2024-08-24;6;5;5
CLI0290;2024-08-31;8;5;8
CLI0290;2024-09-07;10;3;4
CLI0290;2024-09-14;5;3;3
CLI0290;2024-09-21;9;5;8
CLI0290;2024-09-28;7;2;2
CLI0290;2024-10-05;7;1;5
CLI0290;2024-10-12;7;1;4
CLI0290;2024-10-19;6;4;4
CLI0290;2024-10-26;3;3;2
CLI0290;2024-11-02;6;2;5
CLI0290;2024-11-09;12;2;8
CLI0290;2024-11-16;10;4;8
CLI0290;2024-11-23;9;5;8
CLI0290;2024-11-30;12;4;5
CLI0290;2024-12-07;11;1;7
CLI0290;2024-12-14;9;1;8
CLI0291;2024-06-26;10;3;6
CLI0291;2024-07-03;3;3;6
CLI0291;2024-07-10;7;5;7
CLI0291;2024-07-17;9;5;6
CLI0291;2024-07-24;4;3;4
CLI0291;2024-07-31;12;5;2
CLI0291;2024-08-07;11;1;3
CLI0291;2024-08-14;8;5;5
CLI0291;2024-08-21;5;3;7
CLI0291;2024-08-28;3;3;5
CLI0291;2024-09-04;7;3;4
CLI0291;2024-09-11;3;5;6
CLI0291;2024-09-18;12;5;5
CLI0291;2024-09-25;6;2;4
CLI0291;2024-10-02;8;2;4
CLI0291;2024-10-09;5;4;7
CLI0291;2024-10-16;12;1;2
CLI0291;2024-10-23;4;1;7
CLI0291;2024-10-30;3;5;4
CLI0291;2024-11-06;4;5;4
CLI0291;2024-11-13;9;4;6
CLI0291;2024-11-20;12;5;7
CLI0291;2024-11-27;8;5;3
CLI0291;2024-12-04;5;1;3
CLI0291;2024-12-11;8;5;5
CLI0291;2024-12-18;4;5;7
CLI0291;2024-12-25;6;1;8
CLI0292;2024-04-09;11;1;8
CLI0292;2024-04-16;3;2;3
CLI0292;2024-04-23;9;3;3
CLI0292;2024-04-30;8;5;5
CLI0292;2024-05-07;5;1;4
CLI0292;2024-05-14;8;3;6
CLI0292;2024-05-21;5;5;6
CLI0292;2024-05-28;10;5;8
CLI0292;2024-06-04;4;5;3
CLI0292;2024-06-11;4;3;5
CLI0292;2024-06-18;7;5;7
CLI0292;2024-06-25;11;3;5
CLI0292;2024-07-02;7;4;2
CLI0292;2024-07-09;7;2;6
CLI0292;2024-07-16;6;4;2
CLI0292;2024-07-23;10;5;4
CLI0292;2024-07-30;10;2;2
CLI0292;2024-08-06;7;4;2
CLI0292;2024-08-13;10;2;5
CLI0292;2024-08-20;8;5;2
CLI0292;2024-08-27;7;3;8
CLI0292;2024-09-03;5;5;8
CLI0292;2024-09-10;5;4;5
CLI0292;2024-09-17;9;5;6
CLI0292;2024-09-24;11;5;5
CLI0292;2024-10-01;12;5;6
CLI0292;2024-10-08;10;4;4
CLI0292;2024-10-15;7;3;4
CLI0292;2024-10-22;11;3;5
CLI0292;2024-10-29;7;1;3
CLI0292;2024-11-05;7;1;2
CLI0292;2024-11-12;12;2;7
CLI0292;2024-11-19;12;2;5
CLI0292;2024-11-26;3;3;6
CLI0292;2024-12-03;9;2;7
CLI0292;2024-12-10;10;3;7
CLI0292;2024-12-17;4;5;3
CLI0293;2023-09-15;3;1;3
CLI0293;2023-09-22;7;5;4
CLI0293;2023-09-29;7;4;6
CLI0293;2023-10-06;6;4;7
CLI0293;2023-10-13;8;4;2
CLI0293;2023-10-20;4;3;5
CLI0293;2023-10-27;11;4;3
CLI0293;2023-11-03;5;2;8
CLI0293;2023-11-10;3;4;2
CLI0293;2023-11-17;9;3;6
CLI0293;2023-11-24;7;5;2
CLI0293;2023-12-01;8;2;2
CLI0293;2023-12-08;9;1;3
CLI0293;2023-12-15;5;4;7
CLI0293;2023-12-22;7;2;3
CLI0293;2023-12-29;3;2;8
CLI0293;2024-01-05;10;2;8
CLI0293;2024-01-12;10;1;6
CLI0293;2024-01-19;9;2;4
CLI0293;2024-01-26;7;4;8
CLI0293;2024-02-02;8;4;3
CLI0293;2024-02-09;4;1;3
CLI0293;2024-02-16;4;2;6
CLI0293;2024-02-23;3;4;6
CLI0293;2024-03-01;5;5;5
CLI0293;2024-03-08;11;1;5
CLI0293;2024-03-15;9;1;4
CLI0293;2024-03-22;7;3;6
CLI0293;2024-03-29;11;3;6
CLI0293;2024-04-05;9;4;3
CLI0293;2024-04-12;8;4;4
CLI0293;2024-04-19;7;1;6
CLI0293;2024-04-26;3;2;7
CLI0293;2024-05-03;11;5;3
CLI0293;2024-05-10;8;2;2
CLI0293;2024-05-17;5;5;7
CLI0293;2024-05-24;11;4;5
CLI0293;2024-05-31;12;1;4
CLI0293;2024-06-07;12;3;5
CLI0293;2024-06-14;12;5;6
CLI0293;2024-06-21;7;2;6
CLI0293;2024-06-28;11;2;7
CLI0293;2024-07-05;11;3;5
CLI0293;2024-07-12;3;3;3
CLI0293;2024-07-19;3;2;2
CLI0293;2024-07-26;6;2;8
CLI0293;2024-08-02;12;5;6
CLI0293;2024-08-09;10;1;8
CLI0293;2024-08-16;5;2;7
CLI0293;2024-08-23;5;1;3
CLI0293;2024-08-30;9;4;6
CLI0293;2024-09-06;9;3;3
CLI0293;2024-09-13;10;4;6
CLI0293;2024-09-20;9;2;5
CLI0293;2024-09-27;11;3;3
CLI0293;2024-10-04;10;2;6
CLI0293;2024-10-11;10;4;2
CLI0293;2024-10-18;6;2;2
CLI0293;2024-10-25;11;4;5
CLI0293;2024-11-01;11;2;8
CLI0293;2024-11-08;7;4;2
CLI0293;2024-11-15;3;4;3
CLI0293;2024-11-22;11;2;8
CLI0293;2024-11-29;6;3;7
CLI0293;2024-12-06;8;3;5
CLI0294;2023-09-06;5;4;5
CLI0294;2023-09-13;3;1;4
CLI0294;2023-09-20;8;2;4
CLI0294;2023-09-27;11;3;7
CLI0294;2023-10-04;12;4;3
CLI0294;2023-10-11;0;0;2
CLI0294;2023-10-18;3;0;2
CLI0294;2023-10-25;1;0;1
CLI0294;2023-11-01;2;1;0
CLI0295;2023-11-16;5;3;4
CLI0295;2023-11-23;8;3;5
CLI0295;2023-11-30;11;5;7
CLI0295;2023-12-07;6;5;8
CLI0295;2023-12-14;10;4;7
CLI0295;2023-12-21;3;3;2
CLI0295;2023-12-28;4;4;5
CLI0295;2024-01-04;11;5;8
CLI0295;2024-01-11;4;3;8
CLI0295;2024-01-18;12;4;7
CLI0295;2024-01-25;7;4;8
CLI0295;2024-02-01;10;2;6
CLI0295;2024-02-08;9;3;5
CLI0295;2024-02-15;12;1;4
CLI0295;2024-02-22;7;5;7
CLI0295;2024-02-29;7;4;5
CLI0295;2024-03-07;6;2;3
CLI0295;2024-03-14;5;5;8
CLI0295;2024-03-21;4;2;4
CLI0295;2024-03-28;11;5;4
CLI0295;2024-04-04;8;5;5
CLI0295;2024-04-11;10;1;2
CLI0295;2024-04-18;9;2;3
CLI0295;2024-04-25;12;3;4
CLI0295;2024-05-02;12;5;7
CLI0295;2024-05-09;7;2;5
CLI0295;2024-05-16;7;1;5
CLI0295;2024-05-23;9;1;7
CLI0295;2024-05-30;11;5;4
CLI0295;2024-06-06;6;1;2
CLI0295;2024-06-13;5;1;3
CLI0295;2024-06-20;6;5;6
CLI0295;2024-06-27;3;1;3
CLI0295;2024-07-04;11;4;2
CLI0295;2024-07-11;9;2;6
CLI0295;2024-07-18;6;2;4
CLI0295;2024-07-25;9;5;6
CLI0295;2024-08-01;3;3;6
CLI0295;2024-08-08;4;1;6
CLI0295;2024-08-15;3;1;4
CLI0295;2024-08-22;6;2;5
CLI0295;2024-08-29;7;2;4
CLI0295;2024-09-05;9;4;2
CLI0295;2024-09-12;5;4;5
CLI0295;2024-09-19;5;5;8
CLI0295;2024-09-26;10;1;4
CLI0295;2024-10-03;9;3;6
CLI0295;2024-10-10;9;5;4
CLI0295;2024-10-17;10;5;7
CLI0295;2024-10-24;7;3;5
CLI0295;2024-10-31;8;5;4
CLI0295;2024-11-07;12;5;4
CLI0295;2024-11-14;8;1;4
CLI0295;2024-11-21;8;2;7
CLI0295;2024-11-28;9;2;6
CLI0295;2024-12-05;4;4;2
CLI0296;2023-11-04;11;2;6
CLI0296;2023-11-11;8;2;7
CLI0296;2023-11-18;8;2;7
CLI0296;2023-11-25;8;2;8
CLI0296;2023-12-02;3;4;7
CLI0296;2023-12-09;11;5;3
CLI0296;2023-12-16;4;4;7
CLI0296;2023-12-23;8;1;8
CLI0296;2023-12-30;4;5;7
CLI0296;2024-01-06;5;1;4
CLI0296;2024-01-13;8;4;4
CLI0296;2024-01-20;7;3;3
CLI0296;2024-01-27;3;2;2
CLI0296;2024-02-03;5;4;7
CLI0296;2024-02-10;9;5;4
CLI0296;2024-02-17;10;2;2
CLI0296;2024-02-24;11;5;3
CLI0296;2024-03-02;7;1;3
CLI0296;2024-03-09;8;2;3
CLI0296;2024-03-16;4;2;7
CLI0296;2024-03-23;7;3;2
CLI0296;2024-03-30;5;5;3
CLI0296;2024-04-06;9;2;4
CLI0296;2024-04-13;3;5;4
CLI0296;2024-04-20;4;2;8
CLI0296;2024-04-27;4;5;2
CLI0296;2024-05-04;8;2;4
CLI0296;2024-05-11;10;5;4
CLI0296;2024-05-18;12;5;2
CLI0296;2024-05-25;3;3;8
CLI0296;2024-06-01;10;5;4
CLI0296;2024-06-08;4;2;8
CLI0296;2024-06-15;6;2;4
CLI0296;2024-06-22;7;4;2
CLI0296;2024-06-29;4;5;6
CLI0296;2024-07-06;4;1;3
CLI0296;2024-07-13;7;2;4
CLI0296;2024-07-20;11;3;5
CLI0296;2024-07-27;4;2;3
CLI0296;2024-08-03;12;5;5
CLI0296;2024-08-10;5;4;5
CLI0296;2024-08-17;11;4;2
CLI0296;2024-08-24;5;4;3
CLI0296;2024-08-31;7;2;2
CLI0296;2024-09-07;4;2;2
CLI0296;2024-09-14;5;5;2
CLI0296;2024-09-21;6;5;2
CLI0296;2024-09-28;6;1;2
CLI0296;2024-10-05;7;5;8
CLI0296;2024-10-12;7;5;2
CLI0296;2024-10-19;5;5;6
CLI0296;2024-10-26;12;1;6
CLI0296;2024-11-02;11;5;7
CLI0296;2024-11-09;4;5;5
CLI0296;2024-11-16;9;3;8
CLI0296;2024-11-23;8;2;3
CLI0296;2024-11-30;4;5;2
CLI0296;2024-12-07;12;5;2
CLI0296;2024-12-14;11;2;2
CLI0296;2024-12-21;6;2;4
CLI0297;2024-02-06;10;2;3
CLI0297;2024-02-13;9;4;5
CLI0297;2024-02-20;3;3;7
CLI0297;2024-02-27;4;4;2
CLI0297;2024-03-05;3;2;7
CLI0297;2024-03-12;11;5;2
CLI0297;2024-03-19;12;1;6
CLI0297;2024-03-26;10;3;2
CLI0297;2024-04-02;8;1;2
CLI0297;2024-04-09;6;2;8
CLI0297;2024-04-16;5;1;8
CLI0297;2024-04-23;6;3;8
CLI0297;2024-04-30;7;5;4
CLI0297;2024-05-07;9;1;5
CLI0297;2024-05-14;4;3;6
CLI0297;2024-05-21;10;4;4
CLI0297;2024-05-28;3;4;5
CLI0297;2024-06-04;8;2;4
CLI0297;2024-06-11;10;2;3
CLI0297;2024-06-18;4;4;8
CLI0297;2024-06-25;6;1;5
CLI0297;2024-07-02;3;2;7
CLI0297;2024-07-09;10;5;7
CLI0297;2024-07-16;4;1;7
CLI0297;2024-07-23;3;3;8
CLI0297;2024-07-30;10;1;3
CLI0297;2024-08-06;12;5;5
CLI0297;2024-08-13;6;1;5
CLI0297;2024-08-20;9;4;2
CLI0297;2024-08-27;3;3;6
CLI0297;2024-09-03;12;3;5
CLI0297;2024-09-10;12;4;5
CLI0297;2024-09-17;12;2;8
CLI0297;2024-09-24;5;2;3
CLI0297;2024-10-01;10;1;2
CLI0297;2024-10-08;10;1;7
CLI0297;2024-10-15;8;5;8
CLI0297;2024-10-22;3;1;6
CLI0297;2024-10-29;10;1;4
CLI0297;2024-11-05;3;5;5
CLI0297;2024-11-12;6;2;3
CLI0297;2024-11-19;6;3;3
CLI0297;2024-11-26;3;4;4
CLI0297;2024-12-03;11;4;4
CLI0297;2024-12-10;7;5;7
CLI0297;2024-12-17;11;5;3
CLI0297;2024-12-24;12;2;3
CLI0298;2024-04-24;5;2;6
CLI0298;2024-05-01;8;5;8
CLI0298;2024-05-08;5;3;6
CLI0298;2024-05-15;8;3;4
CLI0298;2024-05-22;8;1;3
CLI0298;2024-05-29;12;1;6
CLI0298;2024-06-05;9;1;3
CLI0298;2024-06-12;7;5;8
CLI0298;2024-06-19;5;2;5
CLI0298;2024-06-26;10;5;6
CLI0298;2024-07-03;6;5;7
CLI0298;2024-07-10;10;2;5
CLI0298;2024-07-17;12;2;3
CLI0298;2024-07-24;6;5;2
CLI0298;2024-07-31;3;3;7
CLI0298;2024-08-07;6;4;4
CLI0298;2024-08-14;10;3;6
CLI0298;2024-08-21;7;4;5
CLI0298;2024-08-28;7;5;5
CLI0298;2024-09-04;10;3;2
CLI0298;2024-09-11;9;2;5
CLI0298;2024-09-18;4;2;2
CLI0298;2024-09-25;9;2;2
CLI0298;2024-10-02;10;3;4
CLI0298;2024-10-09;5;5;5
CLI0298;2024-10-16;10;4;2
CLI0298;2024-10-23;4;3;4
CLI0298;2024-10-30;11;3;2
CLI0298;2024-11-06;11;1;2
CLI0298;2024-11-13;7;3;8
CLI0298;2024-11-20;4;3;5
CLI0298;2024-11-27;5;5;2
CLI0298;2024-12-04;7;2;7
CLI0298;2024-12-11;9;1;2
CLI0299;2024-02-29;9;1;8
CLI0299;2024-03-07;6;4;2
CLI0299;2024-03-14;4;5;6
CLI0299;2024-03-21;5;4;7
CLI0299;2024-03-28;3;3;4
CLI0299;2024-04-04;8;3;5
CLI0299;2024-04-11;8;3;3
CLI0299;2024-04-18;9;5;3
CLI0299;2024-04-25;9;5;8
CLI0299;2024-05-02;7;2;5
CLI0299;2024-05-09;10;1;4
CLI0299;2024-05-16;3;2;4
CLI0299;2024-05-23;7;3;4
CLI0299;2024-05-30;8;5;4
CLI0299;2024-06-06;9;4;2
CLI0299;2024-06-13;3;2;2
CLI0299;2024-06-20;4;1;6
CLI0299;2024-06-27;9;2;3
CLI0299;2024-07-04;10;2;3
CLI0299;2024-07-11;11;4;8
CLI0299;2024-07-18;12;4;4
CLI0299;2024-07-25;5;1;7
CLI0299;2024-08-01;10;2;5
CLI0299;2024-08-08;11;2;6
CLI0299;2024-08-15;8;1;6
CLI0299;2024-08-22;8;4;2
CLI0299;2024-08-29;12;2;4
CLI0299;2024-09-05;3;5;6
CLI0299;2024-09-12;4;4;7
CLI0299;2024-09-19;8;1;6
CLI0299;2024-09-26;4;1;3
CLI0299;2024-10-03;9;3;8
CLI0299;2024-10-10;3;2;4
CLI0299;2024-10-17;11;3;6
CLI0299;2024-10-24;7;2;8
CLI0299;2024-10-31;10;4;2
CLI0299;2024-11-07;3;4;3
CLI0299;2024-11-14;10;5;4
CLI0299;2024-11-21;12;3;7
CLI0299;2024-11-28;4;3;8
CLI0299;2024-12-05;5;5;4
CLI0299;2024-12-12;7;3;6
CLI0299;2024-12-19;9;4;6
CLI0300;2023-12-04;8;4;3
CLI0300;2023-12-11;10;3;3
CLI0300;2023-12-18;11;1;2
CLI0300;2023-12-25;4;4;7
CLI0300;2024-01-01;4;4;3
CLI0300;2024-01-08;7;3;5
CLI0300;2024-01-15;12;3;7
CLI0300;2024-01-22;8;5;3
CLI0300;2024-01-29;6;3;7
CLI0300;2024-02-05;4;4;7
CLI0300;2024-02-12;6;5;3
CLI0300;2024-02-19;5;4;4
CLI0300;2024-02-26;11;5;5
CLI0300;2024-03-04;4;1;2
CLI0300;2024-03-11;4;4;2
CLI0300;2024-03-18;10;5;2
CLI0300;2024-03-25;5;5;4
CLI0300;2024-04-01;8;4;5
CLI0300;2024-04-08;4;2;2
CLI0300;2024-04-15;7;5;4
CLI0300;2024-04-22;11;3;2
CLI0300;2024-04-29;7;2;7
CLI0300;2024-05-06;6;3;7
CLI0300;2024-05-13;8;2;8
CLI0300;2024-05-20;11;2;7
CLI0300;2024-05-27;6;4;3
CLI0300;2024-06-03;11;4;7
CLI0300;2024-06-10;8;4;7
CLI0300;2024-06-17;10;5;6
CLI0300;2024-06-24;4;2;2
CLI0300;2024-07-01;5;4;4
CLI0300;2024-07-08;9;3;7
CLI0300;2024-07-15;10;4;2
CLI0300;2024-07-22;4;3;6
CLI0300;2024-07-29;11;2;7
CLI0300;2024-08-05;4;5;8
CLI0300;2024-08-12;10;1;7
CLI0300;2024-08-19;11;5;4
CLI0300;2024-08-26;4;1;5
CLI0300;2024-09-02;12;1;2
CLI0300;2024-09-09;9;1;2
CLI0300;2024-09-16;7;4;4
CLI0300;2024-09-23;7;4;7
CLI0300;2024-09-30;4;1;6
CLI0300;2024-10-07;11;2;2
CLI0300;2024-10-14;12;4;4
CLI0300;2024-10-21;7;2;7
CLI0300;2024-10-28;7;4;3
CLI0300;2024-11-04;11;5;8
CLI0300;2024-11-11;8;2;3
CLI0300;2024-11-18;10;4;4
CLI0300;2024-11-25;11;4;5
CLI0300;2024-12-02;3;1;5
CLI0301;2024-07-27;8;2;3
CLI0301;2024-08-03;8;1;3
CLI0301;2024-08-10;4;5;8
CLI0301;2024-08-17;3;5;3
CLI0301;2024-08-24;5;4;5
CLI0301;2024-08-31;12;5;2
CLI0301;2024-09-07;12;4;7
CLI0301;2024-09-14;9;4;7
CLI0301;2024-09-21;3;2;6
CLI0301;2024-09-28;9;3;7
CLI0301;2024-10-05;6;5;3
CLI0301;2024-10-12;12;3;5
CLI0301;2024-10-19;4;4;4
CLI0301;2024-10-26;9;5;3
CLI0301;2024-11-02;4;1;8
CLI0301;2024-11-09;3;2;7
CLI0301;2024-11-16;10;1;8
CLI0301;2024-11-23;12;1;5
CLI0301;2024-11-30;3;2;5
CLI0301;2024-12-07;11;1;6
CLI0301;2024-12-14;11;4;7
CLI0301;2024-12-21;9;5;3
CLI0302;2023-06-18;3;5;6
CLI0302;2023-06-25;6;3;6
CLI0302;2023-07-02;7;5;3
CLI0302;2023-07-09;9;4;7
CLI0302;2023-07-16;7;5;5
CLI0302;2023-07-23;9;2;6
CLI0302;2023-07-30;9;3;2
CLI0302;2023-08-06;10;3;7
CLI0302;2023-08-13;7;3;5
CLI0302;2023-08-20;2;1;0
CLI0302;2023-08-27;2;1;1
CLI0302;2023-09-03;2;0;0
CLI0302;2023-09-10;3;1;0
CLI0303;2024-05-29;10;5;4
CLI0303;2024-06-05;3;1;3
CLI0303;2024-06-12;7;3;8
CLI0303;2024-06-19;5;2;2
CLI0303;2024-06-26;5;4;3
CLI0303;2024-07-03;2;1;0
CLI0303;2024-07-10;0;0;0
CLI0303;2024-07-17;2;0;1
CLI0303;2024-07-24;1;0;1
CLI0304;2023-08-17;3;4;8
CLI0304;2023-08-24;7;1;7
CLI0304;2023-08-31;9;2;4
CLI0304;2023-09-07;4;4;6
CLI0304;2023-09-14;8;2;7
CLI0304;2023-09-21;5;3;5
CLI0304;2023-09-28;9;4;4
CLI0304;2023-10-05;4;2;4
CLI0304;2023-10-12;11;2;5
CLI0304;2023-10-19;12;5;2
CLI0304;2023-10-26;3;3;8
CLI0304;2023-11-02;6;4;7
CLI0304;2023-11-09;9;5;3
CLI0304;2023-11-16;6;2;5
CLI0304;2023-11-23;2;0;0
CLI0304;2023-11-30;2;0;0
CLI0304;2023-12-07;3;0;2
CLI0304;2023-12-14;2;0;2
CLI0305;2024-06-16;10;2;3
CLI0305;2024-06-23;8;5;3
CLI0305;2024-06-30;4;1;3
CLI0305;2024-07-07;6;4;8
CLI0305;2024-07-14;3;1;6
CLI0305;2024-07-21;12;3;3
CLI0305;2024-07-28;6;3;2
CLI0305;2024-08-04;6;4;2
CLI0305;2024-08-11;7;2;3
CLI0305;2024-08-18;6;2;7
CLI0305;2024-08-25;4;5;8
CLI0305;2024-09-01;11;2;6
CLI0305;2024-09-08;7;3;5
CLI0305;2024-09-15;4;2;4
CLI0305;2024-09-22;10;5;7
CLI0305;2024-09-29;3;3;5
CLI0305;2024-10-06;6;4;2
CLI0305;2024-10-13;12;5;8
CLI0305;2024-10-20;8;1;5
CLI0305;2024-10-27;9;5;7
CLI0305;2024-11-03;9;5;2
CLI0305;2024-11-10;9;3;4
CLI0305;2024-11-17;8;3;4
CLI0305;2024-11-24;5;1;4
CLI0305;2024-12-01;10;5;8
CLI0305;2024-12-08;6;4;6
CLI0305;2024-12-15;5;4;4
CLI0305;2024-12-22;3;3;3
CLI0306;2023-05-29;12;4;6
CLI0306;2023-06-05;11;3;6
CLI0306;2023-06-12;6;3;7
CLI0306;2023-06-19;5;5;6
CLI0306;2023-06-26;6;5;2
CLI0306;2023-07-03;6;5;5
CLI0306;2023-07-10;12;5;5
CLI0306;2023-07-17;11;2;7
CLI0306;2023-07-24;6;1;7
CLI0306;2023-07-31;8;1;3
CLI0306;2023-08-07;5;1;6
CLI0306;2023-08-14;11;3;8
CLI0306;2023-08-21;12;4;4
CLI0306;2023-08-28;8;1;7
CLI0306;2023-09-04;3;2;4
CLI0306;2023-09-11;3;4;5
CLI0306;2023-09-18;9;5;5
CLI0306;2023-09-25;3;4;7
CLI0306;2023-10-02;10;2;4
CLI0306;2023-10-09;10;4;5
CLI0306;2023-10-16;4;3;8
CLI0306;2023-10-23;12;5;7
CLI0306;2023-10-30;11;4;3
CLI0306;2023-11-06;5;5;6
CLI0306;2023-11-13;8;5;2
CLI0306;2023-11-20;3;2;6
CLI0306;2023-11-27;8;2;4
CLI0306;2023-12-04;5;4;5
CLI0306;2023-12-11;5;2;2
CLI0306;2023-12-18;8;3;6
CLI0306;2023-12-25;9;2;7
CLI0306;2024-01-01;10;3;3
CLI0306;2024-01-08;12;4;3
CLI0306;2024-01-15;12;5;4
CLI0306;2024-01-22;12;3;6
CLI0306;2024-01-29;7;1;3
CLI0306;2024-02-05;11;5;4
CLI0306;2024-02-12;8;3;5
CLI0306;2024-02-19;8;4;8
CLI0306;2024-02-26;8;2;2
CLI0306;2024-03-04;10;1;6
CLI0306;2024-03-11;10;2;2
CLI0306;2024-03-18;3;2;7
CLI0306;2024-03-25;4;1;7
CLI0306;2024-04-01;5;4;3
CLI0306;2024-04-08;9;4;3
CLI0306;2024-04-15;5;3;7
CLI0306;2024-04-22;9;4;3
CLI0306;2024-04-29;5;2;7
CLI0306;2024-05-06;6;3;6
CLI0306;2024-05-13;10;3;6
CLI0306;2024-05-20;6;5;2
CLI0306;2024-05-27;9;4;2
CLI0306;2024-06-03;4;5;2
CLI0306;2024-06-10;3;5;2
CLI0306;2024-06-17;7;5;6
CLI0306;2024-06-24;9;4;7
CLI0306;2024-07-01;3;4;3
CLI0306;2024-07-08;5;4;4
CLI0306;2024-07-15;7;4;8
CLI0306;2024-07-22;11;5;7
CLI0306;2024-07-29;6;4;6
CLI0306;2024-08-05;8;5;4
CLI0306;2024-08-12;7;1;5
CLI0306;2024-08-19;9;1;8
CLI0306;2024-08-26;12;1;6
CLI0306;2024-09-02;6;4;2
CLI0306;2024-09-09;9;3;8
CLI0306;2024-09-16;8;5;2
CLI0306;2024-09-23;3;3;4
CLI0306;2024-09-30;10;2;7
CLI0306;2024-10-07;7;4;5
CLI0306;2024-10-14;12;3;4
CLI0306;2024-10-21;10;2;7
CLI0306;2024-10-28;6;5;5
CLI0306;2024-11-04;11;1;7
CLI0306;2024-11-11;8;2;6
CLI0306;2024-11-18;12;1;7
CLI0306;2024-11-25;8;4;5
CLI0306;2024-12-02;8;1;6
CLI0306;2024-12-09;6;4;6
CLI0307;2023-11-07;11;5;6
CLI0307;2023-11-14;6;4;4
CLI0307;2023-11-21;6;3;4
CLI0307;2023-11-28;3;5;8
CLI0307;2023-12-05;9;5;4
CLI0307;2023-12-12;12;2;6
CLI0307;2023-12-19;3;4;3
CLI0307;2023-12-26;8;1;3
CLI0307;2024-01-02;6;1;6
CLI0307;2024-01-09;12;5;8
CLI0307;2024-01-16;9;3;5
CLI0307;2024-01-23;12;2;4
CLI0307;2024-01-30;6;3;8
CLI0307;2024-02-06;6;3;4
CLI0307;2024-02-13;11;4;6
CLI0307;2024-02-20;8;2;2
CLI0307;2024-02-27;5;1;7
CLI0307;2024-03-05;8;4;2
CLI0307;2024-03-12;6;5;5
CLI0307;2024-03-19;4;1;6
CLI0307;2024-03-26;11;1;3
CLI0307;2024-04-02;8;3;5
CLI0307;2024-04-09;12;3;5
CLI0307;2024-04-16;9;1;4
CLI0307;2024-04-23;12;1;3
CLI0307;2024-04-30;10;4;4
CLI0307;2024-05-07;10;3;5
CLI0307;2024-05-14;9;5;2
CLI0307;2024-05-21;4;4;2
CLI0307;2024-05-28;5;2;2
CLI0307;2024-06-04;8;1;8
CLI0307;2024-06-11;6;5;8
CLI0307;2024-06-18;9;3;4
CLI0307;2024-06-25;11;4;7
CLI0307;2024-07-02;11;1;7
CLI0307;2024-07-09;12;1;2
CLI0307;2024-07-16;7;1;4
CLI0307;2024-07-23;11;5;3
CLI0307;2024-07-30;6;2;4
CLI0307;2024-08-06;5;5;5
CLI0307;2024-08-13;9;1;2
CLI0307;2024-08-20;6;5;4
CLI0307;2024-08-27;8;1;8
CLI0307;2024-09-03;3;2;6
CLI0307;2024-09-10;8;4;3
CLI0307;2024-09-17;11;1;2
CLI0307;2024-09-24;3;1;3
CLI0307;2024-10-01;7;3;8
CLI0307;2024-10-08;10;1;6
CLI0307;2024-10-15;4;3;6
CLI0307;2024-10-22;3;4;7
CLI0307;2024-10-29;4;5;4
CLI0307;2024-11-05;12;5;8
CLI0307;2024-11-12;12;1;3
CLI0307;2024-11-19;9;3;2
CLI0307;2024-11-26;8;3;2
CLI0307;2024-12-03;12;1;7
CLI0307;2024-12-10;12;2;8
CLI0308;2024-08-13;9;4;2
CLI0308;2024-08-20;10;1;6
CLI0308;2024-08-27;3;3;6
CLI0308;2024-09-03;5;5;8
CLI0308;2024-09-10;6;2;8
CLI0308;2024-09-17;11;3;2
CLI0308;2024-09-24;10;1;6
CLI0308;2024-10-01;9;1;3
CLI0308;2024-10-08;12;2;3
CLI0308;2024-10-15;5;1;8
CLI0308;2024-10-22;6;3;6
CLI0308;2024-10-29;8;2;3
CLI0308;2024-11-05;3;5;8
CLI0308;2024-11-12;7;1;7
CLI0308;2024-11-19;3;2;5
CLI0308;2024-11-26;4;4;5
CLI0308;2024-12-03;8;5;6
CLI0308;2024-12-10;8;4;3
CLI0309;2024-04-04;4;1;7
CLI0309;2024-04-11;5;4;8
CLI0309;2024-04-18;5;1;7
CLI0309;2024-04-25;6;1;5
CLI0309;2024-05-02;12;3;2
CLI0309;2024-05-09;9;3;5
CLI0309;2024-05-16;4;2;2
CLI0309;2024-05-23;4;5;5
CLI0309;2024-05-30;3;1;6
CLI0309;2024-06-06;4;1;7
CLI0309;2024-06-13;5;2;8
CLI0309;2024-06-20;12;5;3
CLI0309;2024-06-27;6;1;3
CLI0309;2024-07-04;8;3;6
CLI0309;2024-07-11;11;4;6
CLI0309;2024-07-18;5;1;5
CLI0309;2024-07-25;5;2;2
CLI0309;2024-08-01;7;3;6
CLI0309;2024-08-08;9;5;7
CLI0309;2024-08-15;11;5;8
CLI0309;2024-08-22;4;1;6
CLI0309;2024-08-29;9;1;6
CLI0309;2024-09-05;9;5;2
CLI0309;2024-09-12;7;3;2
CLI0309;2024-09-19;8;2;2
CLI0309;2024-09-26;4;2;8
CLI0309;2024-10-03;3;2;8
CLI0309;2024-10-10;9;1;6
CLI0309;2024-10-17;4;4;8
CLI0309;2024-10-24;7;1;7
CLI0309;2024-10-31;11;1;4
CLI0309;2024-11-07;7;4;8
CLI0309;2024-11-14;3;5;7
CLI0309;2024-11-21;4;5;5
CLI0309;2024-11-28;4;3;2
CLI0309;2024-12-05;11;2;4
CLI0309;2024-12-12;9;5;4
CLI0310;2023-09-27;3;5;7
CLI0310;2023-10-04;8;5;2
CLI0310;2023-10-11;9;2;7
CLI0310;2023-10-18;10;3;4
CLI0310;2023-10-25;9;4;6
CLI0310;2023-11-01;11;2;7
CLI0310;2023-11-08;12;5;8
CLI0310;2023-11-15;8;5;7
CLI0310;2023-11-22;3;4;4
CLI0310;2023-11-29;5;5;4
CLI0310;2023-12-06;4;3;3
CLI0310;2023-12-13;12;1;4
CLI0310;2023-12-20;12;3;5
CLI0310;2023-12-27;10;4;3
CLI0310;2024-01-03;8;2;7
CLI0310;2024-01-10;11;3;5
CLI0310;2024-01-17;9;4;6
CLI0310;2024-01-24;4;5;8
CLI0310;2024-01-31;8;2;2
CLI0310;2024-02-07;4;4;8
CLI0310;2024-02-14;7;4;3
CLI0310;2024-02-21;11;4;2
CLI0310;2024-02-28;10;3;7
CLI0310;2024-03-06;9;5;4
CLI0310;2024-03-13;12;1;3
CLI0310;2024-03-20;9;2;6
CLI0310;2024-03-27;10;4;2
CLI0310;2024-04-03;4;4;5
CLI0310;2024-04-10;5;5;5
CLI0310;2024-04-17;9;1;8
CLI0310;2024-04-24;6;3;6
CLI0310;2024-05-01;11;2;4
CLI0310;2024-05-08;9;5;6
CLI0310;2024-05-15;9;4;7
CLI0310;2024-05-22;3;1;5
CLI0310;2024-05-29;8;4;3
CLI0310;2024-06-05;10;4;8
CLI0310;2024-06-12;7;1;3
CLI0310;2024-06-19;4;3;8
CLI0310;2024-06-26;10;2;3
CLI0310;2024-07-03;4;2;4
CLI0310;2024-07-10;5;3;3
CLI0310;2024-07-17;6;3;3
CLI0310;2024-07-24;8;4;8
CLI0310;2024-07-31;3;1;6
CLI0310;2024-08-07;8;5;8
CLI0310;2024-08-14;12;3;6
CLI0310;2024-08-21;9;1;5
CLI0310;2024-08-28;5;1;4
CLI0310;2024-09-04;3;3;8
CLI0310;2024-09-11;5;1;7
CLI0310;2024-09-18;8;2;4
CLI0310;2024-09-25;6;1;3
CLI0310;2024-10-02;4;5;4
CLI0310;2024-10-09;8;4;2
CLI0310;2024-10-16;8;5;8
CLI0310;2024-10-23;12;2;4
CLI0310;2024-10-30;5;2;3
CLI0310;2024-11-06;5;1;2
CLI0310;2024-11-13;12;1;3
CLI0310;2024-11-20;12;3;4
CLI0310;2024-11-27;6;1;8
CLI0310;2024-12-04;7;1;4
CLI0310;2024-12-11;3;5;8
CLI0311;2024-05-12;10;4;6
CLI0311;2024-05-19;11;2;7
CLI0311;2024-05-26;7;1;8
CLI0311;2024-06-02;5;1;2
CLI0311;2024-06-09;9;5;3
CLI0311;2024-06-16;6;1;3
CLI0311;2024-06-23;10;5;6
CLI0311;2024-06-30;11;1;6
CLI0311;2024-07-07;4;1;2
CLI0311;2024-07-14;12;4;3
CLI0311;2024-07-21;7;2;5
CLI0311;2024-07-28;8;4;6
CLI0311;2024-08-04;12;4;8
CLI0311;2024-08-11;6;3;4
CLI0311;2024-08-18;11;4;5
CLI0311;2024-08-25;7;3;8
CLI0311;2024-09-01;5;4;3
CLI0311;2024-09-08;7;5;6
CLI0311;2024-09-15;11;2;3
CLI0311;2024-09-22;10;2;4
CLI0311;2024-09-29;7;3;7
CLI0311;2024-10-06;5;2;7
CLI0311;2024-10-13;8;2;4
CLI0311;2024-10-20;4;1;5
CLI0311;2024-10-27;11;5;8
CLI0311;2024-11-03;5;5;2
CLI0311;2024-11-10;8;1;3
CLI0311;2024-11-17;7;3;4
CLI0311;2024-11-24;6;5;7
CLI0311;2024-12-01;11;2;6
CLI0311;2024-12-08;10;2;2
CLI0311;2024-12-15;7;4;5
CLI0311;2024-12-22;10;4;5
CLI0312;2024-01-23;11;4;4
CLI0312;2024-01-30;8;5;5
CLI0312;2024-02-06;4;2;2
CLI0312;2024-02-13;10;3;3
CLI0312;2024-02-20;4;2;7
CLI0312;2024-02-27;9;5;4
CLI0312;2024-03-05;12;2;2
CLI0312;2024-03-12;8;2;5
CLI0312;2024-03-19;5;1;7
CLI0312;2024-03-26;3;4;8
CLI0312;2024-04-02;7;1;4
CLI0312;2024-04-09;7;2;2
CLI0312;2024-04-16;4;1;8
CLI0312;2024-04-23;9;1;4
CLI0312;2024-04-30;7;3;3
CLI0312;2024-05-07;12;5;5
CLI0312;2024-05-14;7;3;7
CLI0312;2024-05-21;10;3;4
CLI0312;2024-05-28;6;2;2
CLI0312;2024-06-04;12;5;8
CLI0312;2024-06-11;10;1;8
CLI0312;2024-06-18;4;3;3
CLI0312;2024-06-25;6;2;4
CLI0312;2024-07-02;12;4;3
CLI0312;2024-07-09;12;4;8
CLI0312;2024-07-16;12;4;2
CLI0312;2024-07-23;4;1;8
CLI0312;2024-07-30;3;2;8
CLI0312;2024-08-06;7;2;4
CLI0312;2024-08-13;7;5;6
CLI0312;2024-08-20;10;3;7
CLI0312;2024-08-27;11;3;8
CLI0312;2024-09-03;11;4;7
CLI0312;2024-09-10;4;5;6
CLI0312;2024-09-17;11;1;8
CLI0312;2024-09-24;10;5;5
CLI0312;2024-10-01;3;2;2
CLI0312;2024-10-08;8;5;6
CLI0312;2024-10-15;5;4;6
CLI0312;2024-10-22;7;2;5
CLI0312;2024-10-29;9;2;6
CLI0312;2024-11-05;5;4;4
CLI0312;2024-11-12;12;1;3
CLI0312;2024-11-19;6;1;3
CLI0312;2024-11-26;5;2;3
CLI0312;2024-12-03;12;3;4
CLI0312;2024-12-10;11;1;5
CLI0313;2023-01-15;7;5;3
CLI0313;2023-01-22;9;5;5
CLI0313;2023-01-29;7;4;5
CLI0313;2023-02-05;10;3;2
CLI0313;2023-02-12;10;1;3
CLI0313;2023-02-19;2;1;1
CLI0313;2023-02-26;2;1;0
CLI0313;2023-03-05;0;1;1
CLI0313;2023-03-12;1;0;2
CLI0314;2024-07-16;11;2;2
CLI0314;2024-07-23;12;2;8
CLI0314;2024-07-30;11;4;8
CLI0314;2024-08-06;11;2;5
CLI0314;2024-08-13;11;3;8
CLI0314;2024-08-20;10;2;5
CLI0314;2024-08-27;7;2;6
CLI0314;2024-09-03;6;2;8
CLI0314;2024-09-10;3;3;7
CLI0314;2024-09-17;8;5;8
CLI0314;2024-09-24;9;5;3
CLI0314;2024-10-01;3;4;5
CLI0314;2024-10-08;9;1;4
CLI0314;2024-10-15;11;3;3
CLI0314;2024-10-22;4;2;3
CLI0314;2024-10-29;7;3;3
CLI0314;2024-11-05;8;5;8
CLI0314;2024-11-12;7;5;6
CLI0314;2024-11-19;4;1;6
CLI0314;2024-11-26;7;4;4
CLI0314;2024-12-03;4;2;4
CLI0314;2024-12-10;5;1;2
CLI0314;2024-12-17;9;2;5
CLI0314;2024-12-24;11;1;5
CLI0315;2023-01-20;7;5;2
CLI0315;2023-01-27;4;4;7
CLI0315;2023-02-03;8;5;4
CLI0315;2023-02-10;8;5;8
CLI0315;2023-02-17;8;5;4
CLI0315;2023-02-24;5;1;6
CLI0315;2023-03-03;6;4;6
CLI0315;2023-03-10;6;1;3
CLI0315;2023-03-17;9;2;7
CLI0315;2023-03-24;9;3;6
CLI0315;2023-03-31;10;2;5
CLI0315;2023-04-07;9;4;5
CLI0315;2023-04-14;11;4;5
CLI0315;2023-04-21;10;3;6
CLI0315;2023-04-28;6;3;8
CLI0315;2023-05-05;11;4;2
CLI0315;2023-05-12;6;3;2
CLI0315;2023-05-19;10;3;6
CLI0315;2023-05-26;4;5;4
CLI0315;2023-06-02;6;5;2
CLI0315;2023-06-09;11;5;8
CLI0315;2023-06-16;7;2;5
CLI0315;2023-06-23;10;2;3
CLI0315;2023-06-30;6;5;6
CLI0315;2023-07-07;3;4;8
CLI0315;2023-07-14;9;1;4
CLI0315;2023-07-21;3;1;2
CLI0315;2023-07-28;4;1;3
CLI0315;2023-08-04;12;1;4
CLI0315;2023-08-11;7;5;2
CLI0315;2023-08-18;7;3;3
CLI0315;2023-08-25;6;4;4
CLI0315;2023-09-01;10;5;3
CLI0315;2023-09-08;4;3;6
CLI0315;2023-09-15;12;1;2
CLI0315;2023-09-22;3;5;5
CLI0315;2023-09-29;4;4;8
CLI0315;2023-10-06;7;4;7
CLI0315;2023-10-13;12;1;4
CLI0315;2023-10-20;12;5;2
CLI0315;2023-10-27;8;4;3
CLI0315;2023-11-03;11;1;5
CLI0315;2023-11-10;10;5;6
CLI0315;2023-11-17;9;4;7
CLI0315;2023-11-24;6;4;5
CLI0315;2023-12-01;5;1;6
CLI0315;2023-12-08;9;1;2
CLI0315;2023-12-15;5;2;5
CLI0315;2023-12-22;5;4;4
CLI0315;2023-12-29;6;2;2
CLI0315;2024-01-05;8;5;8
CLI0315;2024-01-12;9;5;6
CLI0315;2024-01-19;10;2;4
CLI0315;2024-01-26;8;5;5
CLI0315;2024-02-02;4;3;4
CLI0315;2024-02-09;10;5;3
CLI0315;2024-02-16;5;4;5
CLI0315;2024-02-23;3;1;2
CLI0315;2024-03-01;8;3;7
CLI0315;2024-03-08;12;1;8
CLI0315;2024-03-15;10;4;3
CLI0315;2024-03-22;5;4;2
CLI0315;2024-03-29;12;4;6
CLI0315;2024-04-05;8;4;6
CLI0315;2024-04-12;11;5;8
CLI0315;2024-04-19;11;4;8
CLI0315;2024-04-26;4;1;8
CLI0315;2024-05-03;11;3;7
CLI0315;2024-05-10;12;4;3
CLI0315;2024-05-17;8;5;5
CLI0315;2024-05-24;10;5;4
CLI0315;2024-05-31;6;2;8
CLI0315;2024-06-07;9;3;4
CLI0315;2024-06-14;10;1;3
CLI0315;2024-06-21;9;2;3
CLI0315;2024-06-28;10;4;8
CLI0315;2024-07-05;10;4;8
CLI0315;2024-07-12;8;5;5
CLI0315;2024-07-19;7;3;6
CLI0315;2024-07-26;10;4;5
CLI0315;2024-08-02;12;3;8
CLI0315;2024-08-09;12;3;5
CLI0315;2024-08-16;4;3;4
CLI0315;2024-08-23;6;3;8
CLI0315;2024-08-30;10;3;8
CLI0315;2024-09-06;8;1;7
CLI0315;2024-09-13;5;3;2
CLI0315;2024-09-20;8;2;5
CLI0315;2024-09-27;10;2;6
CLI0315;2024-10-04;3;5;7
CLI0315;2024-10-11;7;5;6
CLI0315;2024-10-18;9;3;3
CLI0315;2024-10-25;12;3;4
CLI0315;2024-11-01;3;2;5
CLI0315;2024-11-08;8;3;6
CLI0315;2024-11-15;3;4;6
CLI0315;2024-11-22;3;3;3
CLI0315;2024-11-29;11;2;3
CLI0315;2024-12-06;11;3;5
CLI0315;2024-12-13;12;2;3
CLI0316;2024-09-13;11;1;7
CLI0316;2024-09-20;7;1;5
CLI0316;2024-09-27;6;4;3
CLI0316;2024-10-04;3;3;2
CLI0316;2024-10-11;8;1;7
CLI0316;2024-10-18;9;2;3
CLI0316;2024-10-25;7;1;4
CLI0316;2024-11-01;4;1;8
CLI0316;2024-11-08;5;4;4
CLI0316;2024-11-15;3;0;2
CLI0316;2024-11-22;3;1;2
CLI0316;2024-11-29;3;1;0
CLI0316;2024-12-06;1;0;1
CLI0317;2024-04-23;9;4;7
CLI0317;2024-04-30;3;2;3
CLI0317;2024-05-07;5;4;3
CLI0317;2024-05-14;12;5;5
CLI0317;2024-05-21;7;1;4
CLI0317;2024-05-28;12;2;8
CLI0317;2024-06-04;3;5;4
CLI0317;2024-06-11;4;1;2
CLI0317;2024-06-18;3;2;7
CLI0317;2024-06-25;10;4;2
CLI0317;2024-07-02;10;5;2
CLI0317;2024-07-09;12;3;2
CLI0317;2024-07-16;9;3;6
CLI0317;2024-07-23;7;5;5
CLI0317;2024-07-30;10;5;7
CLI0317;2024-08-06;10;2;6
CLI0317;2024-08-13;6;2;8
CLI0317;2024-08-20;3;4;2
CLI0317;2024-08-27;7;3;3
CLI0317;2024-09-03;8;4;8
CLI0317;2024-09-10;8;3;7
CLI0317;2024-09-17;10;5;6
CLI0317;2024-09-24;6;3;2
CLI0317;2024-10-01;8;2;5
CLI0317;2024-10-08;3;2;8
CLI0317;2024-10-15;10;1;7
CLI0317;2024-10-22;9;5;5
CLI0317;2024-10-29;8;4;8
CLI0317;2024-11-05;10;1;5
CLI0317;2024-11-12;4;5;7
CLI0317;2024-11-19;4;2;6
CLI0317;2024-11-26;5;2;7
CLI0317;2024-12-03;9;1;8
CLI0318;2023-08-12;10;3;4
CLI0318;2023-08-19;12;5;6
CLI0318;2023-08-26;7;1;7
CLI0318;2023-09-02;6;2;5
CLI0318;2023-09-09;9;5;5
CLI0318;2023-09-16;3;3;7
CLI0318;2023-09-23;11;1;5
CLI0318;2023-09-30;12;1;8
CLI0318;2023-10-07;3;4;8
CLI0318;2023-10-14;8;1;2
CLI0318;2023-10-21;9;3;2
CLI0318;2023-10-28;10;1;5
CLI0318;2023-11-04;11;2;8
CLI0318;2023-11-11;11;3;5
CLI0318;2023-11-18;11;3;6
CLI0318;2023-11-25;6;1;3
CLI0318;2023-12-02;7;5;8
CLI0318;2023-12-09;8;4;3
CLI0318;2023-12-16;9;3;7
CLI0318;2023-12-23;7;1;8
CLI0318;2023-12-30;7;3;6
CLI0318;2024-01-06;5;4;3
CLI0318;2024-01-13;11;1;6
CLI0318;2024-01-20;3;2;2
CLI0318;2024-01-27;10;5;8
CLI0318;2024-02-03;11;2;8
CLI0318;2024-02-10;9;3;3
CLI0318;2024-02-17;4;4;5
CLI0318;2024-02-24;11;3;7
CLI0318;2024-03-02;12;5;8
CLI0318;2024-03-09;7;3;4
CLI0318;2024-03-16;3;5;6
CLI0318;2024-03-23;12;3;7
CLI0318;2024-03-30;12;2;2
CLI0318;2024-04-06;6;2;7
CLI0318;2024-04-13;3;4;7
CLI0318;2024-04-20;8;4;2
CLI0318;2024-04-27;8;2;5
CLI0318;2024-05-04;12;5;8
CLI0318;2024-05-11;3;1;7
CLI0318;2024-05-18;8;2;3
CLI0318;2024-05-25;3;2;6
CLI0318;2024-06-01;12;5;5
CLI0318;2024-06-08;9;2;3
CLI0318;2024-06-15;3;5;8
CLI0318;2024-06-22;5;2;4
CLI0318;2024-06-29;9;3;4
CLI0318;2024-07-06;3;2;2
CLI0318;2024-07-13;10;5;7
CLI0318;2024-07-20;12;1;8
CLI0318;2024-07-27;8;3;8
CLI0318;2024-08-03;3;2;7
CLI0318;2024-08-10;10;2;3
CLI0318;2024-08-17;3;1;3
CLI0318;2024-08-24;12;3;3
CLI0318;2024-08-31;4;5;4
CLI0318;2024-09-07;3;1;4
CLI0318;2024-09-14;5;2;2
CLI0318;2024-09-21;11;2;7
CLI0318;2024-09-28;3;4;6
CLI0318;2024-10-05;5;1;4
CLI0318;2024-10-12;11;1;8
CLI0318;2024-10-19;3;5;3
CLI0318;2024-10-26;3;3;4
CLI0318;2024-11-02;11;3;7
CLI0318;2024-11-09;10;2;6
CLI0318;2024-11-16;8;4;8
CLI0318;2024-11-23;10;5;5
CLI0318;2024-11-30;6;5;8
CLI0318;2024-12-07;11;2;4
CLI0318;2024-12-14;8;3;3
CLI0319;2024-06-22;11;2;5
CLI0319;2024-06-29;5;2;8
CLI0319;2024-07-06;11;2;5
CLI0319;2024-07-13;7;2;6
CLI0319;2024-07-20;8;1;6
CLI0319;2024-07-27;8;2;8
CLI0319;2024-08-03;8;3;7
CLI0319;2024-08-10;10;4;8
CLI0319;2024-08-17;11;5;7
CLI0319;2024-08-24;4;3;4
CLI0319;2024-08-31;12;1;3
CLI0319;2024-09-07;3;5;2
CLI0319;2024-09-14;12;4;7
CLI0319;2024-09-21;12;3;8
CLI0319;2024-09-28;7;3;7
CLI0319;2024-10-05;11;4;5
CLI0319;2024-10-12;4;3;2
CLI0319;2024-10-19;7;5;6
CLI0319;2024-10-26;7;5;7
CLI0319;2024-11-02;4;3;7
CLI0319;2024-11-09;3;5;6
CLI0319;2024-11-16;5;3;4
CLI0319;2024-11-23;9;3;2
CLI0319;2024-11-30;6;3;2
CLI0319;2024-12-07;10;4;6
CLI0319;2024-12-14;8;3;8
CLI0319;2024-12-21;8;5;7
CLI0320;2023-08-04;4;1;6
CLI0320;2023-08-11;5;2;5
CLI0320;2023-08-18;10;3;4
CLI0320;2023-08-25;10;4;7
CLI0320;2023-09-01;10;4;4
CLI0320;2023-09-08;8;5;8
CLI0320;2023-09-15;5;3;4
CLI0320;2023-09-22;4;2;3
CLI0320;2023-09-29;11;4;3
CLI0320;2023-10-06;7;5;8
CLI0320;2023-10-13;6;4;6
CLI0320;2023-10-20;10;5;2
CLI0320;2023-10-27;3;4;2
CLI0320;2023-11-03;7;3;4
CLI0320;2023-11-10;12;3;6
CLI0320;2023-11-17;7;5;7
CLI0320;2023-11-24;9;4;4
CLI0320;2023-12-01;4;4;5
CLI0320;2023-12-08;5;2;7
CLI0320;2023-12-15;12;3;8
CLI0320;2023-12-22;9;4;2
CLI0320;2023-12-29;5;3;4
CLI0320;2024-01-05;12;2;4
CLI0320;2024-01-12;3;2;8
CLI0320;2024-01-19;10;4;5
CLI0320;2024-01-26;7;5;7
CLI0320;2024-02-02;3;4;4
CLI0320;2024-02-09;4;2;8
CLI0320;2024-02-16;5;4;3
CLI0320;2024-02-23;10;4;4
CLI0320;2024-03-01;6;1;4
CLI0320;2024-03-08;8;1;7
CLI0320;2024-03-15;6;3;2
CLI0320;2024-03-22;10;1;2
CLI0320;2024-03-29;8;3;4
CLI0320;2024-04-05;8;5;3
CLI0320;2024-04-12;7;3;4
CLI0320;2024-04-19;12;3;8
CLI0320;2024-04-26;8;4;8
CLI0320;2024-05-03;5;1;5
CLI0320;2024-05-10;11;2;3
CLI0320;2024-05-17;8;4;7
CLI0320;2024-05-24;9;4;6
CLI0320;2024-05-31;3;5;8
CLI0320;2024-06-07;12;3;8
CLI0320;2024-06-14;3;3;8
CLI0320;2024-06-21;12;1;2
CLI0320;2024-06-28;11;4;8
CLI0320;2024-07-05;3;3;3
CLI0320;2024-07-12;4;4;2
CLI0320;2024-07-19;8;3;7
CLI0320;2024-07-26;10;5;4
CLI0320;2024-08-02;5;1;7
CLI0320;2024-08-09;12;4;6
CLI0320;2024-08-16;6;2;5
CLI0320;2024-08-23;11;4;2
CLI0320;2024-08-30;12;2;8
CLI0320;2024-09-06;4;4;2
CLI0320;2024-09-13;11;5;6
CLI0320;2024-09-20;11;5;4
CLI0320;2024-09-27;3;1;2
CLI0320;2024-10-04;8;3;8
CLI0320;2024-10-11;11;2;6
CLI0320;2024-10-18;4;1;2
CLI0320;2024-10-25;8;2;3
CLI0320;2024-11-01;3;2;5
CLI0320;2024-11-08;7;1;2
CLI0320;2024-11-15;12;2;7
CLI0320;2024-11-22;6;2;6
CLI0320;2024-11-29;9;2;5
CLI0320;2024-12-06;12;1;3
CLI0320;2024-12-13;3;2;6
CLI0321;2024-07-27;4;5;6
CLI0321;2024-08-03;12;2;6
CLI0321;2024-08-10;7;3;5
CLI0321;2024-08-17;11;1;8
CLI0321;2024-08-24;9;4;5
CLI0321;2024-08-31;9;2;7
CLI0321;2024-09-07;7;2;7
CLI0321;2024-09-14;3;5;3
CLI0321;2024-09-21;7;5;7
CLI0321;2024-09-28;4;2;4
CLI0321;2024-10-05;5;4;5
CLI0321;2024-10-12;7;4;4
CLI0321;2024-10-19;5;4;4
CLI0321;2024-10-26;7;1;4
CLI0321;2024-11-02;10;5;3
CLI0321;2024-11-09;5;4;6
CLI0321;2024-11-16;9;4;3
CLI0321;2024-11-23;10;5;8
CLI0321;2024-11-30;8;5;2
CLI0321;2024-12-07;11;4;5
CLI0322;2023-11-06;11;4;7
CLI0322;2023-11-13;4;3;4
CLI0322;2023-11-20;9;5;3
CLI0322;2023-11-27;12;5;7
CLI0322;2023-12-04;8;2;2
CLI0322;2023-12-11;2;0;2
CLI0322;2023-12-18;2;1;1
CLI0322;2023-12-25;1;0;1
CLI0322;2024-01-01;2;0;0
CLI0323;2024-01-23;11;5;8
CLI0323;2024-01-30;9;3;8
CLI0323;2024-02-06;12;4;5
CLI0323;2024-02-13;9;5;2
CLI0323;2024-02-20;4;5;3
CLI0323;2024-02-27;5;5;8
CLI0323;2024-03-05;5;2;7
CLI0323;2024-03-12;5;3;5
CLI0323;2024-03-19;11;4;3
CLI0323;2024-03-26;5;1;3
CLI0323;2024-04-02;10;2;3
CLI0323;2024-04-09;10;5;8
CLI0323;2024-04-16;7;1;5
CLI0323;2024-04-23;4;2;6
CLI0323;2024-04-30;9;4;4
CLI0323;2024-05-07;11;3;5
CLI0323;2024-05-14;11;2;2
CLI0323;2024-05-21;7;3;4
CLI0323;2024-05-28;12;4;7
CLI0323;2024-06-04;8;4;7
CLI0323;2024-06-11;9;3;8
CLI0323;2024-06-18;10;5;5
CLI0323;2024-06-25;11;1;2
CLI0323;2024-07-02;8;3;2
CLI0323;2024-07-09;5;4;7
CLI0323;2024-07-16;10;4;4
CLI0323;2024-07-23;7;5;4
CLI0323;2024-07-30;6;4;3
CLI0323;2024-08-06;5;4;2
CLI0323;2024-08-13;8;4;2
CLI0323;2024-08-20;7;4;4
CLI0323;2024-08-27;6;3;8
CLI0323;2024-09-03;7;2;2
CLI0323;2024-09-10;3;3;3
CLI0323;2024-09-17;4;5;5
CLI0323;2024-09-24;10;3;5
CLI0323;2024-10-01;4;3;3
CLI0323;2024-10-08;3;2;4
CLI0323;2024-10-15;4;5;2
CLI0323;2024-10-22;12;5;4
CLI0323;2024-10-29;3;3;5
CLI0323;2024-11-05;8;1;3
CLI0323;2024-11-12;6;3;8
CLI0323;2024-11-19;11;3;2
CLI0323;2024-11-26;11;1;7
CLI0323;2024-12-03;7;2;3
CLI0323;2024-12-10;5;5;6
CLI0323;2024-12-17;10;4;5
CLI0323;2024-12-24;6;2;8
CLI0324;2024-05-16;5;2;3
CLI0324;2024-05-23;11;1;2
CLI0324;2024-05-30;9;1;7
CLI0324;2024-06-06;11;5;2
CLI0324;2024-06-13;10;1;2
CLI0324;2024-06-20;8;2;3
CLI0324;2024-06-27;12;1;6
CLI0324;2024-07-04;7;3;5
CLI0324;2024-07-11;7;5;8
CLI0324;2024-07-18;9;3;6
CLI0324;2024-07-25;12;1;4
CLI0324;2024-08-01;5;4;2
CLI0324;2024-08-08;5;3;6
CLI0324;2024-08-15;12;4;2
CLI0324;2024-08-22;4;3;3
CLI0324;2024-08-29;8;5;8
CLI0324;2024-09-05;6;1;4
CLI0324;2024-09-12;3;4;5
CLI0324;2024-09-19;8;1;3
CLI0324;2024-09-26;3;4;2
CLI0324;2024-10-03;3;5;8
CLI0324;2024-10-10;5;2;2
CLI0324;2024-10-17;9;5;6
CLI0324;2024-10-24;10;3;4
CLI0324;2024-10-31;6;4;2
CLI0324;2024-11-07;7;4;3
CLI0324;2024-11-14;5;1;4
CLI0324;2024-11-21;6;1;6
CLI0324;2024-11-28;5;4;4
CLI0324;2024-12-05;6;1;3
CLI0324;2024-12-12;9;4;5
CLI0324;2024-12-19;8;4;8
CLI0325;2023-02-14;9;3;4
CLI0325;2023-02-21;3;0;1
CLI0325;2023-02-28;1;0;1
CLI0325;2023-03-07;2;0;1
CLI0325;2023-03-14;1;1;1
CLI0326;2023-05-23;10;1;3
CLI0326;2023-05-30;10;3;2
CLI0326;2023-06-06;3;1;4
CLI0326;2023-06-13;9;5;5
CLI0326;2023-06-20;3;4;6
CLI0326;2023-06-27;3;3;5
CLI0326;2023-07-04;4;1;3
CLI0326;2023-07-11;4;5;2
CLI0326;2023-07-18;9;4;8
CLI0326;2023-07-25;12;2;8
CLI0326;2023-08-01;5;2;4
CLI0326;2023-08-08;6;5;8
CLI0326;2023-08-15;6;2;2
CLI0326;2023-08-22;8;3;6
CLI0326;2023-08-29;7;5;7
CLI0326;2023-09-05;8;1;8
CLI0326;2023-09-12;9;3;5
CLI0326;2023-09-19;3;4;6
CLI0326;2023-09-26;7;2;3
CLI0326;2023-10-03;4;5;3
CLI0326;2023-10-10;3;2;4
CLI0326;2023-10-17;5;4;7
CLI0326;2023-10-24;7;4;7
CLI0326;2023-10-31;11;3;7
CLI0326;2023-11-07;8;1;6
CLI0326;2023-11-14;3;2;7
CLI0326;2023-11-21;3;3;2
CLI0326;2023-11-28;4;3;7
CLI0326;2023-12-05;7;5;6
CLI0326;2023-12-12;3;3;2
CLI0326;2023-12-19;3;5;3
CLI0326;2023-12-26;6;3;5
CLI0326;2024-01-02;8;2;3
CLI0326;2024-01-09;9;2;8
CLI0326;2024-01-16;6;1;4
CLI0326;2024-01-23;10;3;7
CLI0326;2024-01-30;7;2;5
CLI0326;2024-02-06;3;1;6
CLI0326;2024-02-13;11;3;2
CLI0326;2024-02-20;9;3;3
CLI0326;2024-02-27;10;4;2
CLI0326;2024-03-05;5;1;8
CLI0326;2024-03-12;10;1;8
CLI0326;2024-03-19;7;4;2
CLI0326;2024-03-26;4;2;4
CLI0326;2024-04-02;12;2;6
CLI0326;2024-04-09;6;2;7
CLI0326;2024-04-16;12;4;2
CLI0326;2024-04-23;10;5;4
CLI0326;2024-04-30;9;5;2
CLI0326;2024-05-07;10;4;6
CLI0326;2024-05-14;10;3;2
CLI0326;2024-05-21;8;5;2
CLI0326;2024-05-28;10;2;7
CLI0326;2024-06-04;12;2;2
CLI0326;2024-06-11;4;1;7
CLI0326;2024-06-18;8;3;8
CLI0326;2024-06-25;12;1;8
CLI0326;2024-07-02;9;5;8
CLI0326;2024-07-09;11;2;3
CLI0326;2024-07-16;4;4;6
CLI0326;2024-07-23;6;4;4
CLI0326;2024-07-30;10;1;6
CLI0326;2024-08-06;12;3;7
CLI0326;2024-08-13;7;1;5
CLI0326;2024-08-20;8;3;8
CLI0326;2024-08-27;8;2;7
CLI0326;2024-09-03;8;5;3
CLI0326;2024-09-10;8;4;2
CLI0326;2024-09-17;10;4;8
CLI0326;2024-09-24;8;1;6
CLI0326;2024-10-01;7;4;3
CLI0326;2024-10-08;3;4;6
CLI0326;2024-10-15;8;4;3
CLI0326;2024-10-22;5;4;2
CLI0326;2024-10-29;12;2;5
CLI0326;2024-11-05;3;2;8
CLI0326;2024-11-12;9;1;2
CLI0326;2024-11-19;11;4;6
CLI0326;2024-11-26;3;1;2
CLI0326;2024-12-03;12;2;5
CLI0327;2023-01-04;12;1;8
CLI0327;2023-01-11;11;1;7
CLI0327;2023-01-18;10;1;2
CLI0327;2023-01-25;6;2;5
CLI0327;2023-02-01;9;2;6
CLI0327;2023-02-08;3;3;8
CLI0327;2023-02-15;11;4;5
CLI0327;2023-02-22;10;4;8
CLI0327;2023-03-01;3;1;4
CLI0327;2023-03-08;12;4;3
CLI0327;2023-03-15;9;5;3
CLI0327;2023-03-22;4;1;6
CLI0327;2023-03-29;8;4;7
CLI0327;2023-04-05;12;4;4
CLI0327;2023-04-12;9;1;5
CLI0327;2023-04-19;10;2;7
CLI0327;2023-04-26;8;5;4
CLI0327;2023-05-03;9;5;7
CLI0327;2023-05-10;4;5;8
CLI0327;2023-05-17;5;2;2
CLI0327;2023-05-24;8;1;3
CLI0327;2023-05-31;8;4;3
CLI0327;2023-06-07;12;4;8
CLI0327;2023-06-14;7;5;8
CLI0327;2023-06-21;12;2;4
CLI0327;2023-06-28;3;1;5
CLI0327;2023-07-05;8;1;5
CLI0327;2023-07-12;10;3;8
CLI0327;2023-07-19;11;4;7
CLI0327;2023-07-26;10;2;4
CLI0327;2023-08-02;11;1;6
CLI0327;2023-08-09;5;1;5
CLI0327;2023-08-16;10;3;6
CLI0327;2023-08-23;10;3;5
CLI0327;2023-08-30;10;5;3
CLI0327;2023-09-06;8;5;6
CLI0327;2023-09-13;8;5;4
CLI0327;2023-09-20;6;5;3
CLI0327;2023-09-27;8;4;6
CLI0327;2023-10-04;12;5;5
CLI0327;2023-10-11;4;2;4
CLI0327;2023-10-18;5;1;8
CLI0327;2023-10-25;4;5;3
CLI0327;2023-11-01;3;4;4
CLI0327;2023-11-08;9;5;2
CLI0327;2023-11-15;5;4;8
CLI0327;2023-11-22;10;1;6
CLI0327;2023-11-29;4;5;5
CLI0327;2023-12-06;12;5;3
CLI0327;2023-12-13;6;3;3
CLI0327;2023-12-20;3;2;7
CLI0327;2023-12-27;4;2;8
CLI0327;2024-01-03;11;4;6
CLI0327;2024-01-10;6;1;4
CLI0327;2024-01-17;9;5;3
CLI0327;2024-01-24;11;4;4
CLI0327;2024-01-31;6;2;4
CLI0327;2024-02-07;8;2;5
CLI0327;2024-02-14;5;1;3
CLI0327;2024-02-21;12;3;8
CLI0327;2024-02-28;11;4;4
CLI0327;2024-03-06;10;5;2
CLI0327;2024-03-13;4;2;6
CLI0327;2024-03-20;5;4;6
CLI0327;2024-03-27;12;2;4
CLI0327;2024-04-03;8;1;5
CLI0327;2024-04-10;6;5;3
CLI0327;2024-04-17;5;2;6
CLI0327;2024-04-24;6;1;5
CLI0327;2024-05-01;10;5;5
CLI0327;2024-05-08;8;1;8
CLI0327;2024-05-15;6;5;7
CLI0327;2024-05-22;7;4;4
CLI0327;2024-05-29;3;3;4
CLI0327;2024-06-05;10;4;7
CLI0327;2024-06-12;10;5;2
CLI0327;2024-06-19;10;3;3
CLI0327;2024-06-26;4;2;7
CLI0327;2024-07-03;7;2;4
CLI0327;2024-07-10;8;2;4
CLI0327;2024-07-17;6;5;7
CLI0327;2024-07-24;4;1;7
CLI0327;2024-07-31;8;4;4
CLI0327;2024-08-07;3;5;3
CLI0327;2024-08-14;10;2;2
CLI0327;2024-08-21;12;3;6
CLI0327;2024-08-28;3;2;5
CLI0327;2024-09-04;12;3;5
CLI0327;2024-09-11;8;4;3
CLI0327;2024-09-18;12;3;3
CLI0327;2024-09-25;6;5;2
CLI0327;2024-10-02;9;5;5
CLI0327;2024-10-09;10;1;8
CLI0327;2024-10-16;11;5;4
CLI0327;2024-10-23;8;1;5
CLI0327;2024-10-30;12;3;3
CLI0327;2024-11-06;12;3;4
CLI0327;2024-11-13;4;1;8
CLI0327;2024-11-20;4;1;4
CLI0327;2024-11-27;5;4;8
CLI0327;2024-12-04;12;4;4
CLI0327;2024-12-11;12;2;4
CLI0327;2024-12-18;7;5;3
CLI0328;2023-04-28;4;5;6
CLI0328;2023-05-05;12;4;6
CLI0328;2023-05-12;12;1;3
CLI0328;2023-05-19;5;5;3
CLI0328;2023-05-26;8;4;4
CLI0328;2023-06-02;6;5;4
CLI0328;2023-06-09;11;1;2
CLI0328;2023-06-16;4;3;7
CLI0328;2023-06-23;10;1;8
CLI0328;2023-06-30;6;3;5
CLI0328;2023-07-07;8;4;2
CLI0328;2023-07-14;4;4;4
CLI0328;2023-07-21;5;4;3
CLI0328;2023-07-28;7;3;4
CLI0328;2023-08-04;7;4;3
CLI0328;2023-08-11;3;2;2
CLI0328;2023-08-18;6;3;7
CLI0328;2023-08-25;7;4;6
CLI0328;2023-09-01;5;2;7
CLI0328;2023-09-08;6;5;4
CLI0328;2023-09-15;3;4;8
CLI0328;2023-09-22;4;4;3
CLI0328;2023-09-29;7;2;4
CLI0328;2023-10-06;9;4;2
CLI0328;2023-10-13;12;3;8
CLI0328;2023-10-20;7;4;7
CLI0328;2023-10-27;3;1;5
CLI0328;2023-11-03;3;2;6
CLI0328;2023-11-10;11;1;2
CLI0328;2023-11-17;10;5;8
CLI0328;2023-11-24;8;1;5
CLI0328;2023-12-01;6;3;3
CLI0328;2023-12-08;4;3;7
CLI0328;2023-12-15;4;2;2
CLI0328;2023-12-22;5;2;4
CLI0328;2023-12-29;4;4;4
CLI0328;2024-01-05;9;1;5
CLI0328;2024-01-12;11;1;6
CLI0328;2024-01-19;8;4;4
CLI0328;2024-01-26;4;5;7
CLI0328;2024-02-02;8;3;2
CLI0328;2024-02-09;6;2;7
CLI0328;2024-02-16;6;4;5
CLI0328;2024-02-23;8;1;3
CLI0328;2024-03-01;11;3;6
CLI0328;2024-03-08;4;3;5
CLI0328;2024-03-15;8;5;2
CLI0328;2024-03-22;10;5;2
CLI0328;2024-03-29;8;4;6
CLI0328;2024-04-05;5;5;2
CLI0328;2024-04-12;8;2;7
CLI0328;2024-04-19;7;5;3
CLI0328;2024-04-26;5;1;8
CLI0328;2024-05-03;12;1;7
CLI0328;2024-05-10;4;3;3
CLI0328;2024-05-17;12;5;6
CLI0328;2024-05-24;7;5;2
CLI0328;2024-05-31;7;1;4
CLI0328;2024-06-07;3;1;3
CLI0328;2024-06-14;11;3;7
CLI0328;2024-06-21;9;5;6
CLI0328;2024-06-28;6;5;2
CLI0328;2024-07-05;7;2;5
CLI0328;2024-07-12;8;2;2
CLI0328;2024-07-19;4;2;8
CLI0328;2024-07-26;3;1;5
CLI0328;2024-08-02;7;1;3
CLI0328;2024-08-09;3;5;6
CLI0328;2024-08-16;7;3;5
CLI0328;2024-08-23;12;5;6
CLI0328;2024-08-30;11;4;5
CLI0328;2024-09-06;8;5;4
CLI0328;2024-09-13;11;1;7
CLI0328;2024-09-20;11;2;5
CLI0328;2024-09-27;5;5;2
CLI0328;2024-10-04;6;4;5
CLI0328;2024-10-11;8;5;2
CLI0328;2024-10-18;9;3;4
CLI0328;2024-10-25;12;1;4
CLI0328;2024-11-01;6;2;7
CLI0328;2024-11-08;4;5;7
CLI0328;2024-11-15;3;1;2
CLI0328;2024-11-22;6;1;6
CLI0328;2024-11-29;8;2;3
CLI0328;2024-12-06;4;3;5
CLI0328;2024-12-13;11;2;3
CLI0329;2023-10-24;3;2;3
CLI0329;2023-10-31;7;4;3
CLI0329;2023-11-07;9;4;8
CLI0329;2023-11-14;4;2;8
CLI0329;2023-11-21;5;1;3
CLI0329;2023-11-28;8;2;8
CLI0329;2023-12-05;7;2;3
CLI0329;2023-12-12;11;4;5
CLI0329;2023-12-19;3;4;5
CLI0329;2023-12-26;9;1;4
CLI0329;2024-01-02;5;5;7
CLI0329;2024-01-09;6;5;8
CLI0329;2024-01-16;11;4;7
CLI0329;2024-01-23;9;4;5
CLI0329;2024-01-30;2;0;1
CLI0329;2024-02-06;3;1;2
CLI0329;2024-02-13;1;0;0
CLI0329;2024-02-20;3;0;0
CLI0330;2023-10-27;6;1;8
CLI0330;2023-11-03;8;1;2
CLI0330;2023-11-10;12;4;3
CLI0330;2023-11-17;7;4;8
CLI0330;2023-11-24;5;3;4
CLI0330;2023-12-01;5;4;4
CLI0330;2023-12-08;7;1;5
CLI0330;2023-12-15;11;5;7
CLI0330;2023-12-22;6;5;3
CLI0330;2023-12-29;10;4;8
CLI0330;2024-01-05;6;5;6
CLI0330;2024-01-12;8;2;3
CLI0330;2024-01-19;11;1;8
CLI0330;2024-01-26;11;2;8
CLI0330;2024-02-02;11;5;3
CLI0330;2024-02-09;9;2;7
CLI0330;2024-02-16;5;4;6
CLI0330;2024-02-23;9;5;2
CLI0330;2024-03-01;10;1;4
CLI0330;2024-03-08;5;2;4
CLI0330;2024-03-15;10;2;2
CLI0330;2024-03-22;11;5;6
CLI0330;2024-03-29;8;5;3
CLI0330;2024-04-05;4;1;7
CLI0330;2024-04-12;9;5;6
CLI0330;2024-04-19;5;1;7
CLI0330;2024-04-26;6;3;3
CLI0330;2024-05-03;7;4;7
CLI0330;2024-05-10;3;3;2
CLI0330;2024-05-17;10;1;5
CLI0330;2024-05-24;10;3;2
CLI0330;2024-05-31;11;5;8
CLI0330;2024-06-07;7;5;4
CLI0330;2024-06-14;12;5;6
CLI0330;2024-06-21;9;2;8
CLI0330;2024-06-28;8;4;5
CLI0330;2024-07-05;11;4;7
CLI0330;2024-07-12;9;2;8
CLI0330;2024-07-19;4;2;6
CLI0330;2024-07-26;3;3;6
CLI0330;2024-08-02;8;1;6
CLI0330;2024-08-09;7;5;4
CLI0330;2024-08-16;8;3;7
CLI0330;2024-08-23;5;2;4
CLI0330;2024-08-30;12;3;4
CLI0330;2024-09-06;4;2;8
CLI0330;2024-09-13;6;1;7
CLI0330;2024-09-20;8;5;2
CLI0330;2024-09-27;8;3;2
CLI0330;2024-10-04;12;4;3
CLI0330;2024-10-11;8;1;7
CLI0330;2024-10-18;4;1;6
CLI0330;2024-10-25;9;4;4
CLI0330;2024-11-01;8;1;7
CLI0330;2024-11-08;6;4;3
CLI0330;2024-11-15;9;3;7
CLI0330;2024-11-22;12;1;8
CLI0330;2024-11-29;8;1;4
CLI0330;2024-12-06;4;4;3
CLI0330;2024-12-13;10;2;3
CLI0330;2024-12-20;6;3;3
CLI0331;2024-03-05;10;1;7
CLI0331;2024-03-12;6;2;3
CLI0331;2024-03-19;11;1;3
CLI0331;2024-03-26;11;1;5
CLI0331;2024-04-02;4;5;8
CLI0331;2024-04-09;12;5;8
CLI0331;2024-04-16;6;3;8
CLI0331;2024-04-23;7;4;7
CLI0331;2024-04-30;8;2;8
CLI0331;2024-05-07;4;1;3
CLI0331;2024-05-14;10;3;6
CLI0331;2024-05-21;9;2;8
CLI0331;2024-05-28;10;2;2
CLI0331;2024-06-04;4;3;6
CLI0331;2024-06-11;6;2;2
CLI0331;2024-06-18;3;5;6
CLI0331;2024-06-25;9;2;3
CLI0331;2024-07-02;3;4;7
CLI0331;2024-07-09;8;5;4
CLI0331;2024-07-16;3;1;3
CLI0331;2024-07-23;11;1;6
CLI0331;2024-07-30;3;2;7
CLI0331;2024-08-06;9;3;6
CLI0331;2024-08-13;8;1;7
CLI0331;2024-08-20;3;1;3
CLI0331;2024-08-27;4;5;3
CLI0331;2024-09-03;7;1;7
CLI0331;2024-09-10;7;1;6
CLI0331;2024-09-17;4;4;2
CLI0331;2024-09-24;5;5;4
CLI0331;2024-10-01;9;1;5
CLI0331;2024-10-08;11;4;6
CLI0331;2024-10-15;10;2;3
CLI0331;2024-10-22;4;3;6
CLI0331;2024-10-29;12;5;5
CLI0331;2024-11-05;3;2;7
CLI0331;2024-11-12;5;1;4
CLI0331;2024-11-19;6;3;7
CLI0331;2024-11-26;10;3;3
CLI0331;2024-12-03;6;3;4
CLI0331;2024-12-10;5;1;2
CLI0332;2024-02-26;9;1;2
CLI0332;2024-03-04;3;3;2
CLI0332;2024-03-11;6;1;3
CLI0332;2024-03-18;8;3;4
CLI0332;2024-03-25;10;5;4
CLI0332;2024-04-01;5;1;7
CLI0332;2024-04-08;10;2;7
CLI0332;2024-04-15;5;2;6
CLI0332;2024-04-22;8;4;8
CLI0332;2024-04-29;10;2;7
CLI0332;2024-05-06;4;4;5
CLI0332;2024-05-13;4;5;8
CLI0332;2024-05-20;12;5;6
CLI0332;2024-05-27;11;4;7
CLI0332;2024-06-03;11;4;5
CLI0332;2024-06-10;9;4;7
CLI0332;2024-06-17;10;3;8
CLI0332;2024-06-24;4;2;6
CLI0332;2024-07-01;10;4;7
CLI0332;2024-07-08;4;2;8
CLI0332;2024-07-15;6;5;6
CLI0332;2024-07-22;4;5;6
CLI0332;2024-07-29;6;5;5
CLI0332;2024-08-05;5;1;4
CLI0332;2024-08-12;11;4;3
CLI0332;2024-08-19;3;3;4
CLI0332;2024-08-26;4;5;4
CLI0332;2024-09-02;8;3;7
CLI0332;2024-09-09;11;4;6
CLI0332;2024-09-16;4;4;8
CLI0332;2024-09-23;6;3;2
CLI0332;2024-09-30;11;5;7
CLI0332;2024-10-07;3;4;6
CLI0332;2024-10-14;9;3;7
CLI0332;2024-10-21;3;2;7
CLI0332;2024-10-28;4;3;5
CLI0332;2024-11-04;8;5;4
CLI0332;2024-11-11;12;2;6
CLI0332;2024-11-18;4;5;7
CLI0332;2024-11-25;8;2;7
CLI0332;2024-12-02;9;2;2
CLI0332;2024-12-09;8;3;8
CLI0332;2024-12-16;7;5;3
CLI0333;2023-08-30;12;3;4
CLI0333;2023-09-06;3;4;3
CLI0333;2023-09-13;11;3;8
CLI0333;2023-09-20;9;4;2
CLI0333;2023-09-27;5;1;7
CLI0333;2023-10-04;10;1;8
CLI0333;2023-10-11;8;2;5
CLI0333;2023-10-18;11;3;3
CLI0333;2023-10-25;3;3;4
CLI0333;2023-11-01;8;3;8
CLI0333;2023-11-08;6;3;4
CLI0333;2023-11-15;7;1;5
CLI0333;2023-11-22;11;5;7
CLI0333;2023-11-29;9;4;5
CLI0333;2023-12-06;11;5;6
CLI0333;2023-12-13;12;2;7
CLI0333;2023-12-20;5;1;8
CLI0333;2023-12-27;3;1;5
CLI0333;2024-01-03;5;1;4
CLI0333;2024-01-10;3;5;4
CLI0333;2024-01-17;10;1;2
CLI0333;2024-01-24;5;3;5
CLI0333;2024-01-31;4;4;4
CLI0333;2024-02-07;10;5;7
CLI0333;2024-02-14;3;3;2
CLI0333;2024-02-21;3;3;6
CLI0333;2024-02-28;9;4;5
CLI0333;2024-03-06;4;5;5
CLI0333;2024-03-13;7;3;3
CLI0333;2024-03-20;9;2;8
CLI0333;2024-03-27;7;3;8
CLI0333;2024-04-03;10;1;7
CLI0333;2024-04-10;7;5;6
CLI0333;2024-04-17;9;4;2
CLI0333;2024-04-24;4;1;2
CLI0333;2024-05-01;11;4;5
CLI0333;2024-05-08;3;2;3
CLI0333;2024-05-15;5;3;5
CLI0333;2024-05-22;3;3;7
CLI0333;2024-05-29;7;2;8
CLI0333;2024-06-05;3;4;3
CLI0333;2024-06-12;5;3;8
CLI0333;2024-06-19;9;4;8
CLI0333;2024-06-26;11;5;6
CLI0333;2024-07-03;10;3;6
CLI0333;2024-07-10;3;2;7
CLI0333;2024-07-17;3;3;8
CLI0333;2024-07-24;6;5;2
CLI0333;2024-07-31;10;4;6
CLI0333;2024-08-07;12;5;6
CLI0333;2024-08-14;12;2;4
CLI0333;2024-08-21;9;5;3
CLI0333;2024-08-28;7;4;2
CLI0333;2024-09-04;7;5;2
CLI0333;2024-09-11;4;2;2
CLI0333;2024-09-18;4;5;5
CLI0333;2024-09-25;7;2;3
CLI0333;2024-10-02;6;1;8
CLI0333;2024-10-09;7;3;7
CLI0333;2024-10-16;9;3;2
CLI0333;2024-10-23;11;1;3
CLI0333;2024-10-30;10;3;6
CLI0333;2024-11-06;4;4;2
CLI0333;2024-11-13;3;2;4
CLI0333;2024-11-20;6;4;4
CLI0333;2024-11-27;6;2;4
CLI0333;2024-12-04;9;4;4
CLI0334;2023-01-30;9;2;4
CLI0334;2023-02-06;4;2;3
CLI0334;2023-02-13;4;1;8
CLI0334;2023-02-20;8;3;2
CLI0334;2023-02-27;4;1;6
CLI0334;2023-03-06;3;2;2
CLI0334;2023-03-13;9;1;5
CLI0334;2023-03-20;4;2;7
CLI0334;2023-03-27;9;5;3
CLI0334;2023-04-03;3;1;4
CLI0334;2023-04-10;5;2;2
CLI0334;2023-04-17;7;3;3
CLI0334;2023-04-24;9;4;7
CLI0334;2023-05-01;6;3;8
CLI0334;2023-05-08;6;5;4
CLI0334;2023-05-15;5;3;8
CLI0334;2023-05-22;9;1;2
CLI0334;2023-05-29;9;1;7
CLI0334;2023-06-05;8;5;6
CLI0334;2023-06-12;12;3;4
CLI0334;2023-06-19;5;4;8
CLI0334;2023-06-26;4;5;4
CLI0334;2023-07-03;8;3;3
CLI0334;2023-07-10;10;3;6
CLI0334;2023-07-17;5;4;6
CLI0334;2023-07-24;5;5;4
CLI0334;2023-07-31;3;5;2
CLI0334;2023-08-07;7;5;6
CLI0334;2023-08-14;7;1;3
CLI0334;2023-08-21;6;2;3
CLI0334;2023-08-28;8;5;4
CLI0334;2023-09-04;12;2;8
CLI0334;2023-09-11;8;5;2
CLI0334;2023-09-18;6;3;7
CLI0334;2023-09-25;5;5;6
CLI0334;2023-10-02;3;3;2
CLI0334;2023-10-09;10;3;2
CLI0334;2023-10-16;10;5;2
CLI0334;2023-10-23;12;4;8
CLI0334;2023-10-30;6;3;4
CLI0334;2023-11-06;7;2;4
CLI0334;2023-11-13;5;3;7
CLI0334;2023-11-20;10;4;5
CLI0334;2023-11-27;10;3;4
CLI0334;2023-12-04;7;5;5
CLI0334;2023-12-11;7;5;3
CLI0334;2023-12-18;3;3;5
CLI0334;2023-12-25;7;1;2
CLI0334;2024-01-01;9;1;5
CLI0334;2024-01-08;12;5;8
CLI0334;2024-01-15;11;2;5
CLI0334;2024-01-22;7;5;5
CLI0334;2024-01-29;5;4;4
CLI0334;2024-02-05;8;2;5
CLI0334;2024-02-12;10;5;3
CLI0334;2024-02-19;11;3;7
CLI0334;2024-02-26;7;4;2
CLI0334;2024-03-04;12;1;3
CLI0334;2024-03-11;4;1;8
CLI0334;2024-03-18;7;1;5
CLI0334;2024-03-25;5;3;4
CLI0334;2024-04-01;8;2;6
CLI0334;2024-04-08;9;1;2
CLI0334;2024-04-15;9;1;6
CLI0334;2024-04-22;12;2;3
CLI0334;2024-04-29;7;4;2
CLI0334;2024-05-06;10;5;3
CLI0334;2024-05-13;9;2;4
CLI0334;2024-05-20;4;4;4
CLI0334;2024-05-27;6;1;7
CLI0334;2024-06-03;9;1;3
CLI0334;2024-06-10;5;3;2
CLI0334;2024-06-17;6;5;4
CLI0334;2024-06-24;6;5;6
CLI0334;2024-07-01;11;3;4
CLI0334;2024-07-08;5;4;6
CLI0334;2024-07-15;12;3;3
CLI0334;2024-07-22;6;4;2
CLI0334;2024-07-29;10;5;4
CLI0334;2024-08-05;12;4;7
CLI0334;2024-08-12;7;3;8
CLI0334;2024-08-19;7;5;7
CLI0334;2024-08-26;8;5;4
CLI0334;2024-09-02;10;5;2
CLI0334;2024-09-09;5;4;7
CLI0334;2024-09-16;6;1;5
CLI0334;2024-09-23;7;2;5
CLI0334;2024-09-30;4;5;3
CLI0334;2024-10-07;5;2;7
CLI0334;2024-10-14;7;1;3
CLI0334;2024-10-21;6;5;3
CLI0334;2024-10-28;9;2;5
CLI0334;2024-11-04;9;1;5
CLI0334;2024-11-11;9;3;7
CLI0334;2024-11-18;3;3;2
CLI0334;2024-11-25;7;4;4
CLI0334;2024-12-02;8;1;2
CLI0334;2024-12-09;5;5;5
CLI0334;2024-12-16;6;5;2
CLI0334;2024-12-23;4;1;4
CLI0335;2023-01-07;12;2;2
CLI0335;2023-01-14;10;3;7
CLI0335;2023-01-21;8;5;4
CLI0335;2023-01-28;5;5;7
CLI0335;2023-02-04;5;4;8
CLI0335;2023-02-11;9;4;5
CLI0335;2023-02-18;7;2;3
CLI0335;2023-02-25;12;2;4
CLI0335;2023-03-04;7;2;8
CLI0335;2023-03-11;6;4;3
CLI0335;2023-03-18;5;4;6
CLI0335;2023-03-25;6;5;5
CLI0335;2023-04-01;12;2;2
CLI0335;2023-04-08;8;1;2
CLI0335;2023-04-15;3;2;5
CLI0335;2023-04-22;3;4;5
CLI0335;2023-04-29;5;1;4
CLI0335;2023-05-06;6;3;7
CLI0335;2023-05-13;11;4;6
CLI0335;2023-05-20;9;3;3
CLI0335;2023-05-27;10;1;4
CLI0335;2023-06-03;8;4;3
CLI0335;2023-06-10;4;1;4
CLI0335;2023-06-17;5;1;6
CLI0335;2023-06-24;12;5;3
CLI0335;2023-07-01;4;5;5
CLI0335;2023-07-08;6;1;7
CLI0335;2023-07-15;12;3;2
CLI0335;2023-07-22;10;5;3
CLI0335;2023-07-29;6;4;5
CLI0335;2023-08-05;6;1;3
CLI0335;2023-08-12;12;4;3
CLI0335;2023-08-19;7;1;7
CLI0335;2023-08-26;7;5;4
CLI0335;2023-09-02;3;2;7
CLI0335;2023-09-09;10;3;6
CLI0335;2023-09-16;3;5;3
CLI0335;2023-09-23;9;5;7
CLI0335;2023-09-30;3;1;6
CLI0335;2023-10-07;3;4;3
CLI0335;2023-10-14;5;1;6
CLI0335;2023-10-21;10;1;8
CLI0335;2023-10-28;5;1;6
CLI0335;2023-11-04;12;3;4
CLI0335;2023-11-11;5;2;6
CLI0335;2023-11-18;8;5;5
CLI0335;2023-11-25;3;2;3
CLI0335;2023-12-02;6;1;8
CLI0335;2023-12-09;8;5;8
CLI0335;2023-12-16;12;5;7
CLI0335;2023-12-23;10;3;2
CLI0335;2023-12-30;10;3;5
CLI0335;2024-01-06;12;1;3
CLI0335;2024-01-13;5;2;2
CLI0335;2024-01-20;11;5;6
CLI0335;2024-01-27;3;4;8
CLI0335;2024-02-03;3;5;4
CLI0335;2024-02-10;4;4;4
CLI0335;2024-02-17;3;2;8
CLI0335;2024-02-24;7;1;3
CLI0335;2024-03-02;3;1;5
CLI0335;2024-03-09;11;5;5
CLI0335;2024-03-16;10;3;6
CLI0335;2024-03-23;10;3;4
CLI0335;2024-03-30;11;3;2
CLI0335;2024-04-06;12;3;6
CLI0335;2024-04-13;4;3;4
CLI0335;2024-04-20;3;3;6
CLI0335;2024-04-27;10;2;3
CLI0335;2024-05-04;9;4;6
CLI0335;2024-05-11;7;4;3
CLI0335;2024-05-18;10;2;6
CLI0335;2024-05-25;9;3;2
CLI0335;2024-06-01;11;1;4
CLI0335;2024-06-08;5;1;4
CLI0335;2024-06-15;6;5;4
CLI0335;2024-06-22;8;1;7
CLI0335;2024-06-29;7;4;3
CLI0335;2024-07-06;4;4;5
CLI0335;2024-07-13;7;2;4
CLI0335;2024-07-20;12;2;8
CLI0335;2024-07-27;12;3;2
CLI0335;2024-08-03;9;4;5
CLI0335;2024-08-10;7;1;5
CLI0335;2024-08-17;11;5;7
CLI0335;2024-08-24;9;5;6
CLI0335;2024-08-31;8;5;4
CLI0335;2024-09-07;10;3;6
CLI0335;2024-09-14;4;1;2
CLI0335;2024-09-21;9;4;5
CLI0335;2024-09-28;5;4;4
CLI0335;2024-10-05;4;5;5
CLI0335;2024-10-12;12;2;7
CLI0335;2024-10-19;12;4;6
CLI0335;2024-10-26;12;3;3
CLI0335;2024-11-02;10;4;2
CLI0335;2024-11-09;4;2;4
CLI0335;2024-11-16;12;2;8
CLI0335;2024-11-23;4;4;7
CLI0335;2024-11-30;7;3;7
CLI0335;2024-12-07;12;5;3
CLI0336;2023-09-22;3;3;5
CLI0336;2023-09-29;3;3;2
CLI0336;2023-10-06;10;5;3
CLI0336;2023-10-13;9;3;2
CLI0336;2023-10-20;11;4;4
CLI0336;2023-10-27;9;5;3
CLI0336;2023-11-03;9;5;3
CLI0336;2023-11-10;3;2;7
CLI0336;2023-11-17;5;4;3
CLI0336;2023-11-24;8;4;2
CLI0336;2023-12-01;5;3;5
CLI0336;2023-12-08;10;2;2
CLI0336;2023-12-15;5;2;2
CLI0336;2023-12-22;3;5;8
CLI0336;2023-12-29;8;4;7
CLI0336;2024-01-05;11;5;4
CLI0336;2024-01-12;12;1;4
CLI0336;2024-01-19;6;2;7
CLI0336;2024-01-26;7;2;4
CLI0336;2024-02-02;9;4;2
CLI0336;2024-02-09;3;5;6
CLI0336;2024-02-16;3;3;5
CLI0336;2024-02-23;11;2;5
CLI0336;2024-03-01;12;1;7
CLI0336;2024-03-08;6;1;3
CLI0336;2024-03-15;7;1;8
CLI0336;2024-03-22;6;4;4
CLI0336;2024-03-29;6;2;6
CLI0336;2024-04-05;11;3;5
CLI0336;2024-04-12;11;3;6
CLI0336;2024-04-19;12;4;8
CLI0336;2024-04-26;10;1;7
CLI0336;2024-05-03;10;1;5
CLI0336;2024-05-10;3;1;5
CLI0336;2024-05-17;7;4;2
CLI0336;2024-05-24;7;2;3
CLI0336;2024-05-31;10;1;2
CLI0336;2024-06-07;7;5;2
CLI0336;2024-06-14;10;3;4
CLI0336;2024-06-21;6;4;6
CLI0336;2024-06-28;10;1;7
CLI0336;2024-07-05;9;2;6
CLI0336;2024-07-12;10;4;3
CLI0336;2024-07-19;4;3;5
CLI0336;2024-07-26;10;3;8
CLI0336;2024-08-02;3;3;4
CLI0336;2024-08-09;8;5;5
CLI0336;2024-08-16;9;1;6
CLI0336;2024-08-23;5;3;8
CLI0336;2024-08-30;11;4;4
CLI0336;2024-09-06;4;3;3
CLI0336;2024-09-13;10;5;4
CLI0336;2024-09-20;6;1;4
CLI0336;2024-09-27;4;5;6
CLI0336;2024-10-04;11;4;3
CLI0336;2024-10-11;9;2;7
CLI0336;2024-10-18;7;5;3
CLI0336;2024-10-25;4;2;3
CLI0336;2024-11-01;6;2;6
CLI0336;2024-11-08;12;5;8
CLI0336;2024-11-15;5;1;4
CLI0336;2024-11-22;12;1;2
CLI0336;2024-11-29;10;1;3
CLI0336;2024-12-06;5;1;4
CLI0337;2023-10-07;9;4;8
CLI0337;2023-10-14;10;1;4
CLI0337;2023-10-21;7;1;7
CLI0337;2023-10-28;10;4;5
CLI0337;2023-11-04;3;3;4
CLI0337;2023-11-11;9;5;6
CLI0337;2023-11-18;6;5;2
CLI0337;2023-11-25;4;4;7
CLI0337;2023-12-02;7;3;5
CLI0337;2023-12-09;9;4;8
CLI0337;2023-12-16;10;4;4
CLI0337;2023-12-23;10;4;5
CLI0337;2023-12-30;9;3;5
CLI0337;2024-01-06;9;1;6
CLI0337;2024-01-13;8;2;2
CLI0337;2024-01-20;11;3;8
CLI0337;2024-01-27;5;5;5
CLI0337;2024-02-03;7;3;4
CLI0337;2024-02-10;5;1;5
CLI0337;2024-02-17;8;1;4
CLI0337;2024-02-24;12;5;6
CLI0337;2024-03-02;11;4;6
CLI0337;2024-03-09;5;5;6
CLI0337;2024-03-16;11;4;3
CLI0337;2024-03-23;10;3;4
CLI0337;2024-03-30;7;2;3
CLI0337;2024-04-06;3;4;2
CLI0337;2024-04-13;11;3;7
CLI0337;2024-04-20;3;4;6
CLI0337;2024-04-27;5;5;8
CLI0337;2024-05-04;11;4;8
CLI0337;2024-05-11;6;5;5
CLI0337;2024-05-18;7;1;2
CLI0337;2024-05-25;9;4;3
CLI0337;2024-06-01;7;4;8
CLI0337;2024-06-08;9;2;6
CLI0337;2024-06-15;3;2;3
CLI0337;2024-06-22;4;3;3
CLI0337;2024-06-29;3;2;2
CLI0337;2024-07-06;11;2;6
CLI0337;2024-07-13;6;2;8
CLI0337;2024-07-20;3;1;2
CLI0337;2024-07-27;4;5;4
CLI0337;2024-08-03;3;4;4
CLI0337;2024-08-10;7;5;6
CLI0337;2024-08-17;8;3;6
CLI0337;2024-08-24;10;3;4
CLI0337;2024-08-31;5;3;4
CLI0337;2024-09-07;5;5;5
CLI0337;2024-09-14;4;3;2
CLI0337;2024-09-21;7;2;5
CLI0337;2024-09-28;12;4;4
CLI0337;2024-10-05;8;4;7
CLI0337;2024-10-12;11;2;4
CLI0337;2024-10-19;4;4;6
CLI0337;2024-10-26;11;2;7
CLI0337;2024-11-02;11;4;7
CLI0337;2024-11-09;4;2;4
CLI0337;2024-11-16;8;4;5
CLI0337;2024-11-23;12;4;3
CLI0337;2024-11-30;6;5;7
CLI0337;2024-12-07;12;3;7
CLI0337;2024-12-14;11;4;7
CLI0338;2023-09-14;8;4;2
CLI0338;2023-09-21;4;5;6
CLI0338;2023-09-28;12;1;8
CLI0338;2023-10-05;9;2;4
CLI0338;2023-10-12;9;5;4
CLI0338;2023-10-19;10;4;7
CLI0338;2023-10-26;5;5;3
CLI0338;2023-11-02;9;5;4
CLI0338;2023-11-09;5;4;6
CLI0338;2023-11-16;8;1;5
CLI0338;2023-11-23;12;4;3
CLI0338;2023-11-30;9;4;6
CLI0338;2023-12-07;12;1;2
CLI0338;2023-12-14;3;2;7
CLI0338;2023-12-21;3;0;1
CLI0338;2023-12-28;0;1;1
CLI0338;2024-01-04;1;0;0
CLI0338;2024-01-11;3;1;0
CLI0339;2023-04-14;4;5;2
CLI0339;2023-04-21;7;3;7
CLI0339;2023-04-28;9;2;8
CLI0339;2023-05-05;7;3;5
CLI0339;2023-05-12;5;2;2
CLI0339;2023-05-19;4;4;4
CLI0339;2023-05-26;9;4;3
CLI0339;2023-06-02;6;5;3
CLI0339;2023-06-09;8;1;6
CLI0339;2023-06-16;5;3;3
CLI0339;2023-06-23;5;4;3
CLI0339;2023-06-30;8;2;7
CLI0339;2023-07-07;11;1;4
CLI0339;2023-07-14;3;2;2
CLI0339;2023-07-21;10;3;4
CLI0339;2023-07-28;12;5;8
CLI0339;2023-08-04;7;1;7
CLI0339;2023-08-11;7;2;2
CLI0339;2023-08-18;5;3;6
CLI0339;2023-08-25;7;2;8
CLI0339;2023-09-01;8;1;5
CLI0339;2023-09-08;7;3;2
CLI0339;2023-09-15;12;2;7
CLI0339;2023-09-22;6;2;6
CLI0339;2023-09-29;3;5;7
CLI0339;2023-10-06;12;5;8
CLI0339;2023-10-13;10;1;3
CLI0339;2023-10-20;7;3;2
CLI0339;2023-10-27;7;2;2
CLI0339;2023-11-03;3;5;2
CLI0339;2023-11-10;10;4;2
CLI0339;2023-11-17;11;2;3
CLI0339;2023-11-24;8;2;3
CLI0339;2023-12-01;10;4;7
CLI0339;2023-12-08;6;4;5
CLI0339;2023-12-15;8;3;4
CLI0339;2023-12-22;10;4;2
CLI0339;2023-12-29;10;2;5
CLI0339;2024-01-05;8;4;3
CLI0339;2024-01-12;8;3;4
CLI0339;2024-01-19;11;1;4
CLI0339;2024-01-26;10;1;3
CLI0339;2024-02-02;9;4;5
CLI0339;2024-02-09;4;3;7
CLI0339;2024-02-16;6;5;3
CLI0339;2024-02-23;12;2;6
CLI0339;2024-03-01;7;2;5
CLI0339;2024-03-08;3;2;2
CLI0339;2024-03-15;8;1;7
CLI0339;2024-03-22;4;2;4
CLI0339;2024-03-29;6;2;6
CLI0339;2024-04-05;3;4;3
CLI0339;2024-04-12;10;5;8
CLI0339;2024-04-19;11;5;7
CLI0339;2024-04-26;8;5;3
CLI0339;2024-05-03;7;4;5
CLI0339;2024-05-10;6;2;7
CLI0339;2024-05-17;12;1;8
CLI0339;2024-05-24;5;5;8
CLI0339;2024-05-31;12;1;3
CLI0339;2024-06-07;10;1;7
CLI0339;2024-06-14;12;1;3
CLI0339;2024-06-21;10;3;6
CLI0339;2024-06-28;6;5;7
CLI0339;2024-07-05;8;3;5
CLI0339;2024-07-12;4;3;8
CLI0339;2024-07-19;5;1;8
CLI0339;2024-07-26;4;4;7
CLI0339;2024-08-02;5;2;2
CLI0339;2024-08-09;9;3;6
CLI0339;2024-08-16;4;1;2
CLI0339;2024-08-23;7;3;3
CLI0339;2024-08-30;9;3;3
CLI0339;2024-09-06;9;3;4
CLI0339;2024-09-13;7;2;8
CLI0339;2024-09-20;5;5;8
CLI0339;2024-09-27;9;5;2
CLI0339;2024-10-04;7;2;3
CLI0339;2024-10-11;3;1;5
CLI0339;2024-10-18;5;2;5
CLI0339;2024-10-25;9;5;3
CLI0339;2024-11-01;8;2;5
CLI0339;2024-11-08;11;1;8
CLI0339;2024-11-15;11;4;6
CLI0339;2024-11-22;8;4;2
CLI0339;2024-11-29;3;5;3
CLI0339;2024-12-06;6;5;8
CLI0339;2024-12-13;8;2;2
CLI0340;2023-01-15;9;2;7
CLI0340;2023-01-22;1;0;1
CLI0340;2023-01-29;2;1;1
CLI0340;2023-02-05;2;0;1
CLI0340;2023-02-12;2;1;1
CLI0341;2023-05-04;10;1;3
CLI0341;2023-05-11;7;3;8
CLI0341;2023-05-18;9;2;3
CLI0341;2023-05-25;5;3;8
CLI0341;2023-06-01;9;3;7
CLI0341;2023-06-08;9;5;4
CLI0341;2023-06-15;4;3;4
CLI0341;2023-06-22;9;2;4
CLI0341;2023-06-29;4;4;4
CLI0341;2023-07-06;10;2;4
CLI0341;2023-07-13;4;5;4
CLI0341;2023-07-20;4;4;5
CLI0341;2023-07-27;12;4;4
CLI0341;2023-08-03;12;3;6
CLI0341;2023-08-10;9;3;8
CLI0341;2023-08-17;9;1;2
CLI0341;2023-08-24;6;2;5
CLI0341;2023-08-31;8;2;3
CLI0341;2023-09-07;12;4;7
CLI0341;2023-09-14;7;5;4
CLI0341;2023-09-21;5;1;2
CLI0341;2023-09-28;12;2;3
CLI0341;2023-10-05;5;3;2
CLI0341;2023-10-12;7;3;4
CLI0341;2023-10-19;10;5;7
CLI0341;2023-10-26;8;2;5
CLI0341;2023-11-02;5;2;5
CLI0341;2023-11-09;9;4;2
CLI0341;2023-11-16;7;1;4
CLI0341;2023-11-23;5;4;4
CLI0341;2023-11-30;6;1;3
CLI0341;2023-12-07;12;4;2
CLI0341;2023-12-14;11;1;3
CLI0341;2023-12-21;10;2;3
CLI0341;2023-12-28;12;5;3
CLI0341;2024-01-04;4;1;6
CLI0341;2024-01-11;6;3;7
CLI0341;2024-01-18;5;3;7
CLI0341;2024-01-25;6;5;3
CLI0341;2024-02-01;5;5;7
CLI0341;2024-02-08;8;1;2
CLI0341;2024-02-15;7;5;5
CLI0341;2024-02-22;5;5;4
CLI0341;2024-02-29;3;4;8
CLI0341;2024-03-07;9;5;8
CLI0341;2024-03-14;8;2;6
CLI0341;2024-03-21;3;5;5
CLI0341;2024-03-28;11;2;7
CLI0341;2024-04-04;7;4;5
CLI0341;2024-04-11;10;5;2
CLI0341;2024-04-18;3;4;6
CLI0341;2024-04-25;5;3;4
CLI0341;2024-05-02;9;4;5
CLI0341;2024-05-09;9;5;4
CLI0341;2024-05-16;11;2;5
CLI0341;2024-05-23;3;5;7
CLI0341;2024-05-30;7;2;6
CLI0341;2024-06-06;9;5;3
CLI0341;2024-06-13;8;1;6
CLI0341;2024-06-20;8;3;6
CLI0341;2024-06-27;5;3;8
CLI0341;2024-07-04;9;2;6
CLI0341;2024-07-11;10;2;5
CLI0341;2024-07-18;9;5;8
CLI0341;2024-07-25;5;2;8
CLI0341;2024-08-01;5;3;5
CLI0341;2024-08-08;5;4;3
CLI0341;2024-08-15;7;4;6
CLI0341;2024-08-22;12;2;5
CLI0341;2024-08-29;3;3;5
CLI0341;2024-09-05;5;2;8
CLI0341;2024-09-12;6;3;7
CLI0341;2024-09-19;7;4;5
CLI0341;2024-09-26;9;1;2
CLI0341;2024-10-03;8;1;4
CLI0341;2024-10-10;12;4;2
CLI0341;2024-10-17;11;1;5
CLI0341;2024-10-24;11;4;3
CLI0341;2024-10-31;11;5;5
CLI0341;2024-11-07;11;5;5
CLI0341;2024-11-14;12;2;4
CLI0341;2024-11-21;7;5;4
CLI0341;2024-11-28;3;2;7
CLI0341;2024-12-05;12;3;2
CLI0341;2024-12-12;11;4;6
CLI0341;2024-12-19;8;4;8
CLI0342;2023-03-30;11;5;3
CLI0342;2023-04-06;6;1;6
CLI0342;2023-04-13;6;5;2
CLI0342;2023-04-20;4;4;6
CLI0342;2023-04-27;6;3;5
CLI0342;2023-05-04;9;5;2
CLI0342;2023-05-11;5;2;5
CLI0342;2023-05-18;10;5;8
CLI0342;2023-05-25;6;5;6
CLI0342;2023-06-01;3;1;8
CLI0342;2023-06-08;5;2;8
CLI0342;2023-06-15;3;1;5
CLI0342;2023-06-22;6;1;6
CLI0342;2023-06-29;8;2;2
CLI0342;2023-07-06;3;2;3
CLI0342;2023-07-13;12;1;4
CLI0342;2023-07-20;5;2;2
CLI0342;2023-07-27;6;2;8
CLI0342;2023-08-03;9;2;7
CLI0342;2023-08-10;4;3;8
CLI0342;2023-08-17;3;5;6
CLI0342;2023-08-24;5;1;3
CLI0342;2023-08-31;10;1;3
CLI0342;2023-09-07;6;1;6
CLI0342;2023-09-14;12;4;5
CLI0342;2023-09-21;5;1;8
CLI0342;2023-09-28;4;2;6
CLI0342;2023-10-05;8;5;2
CLI0342;2023-10-12;6;1;7
CLI0342;2023-10-19;10;4;7
CLI0342;2023-10-26;8;4;6
CLI0342;2023-11-02;3;1;7
CLI0342;2023-11-09;3;1;7
CLI0342;2023-11-16;12;1;5
CLI0342;2023-11-23;9;3;8
CLI0342;2023-11-30;6;2;4
CLI0342;2023-12-07;7;5;3
CLI0342;2023-12-14;7;2;8
CLI0342;2023-12-21;11;4;2
CLI0342;2023-12-28;8;1;4
CLI0342;2024-01-04;7;4;4
CLI0342;2024-01-11;9;5;2
CLI0342;2024-01-18;4;4;7
CLI0342;2024-01-25;3;5;5
CLI0342;2024-02-01;3;2;5
CLI0342;2024-02-08;5;5;3
CLI0342;2024-02-15;3;3;2
CLI0342;2024-02-22;3;5;3
CLI0342;2024-02-29;11;1;8
CLI0342;2024-03-07;11;2;4
CLI0342;2024-03-14;12;1;3
CLI0342;2024-03-21;6;2;2
CLI0342;2024-03-28;9;1;2
CLI0342;2024-04-04;8;5;8
CLI0342;2024-04-11;6;2;4
CLI0342;2024-04-18;4;5;3
CLI0342;2024-04-25;5;3;3
CLI0342;2024-05-02;10;4;3
CLI0342;2024-05-09;8;2;7
CLI0342;2024-05-16;3;2;2
CLI0342;2024-05-23;6;1;2
CLI0342;2024-05-30;9;4;6
CLI0342;2024-06-06;8;3;3
CLI0342;2024-06-13;11;2;3
CLI0342;2024-06-20;9;4;7
CLI0342;2024-06-27;3;1;7
CLI0342;2024-07-04;4;4;5
CLI0342;2024-07-11;11;1;2
CLI0342;2024-07-18;9;4;8
CLI0342;2024-07-25;11;4;7
CLI0342;2024-08-01;5;5;2
CLI0342;2024-08-08;5;3;2
CLI0342;2024-08-15;8;2;6
CLI0342;2024-08-22;9;3;8
CLI0342;2024-08-29;5;4;5
CLI0342;2024-09-05;6;1;3
CLI0342;2024-09-12;5;1;6
CLI0342;2024-09-19;12;3;2
CLI0342;2024-09-26;10;3;3
CLI0342;2024-10-03;3;3;7
CLI0342;2024-10-10;3;3;8
CLI0342;2024-10-17;6;1;6
CLI0342;2024-10-24;11;3;8
CLI0342;2024-10-31;4;1;7
CLI0342;2024-11-07;8;1;5
CLI0342;2024-11-14;8;3;2
CLI0342;2024-11-21;11;3;6
CLI0342;2024-11-28;8;2;6
CLI0342;2024-12-05;7;4;5
CLI0342;2024-12-12;10;1;3
CLI0342;2024-12-19;10;5;4
CLI0342;2024-12-26;9;4;6
CLI0343;2024-05-18;6;1;7
CLI0343;2024-05-25;10;4;4
CLI0343;2024-06-01;7;1;4
CLI0343;2024-06-08;11;2;4
CLI0343;2024-06-15;8;1;2
CLI0343;2024-06-22;10;2;5
CLI0343;2024-06-29;5;4;7
CLI0343;2024-07-06;12;4;3
CLI0343;2024-07-13;5;5;3
CLI0343;2024-07-20;12;1;2
CLI0343;2024-07-27;11;2;3
CLI0343;2024-08-03;3;3;2
CLI0343;2024-08-10;4;2;2
CLI0343;2024-08-17;6;3;2
CLI0343;2024-08-24;2;0;2
CLI0343;2024-08-31;2;1;0
CLI0343;2024-09-07;1;1;1
CLI0343;2024-09-14;0;0;0
CLI0344;2023-07-03;10;3;8
CLI0344;2023-07-10;3;0;2
CLI0344;2023-07-17;1;1;0
CLI0344;2023-07-24;2;0;1
CLI0344;2023-07-31;2;1;1
CLI0345;2024-03-22;4;2;8
CLI0345;2024-03-29;7;1;5
CLI0345;2024-04-05;12;1;4
CLI0345;2024-04-12;7;5;7
CLI0345;2024-04-19;4;2;6
CLI0345;2024-04-26;11;1;6
CLI0345;2024-05-03;3;1;2
CLI0345;2024-05-10;7;3;7
CLI0345;2024-05-17;9;4;8
CLI0345;2024-05-24;9;4;5
CLI0345;2024-05-31;9;1;6
CLI0345;2024-06-07;8;2;4
CLI0345;2024-06-14;12;4;7
CLI0345;2024-06-21;3;1;5
CLI0345;2024-06-28;3;5;3
CLI0345;2024-07-05;4;4;5
CLI0345;2024-07-12;7;3;2
CLI0345;2024-07-19;10;4;8
CLI0345;2024-07-26;3;2;3
CLI0345;2024-08-02;6;5;2
CLI0345;2024-08-09;7;3;3
CLI0345;2024-08-16;7;4;6
CLI0345;2024-08-23;5;4;5
CLI0345;2024-08-30;5;3;8
CLI0345;2024-09-06;6;2;2
CLI0345;2024-09-13;12;3;7
CLI0345;2024-09-20;12;2;6
CLI0345;2024-09-27;7;5;6
CLI0345;2024-10-04;11;4;8
CLI0345;2024-10-11;6;3;7
CLI0345;2024-10-18;11;4;3
CLI0345;2024-10-25;10;2;6
CLI0345;2024-11-01;12;2;3
CLI0345;2024-11-08;8;4;7
CLI0345;2024-11-15;3;2;7
CLI0345;2024-11-22;7;1;8
CLI0345;2024-11-29;12;2;6
CLI0345;2024-12-06;11;4;7
CLI0345;2024-12-13;9;2;7
CLI0345;2024-12-20;12;5;4
CLI0346;2024-01-29;10;2;6
CLI0346;2024-02-05;11;2;4
CLI0346;2024-02-12;9;3;3
CLI0346;2024-02-19;6;5;2
CLI0346;2024-02-26;11;5;5
CLI0346;2024-03-04;3;1;0
CLI0346;2024-03-11;1;1;0
CLI0346;2024-03-18;2;0;2
CLI0346;2024-03-25;1;0;0
CLI0347;2024-02-04;9;4;3
CLI0347;2024-02-11;6;3;8
CLI0347;2024-02-18;3;1;4
CLI0347;2024-02-25;5;1;4
CLI0347;2024-03-03;9;2;4
CLI0347;2024-03-10;8;2;8
CLI0347;2024-03-17;9;2;5
CLI0347;2024-03-24;5;5;6
CLI0347;2024-03-31;9;2;3
CLI0347;2024-04-07;6;3;5
CLI0347;2024-04-14;3;3;4
CLI0347;2024-04-21;7;3;4
CLI0347;2024-04-28;4;3;3
CLI0347;2024-05-05;7;3;3
CLI0347;2024-05-12;4;1;2
CLI0347;2024-05-19;10;3;4
CLI0347;2024-05-26;12;3;4
CLI0347;2024-06-02;12;3;5
CLI0347;2024-06-09;7;2;8
CLI0347;2024-06-16;4;5;6
CLI0347;2024-06-23;7;2;8
CLI0347;2024-06-30;7;4;3
CLI0347;2024-07-07;11;1;4
CLI0347;2024-07-14;4;2;6
CLI0347;2024-07-21;4;1;5
CLI0347;2024-07-28;7;4;7
CLI0347;2024-08-04;12;2;4
CLI0347;2024-08-11;9;3;3
CLI0347;2024-08-18;12;5;6
CLI0347;2024-08-25;10;2;4
CLI0347;2024-09-01;10;2;4
CLI0347;2024-09-08;6;5;6
CLI0347;2024-09-15;11;4;4
CLI0347;2024-09-22;12;1;4
CLI0347;2024-09-29;6;1;2
CLI0347;2024-10-06;10;3;8
CLI0347;2024-10-13;4;3;4
CLI0347;2024-10-20;4;5;3
CLI0347;2024-10-27;7;4;6
CLI0347;2024-11-03;5;2;2
CLI0347;2024-11-10;8;4;8
CLI0347;2024-11-17;11;2;4
CLI0347;2024-11-24;8;2;2
CLI0347;2024-12-01;3;5;2
CLI0347;2024-12-08;5;3;5
CLI0347;2024-12-15;7;2;7
CLI0347;2024-12-22;10;5;7
CLI0348;2024-01-29;3;1;4
CLI0348;2024-02-05;9;1;5
CLI0348;2024-02-12;9;5;5
CLI0348;2024-02-19;4;1;5
CLI0348;2024-02-26;12;4;3
CLI0348;2024-03-04;10;3;6
CLI0348;2024-03-11;4;2;8
CLI0348;2024-03-18;4;5;5
CLI0348;2024-03-25;12;1;5
CLI0348;2024-04-01;8;1;5
CLI0348;2024-04-08;4;3;5
CLI0348;2024-04-15;4;3;6
CLI0348;2024-04-22;3;1;2
CLI0348;2024-04-29;5;3;2
CLI0348;2024-05-06;5;2;2
CLI0348;2024-05-13;9;1;2
CLI0348;2024-05-20;7;1;3
CLI0348;2024-05-27;10;2;6
CLI0348;2024-06-03;12;5;5
CLI0348;2024-06-10;11;2;7
CLI0348;2024-06-17;5;1;3
CLI0348;2024-06-24;3;5;5
CLI0348;2024-07-01;4;3;7
CLI0348;2024-07-08;12;5;4
CLI0348;2024-07-15;5;3;2
CLI0348;2024-07-22;10;5;5
CLI0348;2024-07-29;9;5;6
CLI0348;2024-08-05;10;5;4
CLI0348;2024-08-12;5;1;2
CLI0348;2024-08-19;4;3;2
CLI0348;2024-08-26;7;3;3
CLI0348;2024-09-02;7;4;2
CLI0348;2024-09-09;10;2;8
CLI0348;2024-09-16;10;2;3
CLI0348;2024-09-23;11;4;2
CLI0348;2024-09-30;8;5;4
CLI0348;2024-10-07;5;5;7
CLI0348;2024-10-14;8;5;7
CLI0348;2024-10-21;12;3;5
CLI0348;2024-10-28;8;4;7
CLI0348;2024-11-04;9;2;8
CLI0348;2024-11-11;10;5;6
CLI0348;2024-11-18;5;5;3
CLI0348;2024-11-25;3;3;4
CLI0348;2024-12-02;10;4;6
CLI0349;2024-04-25;6;4;5
CLI0349;2024-05-02;9;1;5
CLI0349;2024-05-09;7;1;2
CLI0349;2024-05-16;8;5;3
CLI0349;2024-05-23;12;3;7
CLI0349;2024-05-30;11;1;4
CLI0349;2024-06-06;3;3;8
CLI0349;2024-06-13;6;5;2
CLI0349;2024-06-20;6;3;8
CLI0349;2024-06-27;9;1;8
CLI0349;2024-07-04;5;5;4
CLI0349;2024-07-11;11;4;6
CLI0349;2024-07-18;9;4;7
CLI0349;2024-07-25;3;5;5
CLI0349;2024-08-01;6;3;4
CLI0349;2024-08-08;10;4;2
CLI0349;2024-08-15;10;3;8
CLI0349;2024-08-22;4;2;2
CLI0349;2024-08-29;3;1;6
CLI0349;2024-09-05;7;2;5
CLI0349;2024-09-12;5;2;5
CLI0349;2024-09-19;7;3;2
CLI0349;2024-09-26;11;1;8
CLI0349;2024-10-03;5;3;4
CLI0349;2024-10-10;12;3;2
CLI0349;2024-10-17;11;3;8
CLI0349;2024-10-24;12;2;4
CLI0349;2024-10-31;9;3;3
CLI0349;2024-11-07;8;2;8
CLI0349;2024-11-14;7;2;5
CLI0349;2024-11-21;10;5;4
CLI0349;2024-11-28;3;4;7
CLI0349;2024-12-05;9;3;8
CLI0349;2024-12-12;8;4;3
CLI0350;2024-05-12;8;2;4
CLI0350;2024-05-19;4;2;3
CLI0350;2024-05-26;8;5;8
CLI0350;2024-06-02;7;4;5
CLI0350;2024-06-09;12;1;2
CLI0350;2024-06-16;10;3;8
CLI0350;2024-06-23;5;2;8
CLI0350;2024-06-30;10;5;8
CLI0350;2024-07-07;5;5;4
CLI0350;2024-07-14;12;4;4
CLI0350;2024-07-21;5;2;8
CLI0350;2024-07-28;12;4;5
CLI0350;2024-08-04;7;5;6
CLI0350;2024-08-11;12;1;3
CLI0350;2024-08-18;3;2;7
CLI0350;2024-08-25;11;3;4
CLI0350;2024-09-01;3;4;2
CLI0350;2024-09-08;3;5;4
CLI0350;2024-09-15;4;3;6
CLI0350;2024-09-22;4;2;4
CLI0350;2024-09-29;5;4;6
CLI0350;2024-10-06;8;4;4
CLI0350;2024-10-13;6;5;4
CLI0350;2024-10-20;4;2;7
CLI0350;2024-10-27;12;4;5
CLI0350;2024-11-03;6;3;3
CLI0350;2024-11-10;12;3;5
CLI0350;2024-11-17;4;3;3
CLI0350;2024-11-24;9;2;2
CLI0350;2024-12-01;7;1;6
CLI0351;2023-12-29;7;4;2
CLI0351;2024-01-05;4;5;6
CLI0351;2024-01-12;10;5;5
CLI0351;2024-01-19;6;4;3
CLI0351;2024-01-26;11;2;7
CLI0351;2024-02-02;2;0;1
CLI0351;2024-02-09;1;0;2
CLI0351;2024-02-16;3;0;1
CLI0351;2024-02-23;1;1;0
CLI0352;2024-05-07;6;2;8
CLI0352;2024-05-14;6;1;6
CLI0352;2024-05-21;8;3;4
CLI0352;2024-05-28;4;5;7
CLI0352;2024-06-04;7;2;5
CLI0352;2024-06-11;2;0;2
CLI0352;2024-06-18;1;0;2
CLI0352;2024-06-25;3;0;0
CLI0352;2024-07-02;1;1;1
CLI0353;2024-07-07;3;5;3
CLI0353;2024-07-14;9;4;7
CLI0353;2024-07-21;9;4;5
CLI0353;2024-07-28;10;4;3
CLI0353;2024-08-04;9;3;8
CLI0353;2024-08-11;10;4;4
CLI0353;2024-08-18;8;3;4
CLI0353;2024-08-25;8;5;2
CLI0353;2024-09-01;6;3;6
CLI0353;2024-09-08;4;5;4
CLI0353;2024-09-15;7;2;4
CLI0353;2024-09-22;4;1;2
CLI0353;2024-09-29;5;4;6
CLI0353;2024-10-06;6;5;4
CLI0353;2024-10-13;8;2;3
CLI0353;2024-10-20;3;5;6
CLI0353;2024-10-27;5;2;7
CLI0353;2024-11-03;6;2;7
CLI0353;2024-11-10;1;0;1
CLI0353;2024-11-17;1;0;2
CLI0353;2024-11-24;3;0;1
CLI0353;2024-12-01;0;1;0
CLI0354;2023-05-27;9;1;5
CLI0354;2023-06-03;10;3;7
CLI0354;2023-06-10;4;3;7
CLI0354;2023-06-17;4;3;4
CLI0354;2023-06-24;11;4;5
CLI0354;2023-07-01;1;0;1
CLI0354;2023-07-08;2;1;0
CLI0354;2023-07-15;2;0;1
CLI0354;2023-07-22;3;1;0
CLI0355;2023-02-25;8;4;3
CLI0355;2023-03-04;8;2;7
CLI0355;2023-03-11;3;2;3
CLI0355;2023-03-18;8;5;6
CLI0355;2023-03-25;6;4;5
CLI0355;2023-04-01;4;2;4
CLI0355;2023-04-08;11;2;6
CLI0355;2023-04-15;7;5;8
CLI0355;2023-04-22;11;5;2
CLI0355;2023-04-29;3;1;1
CLI0355;2023-05-06;3;0;0
CLI0355;2023-05-13;2;0;1
CLI0355;2023-05-20;3;0;2
CLI0356;2024-08-20;7;3;5
CLI0356;2024-08-27;7;3;3
CLI0356;2024-09-03;6;5;2
CLI0356;2024-09-10;3;3;2
CLI0356;2024-09-17;8;2;4
CLI0356;2024-09-24;5;5;5
CLI0356;2024-10-01;10;5;4
CLI0356;2024-10-08;8;3;5
CLI0356;2024-10-15;3;1;6
CLI0356;2024-10-22;12;4;8
CLI0356;2024-10-29;10;5;7
CLI0356;2024-11-05;8;1;2
CLI0356;2024-11-12;7;4;5
CLI0356;2024-11-19;3;5;7
CLI0356;2024-11-26;6;4;5
CLI0356;2024-12-03;5;3;2
CLI0357;2023-05-12;7;1;5
CLI0357;2023-05-19;10;1;8
CLI0357;2023-05-26;10;2;4
CLI0357;2023-06-02;9;1;7
CLI0357;2023-06-09;6;1;5
CLI0357;2023-06-16;4;2;7
CLI0357;2023-06-23;7;1;7
CLI0357;2023-06-30;10;5;6
CLI0357;2023-07-07;5;1;5
CLI0357;2023-07-14;7;3;5
CLI0357;2023-07-21;8;2;5
CLI0357;2023-07-28;8;3;7
CLI0357;2023-08-04;5;5;7
CLI0357;2023-08-11;6;2;8
CLI0357;2023-08-18;11;4;5
CLI0357;2023-08-25;11;3;2
CLI0357;2023-09-01;8;1;5
CLI0357;2023-09-08;9;5;6
CLI0357;2023-09-15;4;3;4
CLI0357;2023-09-22;10;1;7
CLI0357;2023-09-29;8;3;8
CLI0357;2023-10-06;9;4;2
CLI0357;2023-10-13;9;4;6
CLI0357;2023-10-20;12;3;2
CLI0357;2023-10-27;12;2;5
CLI0357;2023-11-03;6;4;4
CLI0357;2023-11-10;9;1;4
CLI0357;2023-11-17;12;3;4
CLI0357;2023-11-24;4;4;2
CLI0357;2023-12-01;4;2;3
CLI0357;2023-12-08;12;3;5
CLI0357;2023-12-15;6;2;3
CLI0357;2023-12-22;7;3;2
CLI0357;2023-12-29;11;2;4
CLI0357;2024-01-05;9;5;5
CLI0357;2024-01-12;4;5;3
CLI0357;2024-01-19;4;2;7
CLI0357;2024-01-26;9;5;5
CLI0357;2024-02-02;7;5;8
CLI0357;2024-02-09;9;5;5
CLI0357;2024-02-16;11;3;6
CLI0357;2024-02-23;10;5;8
CLI0357;2024-03-01;11;5;5
CLI0357;2024-03-08;6;1;6
CLI0357;2024-03-15;9;2;2
CLI0357;2024-03-22;8;2;5
CLI0357;2024-03-29;3;3;7
CLI0357;2024-04-05;6;4;6
CLI0357;2024-04-12;5;2;8
CLI0357;2024-04-19;8;5;7
CLI0357;2024-04-26;4;4;4
CLI0357;2024-05-03;5;2;2
CLI0357;2024-05-10;4;2;5
CLI0357;2024-05-17;7;4;6
CLI0357;2024-05-24;3;1;5
CLI0357;2024-05-31;9;2;2
CLI0357;2024-06-07;12;1;6
CLI0357;2024-06-14;11;4;3
CLI0357;2024-06-21;10;1;8
CLI0357;2024-06-28;11;3;7
CLI0357;2024-07-05;8;2;8
CLI0357;2024-07-12;9;1;5
CLI0357;2024-07-19;5;2;3
CLI0357;2024-07-26;3;4;3
CLI0357;2024-08-02;8;4;5
CLI0357;2024-08-09;6;3;5
CLI0357;2024-08-16;10;3;5
CLI0357;2024-08-23;12;3;3
CLI0357;2024-08-30;12;5;4
CLI0357;2024-09-06;4;1;8
CLI0357;2024-09-13;7;1;8
CLI0357;2024-09-20;3;2;8
CLI0357;2024-09-27;5;4;3
CLI0357;2024-10-04;3;2;8
CLI0357;2024-10-11;5;3;8
CLI0357;2024-10-18;11;2;7
CLI0357;2024-10-25;10;3;8
CLI0357;2024-11-01;9;2;7
CLI0357;2024-11-08;8;2;7
CLI0357;2024-11-15;6;3;8
CLI0357;2024-11-22;9;1;2
CLI0357;2024-11-29;11;5;7
CLI0357;2024-12-06;5;1;3
CLI0358;2024-07-07;12;3;6
CLI0358;2024-07-14;9;2;7
CLI0358;2024-07-21;4;5;4
CLI0358;2024-07-28;6;1;7
CLI0358;2024-08-04;4;1;7
CLI0358;2024-08-11;5;5;8
CLI0358;2024-08-18;4;4;5
CLI0358;2024-08-25;12;1;8
CLI0358;2024-09-01;6;4;5
CLI0358;2024-09-08;9;4;3
CLI0358;2024-09-15;9;5;4
CLI0358;2024-09-22;10;2;6
CLI0358;2024-09-29;4;2;3
CLI0358;2024-10-06;9;3;6
CLI0358;2024-10-13;3;0;1
CLI0358;2024-10-20;0;0;0
CLI0358;2024-10-27;3;1;0
CLI0358;2024-11-03;1;1;1
CLI0359;2023-02-01;8;2;7
CLI0359;2023-02-08;4;2;3
CLI0359;2023-02-15;7;3;3
CLI0359;2023-02-22;10;3;5
CLI0359;2023-03-01;10;1;6
CLI0359;2023-03-08;8;1;8
CLI0359;2023-03-15;6;1;4
CLI0359;2023-03-22;9;5;5
CLI0359;2023-03-29;11;1;5
CLI0359;2023-04-05;4;2;7
CLI0359;2023-04-12;9;3;3
CLI0359;2023-04-19;7;5;4
CLI0359;2023-04-26;11;5;2
CLI0359;2023-05-03;11;3;3
CLI0359;2023-05-10;12;5;3
CLI0359;2023-05-17;11;5;3
CLI0359;2023-05-24;3;1;4
CLI0359;2023-05-31;4;3;6
CLI0359;2023-06-07;10;4;5
CLI0359;2023-06-14;9;3;6
CLI0359;2023-06-21;4;2;5
CLI0359;2023-06-28;4;4;8
CLI0359;2023-07-05;8;4;5
CLI0359;2023-07-12;8;2;6
CLI0359;2023-07-19;5;2;7
CLI0359;2023-07-26;9;1;8
CLI0359;2023-08-02;12;3;7
CLI0359;2023-08-09;7;5;7
CLI0359;2023-08-16;3;2;6
CLI0359;2023-08-23;7;5;8
CLI0359;2023-08-30;7;5;8
CLI0359;2023-09-06;7;2;7
CLI0359;2023-09-13;7;3;5
CLI0359;2023-09-20;10;4;8
CLI0359;2023-09-27;9;1;7
CLI0359;2023-10-04;6;5;6
CLI0359;2023-10-11;9;3;7
CLI0359;2023-10-18;8;1;8
CLI0359;2023-10-25;3;5;8
CLI0359;2023-11-01;4;3;6
CLI0359;2023-11-08;8;4;7
CLI0359;2023-11-15;10;5;3
CLI0359;2023-11-22;5;2;6
CLI0359;2023-11-29;8;5;8
CLI0359;2023-12-06;6;4;8
CLI0359;2023-12-13;3;1;6
CLI0359;2023-12-20;7;1;3
CLI0359;2023-12-27;10;1;5
CLI0359;2024-01-03;9;1;6
CLI0359;2024-01-10;8;2;5
CLI0359;2024-01-17;3;5;5
CLI0359;2024-01-24;11;1;5
CLI0359;2024-01-31;5;1;7
CLI0359;2024-02-07;5;1;8
CLI0359;2024-02-14;6;2;6
CLI0359;2024-02-21;11;1;2
CLI0359;2024-02-28;5;1;8
CLI0359;2024-03-06;12;5;5
CLI0359;2024-03-13;9;4;5
CLI0359;2024-03-20;6;4;3
CLI0359;2024-03-27;3;2;7
CLI0359;2024-04-03;10;2;4
CLI0359;2024-04-10;7;5;3
CLI0359;2024-04-17;9;3;5
CLI0359;2024-04-24;10;1;5
CLI0359;2024-05-01;4;5;7
CLI0359;2024-05-08;3;3;5
CLI0359;2024-05-15;8;4;8
CLI0359;2024-05-22;7;2;6
CLI0359;2024-05-29;9;4;5
CLI0359;2024-06-05;3;3;4
CLI0359;2024-06-12;9;4;3
CLI0359;2024-06-19;12;2;2
CLI0359;2024-06-26;9;3;7
CLI0359;2024-07-03;12;1;6
CLI0359;2024-07-10;8;3;5
CLI0359;2024-07-17;11;5;5
CLI0359;2024-07-24;6;1;8
CLI0359;2024-07-31;8;5;6
CLI0359;2024-08-07;9;5;2
CLI0359;2024-08-14;3;2;4
CLI0359;2024-08-21;6;1;3
CLI0359;2024-08-28;12;2;5
CLI0359;2024-09-04;9;2;4
CLI0359;2024-09-11;7;4;8
CLI0359;2024-09-18;11;1;7
CLI0359;2024-09-25;3;5;4
CLI0359;2024-10-02;11;1;4
CLI0359;2024-10-09;3;1;8
CLI0359;2024-10-16;7;4;2
CLI0359;2024-10-23;8;5;8
CLI0359;2024-10-30;10;1;2
CLI0359;2024-11-06;3;1;6
CLI0359;2024-11-13;3;1;5
CLI0359;2024-11-20;6;5;6
CLI0359;2024-11-27;8;3;5
CLI0359;2024-12-04;10;2;7
CLI0359;2024-12-11;7;4;4
CLI0359;2024-12-18;6;4;8
CLI0360;2024-08-09;11;5;4
CLI0360;2024-08-16;4;2;2
CLI0360;2024-08-23;12;5;4
CLI0360;2024-08-30;12;4;5
CLI0360;2024-09-06;4;5;3
CLI0360;2024-09-13;5;1;3
CLI0360;2024-09-20;3;3;4
CLI0360;2024-09-27;5;5;7
CLI0360;2024-10-04;7;2;4
CLI0360;2024-10-11;4;1;2
CLI0360;2024-10-18;12;1;3
CLI0360;2024-10-25;8;5;4
CLI0360;2024-11-01;3;5;4
CLI0360;2024-11-08;5;5;4
CLI0360;2024-11-15;4;2;4
CLI0360;2024-11-22;12;4;6
CLI0360;2024-11-29;12;5;2
CLI0360;2024-12-06;6;2;3
CLI0360;2024-12-13;11;5;7
CLI0360;2024-12-20;10;4;5
CLI0360;2024-12-27;9;4;2
CLI0361;2024-02-01;8;1;3
CLI0361;2024-02-08;7;1;7
CLI0361;2024-02-15;6;5;6
CLI0361;2024-02-22;10;5;3
CLI0361;2024-02-29;11;4;4
CLI0361;2024-03-07;7;2;2
CLI0361;2024-03-14;11;1;6
CLI0361;2024-03-21;6;4;3
CLI0361;2024-03-28;5;5;7
CLI0361;2024-04-04;6;5;8
CLI0361;2024-04-11;10;1;3
CLI0361;2024-04-18;9;4;3
CLI0361;2024-04-25;11;2;2
CLI0361;2024-05-02;10;1;4
CLI0361;2024-05-09;7;5;2
CLI0361;2024-05-16;11;3;2
CLI0361;2024-05-23;6;2;8
CLI0361;2024-05-30;4;1;8
CLI0361;2024-06-06;10;5;5
CLI0361;2024-06-13;3;3;5
CLI0361;2024-06-20;10;4;8
CLI0361;2024-06-27;10;4;2
CLI0361;2024-07-04;12;2;7
CLI0361;2024-07-11;11;5;6
CLI0361;2024-07-18;5;1;8
CLI0361;2024-07-25;6;1;3
CLI0361;2024-08-01;11;4;4
CLI0361;2024-08-08;10;3;2
CLI0361;2024-08-15;8;5;6
CLI0361;2024-08-22;5;2;7
CLI0361;2024-08-29;3;2;5
CLI0361;2024-09-05;3;4;5
CLI0361;2024-09-12;10;5;5
CLI0361;2024-09-19;4;5;8
CLI0361;2024-09-26;5;3;8
CLI0361;2024-10-03;12;4;7
CLI0361;2024-10-10;5;4;4
CLI0361;2024-10-17;8;4;2
CLI0361;2024-10-24;6;4;4
CLI0361;2024-10-31;12;4;5
CLI0361;2024-11-07;7;3;2
CLI0361;2024-11-14;7;3;3
CLI0361;2024-11-21;10;3;8
CLI0361;2024-11-28;5;3;5
CLI0361;2024-12-05;7;3;7
CLI0362;2024-06-14;9;5;6
CLI0362;2024-06-21;3;1;8
CLI0362;2024-06-28;11;3;2
CLI0362;2024-07-05;4;1;4
CLI0362;2024-07-12;9;4;3
CLI0362;2024-07-19;6;5;8
CLI0362;2024-07-26;8;1;4
CLI0362;2024-08-02;10;4;4
CLI0362;2024-08-09;9;4;2
CLI0362;2024-08-16;8;1;7
CLI0362;2024-08-23;9;5;2
CLI0362;2024-08-30;12;5;3
CLI0362;2024-09-06;11;2;2
CLI0362;2024-09-13;12;2;4
CLI0362;2024-09-20;9;3;7
CLI0362;2024-09-27;3;2;8
CLI0362;2024-10-04;10;3;6
CLI0362;2024-10-11;9;1;3
CLI0362;2024-10-18;7;3;5
CLI0362;2024-10-25;6;2;8
CLI0362;2024-11-01;6;5;6
CLI0362;2024-11-08;5;2;4
CLI0362;2024-11-15;12;3;3
CLI0362;2024-11-22;7;3;5
CLI0362;2024-11-29;3;3;2
CLI0362;2024-12-06;8;3;7
CLI0362;2024-12-13;10;5;7
CLI0362;2024-12-20;5;4;3
CLI0363;2024-07-02;7;2;5
CLI0363;2024-07-09;4;4;2
CLI0363;2024-07-16;11;4;8
CLI0363;2024-07-23;5;5;7
CLI0363;2024-07-30;9;5;5
CLI0363;2024-08-06;7;4;5
CLI0363;2024-08-13;5;2;7
CLI0363;2024-08-20;10;1;3
CLI0363;2024-08-27;11;3;7
CLI0363;2024-09-03;7;4;6
CLI0363;2024-09-10;10;2;5
CLI0363;2024-09-17;11;1;6
CLI0363;2024-09-24;6;1;8
CLI0363;2024-10-01;12;2;3
CLI0363;2024-10-08;12;3;2
CLI0363;2024-10-15;5;2;3
CLI0363;2024-10-22;11;1;8
CLI0363;2024-10-29;9;2;4
CLI0363;2024-11-05;6;5;4
CLI0363;2024-11-12;4;5;4
CLI0363;2024-11-19;7;3;4
CLI0363;2024-11-26;7;1;8
CLI0363;2024-12-03;11;5;3
CLI0363;2024-12-10;8;5;6
CLI0363;2024-12-17;6;1;4
CLI0363;2024-12-24;3;1;3
CLI0364;2023-12-22;11;2;5
CLI0364;2023-12-29;10;2;4
CLI0364;2024-01-05;7;5;2
CLI0364;2024-01-12;7;4;6
CLI0364;2024-01-19;11;4;4
CLI0364;2024-01-26;10;1;5
CLI0364;2024-02-02;11;5;7
CLI0364;2024-02-09;9;2;2
CLI0364;2024-02-16;6;2;8
CLI0364;2024-02-23;8;1;6
CLI0364;2024-03-01;9;2;8
CLI0364;2024-03-08;11;4;6
CLI0364;2024-03-15;8;4;4
CLI0364;2024-03-22;6;3;5
CLI0364;2024-03-29;9;1;7
CLI0364;2024-04-05;11;5;3
CLI0364;2024-04-12;6;1;6
CLI0364;2024-04-19;5;3;6
CLI0364;2024-04-26;10;2;6
CLI0364;2024-05-03;12;3;5
CLI0364;2024-05-10;10;2;5
CLI0364;2024-05-17;6;1;5
CLI0364;2024-05-24;6;2;2
CLI0364;2024-05-31;11;3;5
CLI0364;2024-06-07;3;1;5
CLI0364;2024-06-14;5;4;3
CLI0364;2024-06-21;11;1;3
CLI0364;2024-06-28;6;4;4
CLI0364;2024-07-05;12;1;6
CLI0364;2024-07-12;7;4;4
CLI0364;2024-07-19;12;1;7
CLI0364;2024-07-26;4;4;8
CLI0364;2024-08-02;6;3;8
CLI0364;2024-08-09;6;1;3
CLI0364;2024-08-16;4;1;7
CLI0364;2024-08-23;4;4;5
CLI0364;2024-08-30;6;4;5
CLI0364;2024-09-06;5;2;6
CLI0364;2024-09-13;7;3;8
CLI0364;2024-09-20;8;3;2
CLI0364;2024-09-27;7;1;6
CLI0364;2024-10-04;8;4;6
CLI0364;2024-10-11;9;2;3
CLI0364;2024-10-18;12;3;2
CLI0364;2024-10-25;4;1;6
CLI0364;2024-11-01;7;5;5
CLI0364;2024-11-08;4;1;5
CLI0364;2024-11-15;9;1;7
CLI0364;2024-11-22;3;2;8
CLI0364;2024-11-29;9;1;4
CLI0364;2024-12-06;9;5;2
CLI0364;2024-12-13;4;4;4
CLI0364;2024-12-20;12;3;3
CLI0365;2024-06-07;7;3;2
CLI0365;2024-06-14;3;4;5
CLI0365;2024-06-21;10;5;6
CLI0365;2024-06-28;7;3;5
CLI0365;2024-07-05;6;2;2
CLI0365;2024-07-12;9;3;2
CLI0365;2024-07-19;5;3;3
CLI0365;2024-07-26;6;5;6
CLI0365;2024-08-02;6;3;4
CLI0365;2024-08-09;7;1;5
CLI0365;2024-08-16;4;1;7
CLI0365;2024-08-23;3;4;8
CLI0365;2024-08-30;5;5;6
CLI0365;2024-09-06;8;1;3
CLI0365;2024-09-13;6;1;4
CLI0365;2024-09-20;3;4;5
CLI0365;2024-09-27;10;1;4
CLI0365;2024-10-04;11;3;3
CLI0365;2024-10-11;6;2;8
CLI0365;2024-10-18;4;4;8
CLI0365;2024-10-25;4;3;5
CLI0365;2024-11-01;12;3;4
CLI0365;2024-11-08;7;1;3
CLI0365;2024-11-15;12;5;7
CLI0365;2024-11-22;5;3;8
CLI0365;2024-11-29;12;2;3
CLI0365;2024-12-06;3;2;6
CLI0365;2024-12-13;11;1;4
CLI0365;2024-12-20;5;1;6
CLI0366;2024-08-23;10;4;6
CLI0366;2024-08-30;3;1;8
CLI0366;2024-09-06;5;4;6
CLI0366;2024-09-13;9;2;4
CLI0366;2024-09-20;3;3;8
CLI0366;2024-09-27;3;4;7
CLI0366;2024-10-04;6;2;4
CLI0366;2024-10-11;12;1;3
CLI0366;2024-10-18;12;3;3
CLI0366;2024-10-25;3;2;8
CLI0366;2024-11-01;5;3;2
CLI0366;2024-11-08;5;4;4
CLI0366;2024-11-15;12;4;8
CLI0366;2024-11-22;5;2;6
CLI0366;2024-11-29;6;5;4
CLI0366;2024-12-06;7;1;8
CLI0366;2024-12-13;6;4;7
CLI0366;2024-12-20;9;3;4
CLI0367;2023-08-04;11;3;7
CLI0367;2023-08-11;11;1;3
CLI0367;2023-08-18;6;1;6
CLI0367;2023-08-25;9;3;8
CLI0367;2023-09-01;4;3;6
CLI0367;2023-09-08;9;2;8
CLI0367;2023-09-15;5;5;7
CLI0367;2023-09-22;3;5;4
CLI0367;2023-09-29;3;3;2
CLI0367;2023-10-06;7;5;8
CLI0367;2023-10-13;10;1;4
CLI0367;2023-10-20;12;1;8
CLI0367;2023-10-27;8;1;6
CLI0367;2023-11-03;5;2;5
CLI0367;2023-11-10;10;2;2
CLI0367;2023-11-17;3;5;2
CLI0367;2023-11-24;10;3;4
CLI0367;2023-12-01;7;4;6
CLI0367;2023-12-08;6;5;2
CLI0367;2023-12-15;4;4;2
CLI0367;2023-12-22;10;3;8
CLI0367;2023-12-29;3;1;3
CLI0367;2024-01-05;7;3;5
CLI0367;2024-01-12;11;5;7
CLI0367;2024-01-19;7;5;5
CLI0367;2024-01-26;8;4;8
CLI0367;2024-02-02;6;4;4
CLI0367;2024-02-09;7;5;5
CLI0367;2024-02-16;9;4;2
CLI0367;2024-02-23;10;2;3
CLI0367;2024-03-01;9;4;7
CLI0367;2024-03-08;3;3;8
CLI0367;2024-03-15;10;3;2
CLI0367;2024-03-22;5;1;6
CLI0367;2024-03-29;4;5;2
CLI0367;2024-04-05;6;4;6
CLI0367;2024-04-12;12;2;6
CLI0367;2024-04-19;5;3;8
CLI0367;2024-04-26;5;5;7
CLI0367;2024-05-03;12;3;2
CLI0367;2024-05-10;7;2;6
CLI0367;2024-05-17;6;3;2
CLI0367;2024-05-24;9;1;3
CLI0367;2024-05-31;9;5;8
CLI0367;2024-06-07;8;4;5
CLI0367;2024-06-14;8;2;7
CLI0367;2024-06-21;9;4;6
CLI0367;2024-06-28;7;5;2
CLI0367;2024-07-05;6;1;5
CLI0367;2024-07-12;6;4;5
CLI0367;2024-07-19;11;1;5
CLI0367;2024-07-26;8;2;4
CLI0367;2024-08-02;11;1;3
CLI0367;2024-08-09;8;2;5
CLI0367;2024-08-16;9;3;3
CLI0367;2024-08-23;12;5;3
CLI0367;2024-08-30;12;2;2
CLI0367;2024-09-06;6;5;8
CLI0367;2024-09-13;8;2;6
CLI0367;2024-09-20;8;2;7
CLI0367;2024-09-27;9;1;6
CLI0367;2024-10-04;11;3;3
CLI0367;2024-10-11;5;5;8
CLI0367;2024-10-18;11;4;3
CLI0367;2024-10-25;7;1;2
CLI0367;2024-11-01;4;3;6
CLI0367;2024-11-08;12;4;8
CLI0367;2024-11-15;7;4;4
CLI0367;2024-11-22;7;4;3
CLI0367;2024-11-29;10;4;2
CLI0367;2024-12-06;7;5;6
CLI0367;2024-12-13;3;5;5
CLI0367;2024-12-20;10;5;2
CLI0368;2024-09-09;8;5;5
CLI0368;2024-09-16;10;2;6
CLI0368;2024-09-23;9;1;8
CLI0368;2024-09-30;3;2;8
CLI0368;2024-10-07;7;1;4
CLI0368;2024-10-14;3;0;1
CLI0368;2024-10-21;3;1;0
CLI0368;2024-10-28;0;1;2
CLI0368;2024-11-04;0;0;2
CLI0369;2023-04-23;9;5;7
CLI0369;2023-04-30;7;2;2
CLI0369;2023-05-07;10;2;8
CLI0369;2023-05-14;4;5;7
CLI0369;2023-05-21;11;4;7
CLI0369;2023-05-28;10;1;7
CLI0369;2023-06-04;9;5;6
CLI0369;2023-06-11;4;4;4
CLI0369;2023-06-18;11;4;3
CLI0369;2023-06-25;6;4;3
CLI0369;2023-07-02;7;1;2
CLI0369;2023-07-09;3;3;6
CLI0369;2023-07-16;8;4;6
CLI0369;2023-07-23;9;4;2
CLI0369;2023-07-30;5;4;4
CLI0369;2023-08-06;10;2;6
CLI0369;2023-08-13;4;5;3
CLI0369;2023-08-20;12;1;3
CLI0369;2023-08-27;10;5;6
CLI0369;2023-09-03;11;5;4
CLI0369;2023-09-10;5;3;6
CLI0369;2023-09-17;12;1;6
CLI0369;2023-09-24;9;1;7
CLI0369;2023-10-01;11;3;2
CLI0369;2023-10-08;8;5;8
CLI0369;2023-10-15;8;3;3
CLI0369;2023-10-22;10;2;2
CLI0369;2023-10-29;7;2;5
CLI0369;2023-11-05;9;2;2
CLI0369;2023-11-12;11;3;4
CLI0369;2023-11-19;12;4;5
CLI0369;2023-11-26;3;4;8
CLI0369;2023-12-03;4;4;8
CLI0369;2023-12-10;12;3;4
CLI0369;2023-12-17;11;1;4
CLI0369;2023-12-24;7;1;2
CLI0369;2023-12-31;3;3;2
CLI0369;2024-01-07;10;3;5
CLI0369;2024-01-14;3;2;3
CLI0369;2024-01-21;4;1;7
CLI0369;2024-01-28;9;3;8
CLI0369;2024-02-04;3;4;8
CLI0369;2024-02-11;12;4;3
CLI0369;2024-02-18;12;4;6
CLI0369;2024-02-25;5;2;7
CLI0369;2024-03-03;11;5;7
CLI0369;2024-03-10;8;3;3
CLI0369;2024-03-17;10;2;7
CLI0369;2024-03-24;7;3;6
CLI0369;2024-03-31;10;5;8
CLI0369;2024-04-07;12;2;8
CLI0369;2024-04-14;8;1;8
CLI0369;2024-04-21;12;4;7
CLI0369;2024-04-28;6;4;5
CLI0369;2024-05-05;8;3;5
CLI0369;2024-05-12;8;5;8
CLI0369;2024-05-19;10;5;7
CLI0369;2024-05-26;6;4;2
CLI0369;2024-06-02;3;3;3
CLI0369;2024-06-09;12;2;4
CLI0369;2024-06-16;12;1;8
CLI0369;2024-06-23;9;4;5
CLI0369;2024-06-30;4;5;4
CLI0369;2024-07-07;6;4;2
CLI0369;2024-07-14;4;4;4
CLI0369;2024-07-21;6;1;4
CLI0369;2024-07-28;3;2;4
CLI0369;2024-08-04;9;1;2
CLI0369;2024-08-11;7;1;3
CLI0369;2024-08-18;4;4;7
CLI0369;2024-08-25;9;4;5
CLI0369;2024-09-01;8;2;5
CLI0369;2024-09-08;3;4;2
CLI0369;2024-09-15;5;4;6
CLI0369;2024-09-22;10;1;5
CLI0369;2024-09-29;9;2;7
CLI0369;2024-10-06;8;1;5
CLI0369;2024-10-13;7;2;7
CLI0369;2024-10-20;10;2;6
CLI0369;2024-10-27;12;1;7
CLI0369;2024-11-03;7;2;6
CLI0369;2024-11-10;11;1;5
CLI0369;2024-11-17;9;4;5
CLI0369;2024-11-24;5;2;8
CLI0369;2024-12-01;10;1;3
CLI0369;2024-12-08;8;3;3
CLI0369;2024-12-15;4;4;7
CLI0370;2023-08-26;9;3;5
CLI0370;2023-09-02;5;3;5
CLI0370;2023-09-09;3;3;5
CLI0370;2023-09-16;10;5;3
CLI0370;2023-09-23;3;2;5
CLI0370;2023-09-30;12;1;5
CLI0370;2023-10-07;4;3;7
CLI0370;2023-10-14;8;1;7
CLI0370;2023-10-21;5;4;2
CLI0370;2023-10-28;6;3;2
CLI0370;2023-11-04;12;4;3
CLI0370;2023-11-11;4;2;3
CLI0370;2023-11-18;3;4;5
CLI0370;2023-11-25;10;4;5
CLI0370;2023-12-02;8;3;7
CLI0370;2023-12-09;3;3;3
CLI0370;2023-12-16;5;3;3
CLI0370;2023-12-23;4;4;6
CLI0370;2023-12-30;7;2;4
CLI0370;2024-01-06;6;2;6
CLI0370;2024-01-13;9;1;5
CLI0370;2024-01-20;11;1;4
CLI0370;2024-01-27;11;1;3
CLI0370;2024-02-03;11;1;4
CLI0370;2024-02-10;10;2;3
CLI0370;2024-02-17;4;2;5
CLI0370;2024-02-24;10;5;8
CLI0370;2024-03-02;11;4;4
CLI0370;2024-03-09;8;3;8
CLI0370;2024-03-16;8;2;5
CLI0370;2024-03-23;4;3;2
CLI0370;2024-03-30;3;4;2
CLI0370;2024-04-06;8;3;5
CLI0370;2024-04-13;3;3;3
CLI0370;2024-04-20;12;3;2
CLI0370;2024-04-27;11;4;6
CLI0370;2024-05-04;10;3;4
CLI0370;2024-05-11;4;2;8
CLI0370;2024-05-18;6;3;7
CLI0370;2024-05-25;12;5;8
CLI0370;2024-06-01;11;5;5
CLI0370;2024-06-08;5;3;6
CLI0370;2024-06-15;9;5;3
CLI0370;2024-06-22;9;2;4
CLI0370;2024-06-29;9;1;2
CLI0370;2024-07-06;9;2;4
CLI0370;2024-07-13;8;1;4
CLI0370;2024-07-20;4;4;8
CLI0370;2024-07-27;12;4;7
CLI0370;2024-08-03;8;1;8
CLI0370;2024-08-10;12;2;5
CLI0370;2024-08-17;11;3;6
CLI0370;2024-08-24;8;2;2
CLI0370;2024-08-31;5;4;8
CLI0370;2024-09-07;6;3;8
CLI0370;2024-09-14;7;3;6
CLI0370;2024-09-21;3;1;6
CLI0370;2024-09-28;10;4;7
CLI0370;2024-10-05;5;1;3
CLI0370;2024-10-12;7;4;8
CLI0370;2024-10-19;4;4;4
CLI0370;2024-10-26;9;1;4
CLI0370;2024-11-02;5;4;8
CLI0370;2024-11-09;8;2;3
CLI0370;2024-11-16;5;2;8
CLI0370;2024-11-23;7;4;2
CLI0370;2024-11-30;11;1;2
CLI0370;2024-12-07;4;3;6
CLI0370;2024-12-14;4;2;6
CLI0371;2024-03-29;11;5;7
CLI0371;2024-04-05;7;2;5
CLI0371;2024-04-12;7;5;7
CLI0371;2024-04-19;4;2;5
CLI0371;2024-04-26;11;1;5
CLI0371;2024-05-03;3;0;0
CLI0371;2024-05-10;0;1;2
CLI0371;2024-05-17;0;0;1
CLI0371;2024-05-24;3;1;1
CLI0372;2023-01-13;11;1;4
CLI0372;2023-01-20;3;2;3
CLI0372;2023-01-27;7;1;4
CLI0372;2023-02-03;3;5;8
CLI0372;2023-02-10;4;1;4
CLI0372;2023-02-17;9;2;4
CLI0372;2023-02-24;11;4;8
CLI0372;2023-03-03;12;5;2
CLI0372;2023-03-10;5;1;8
CLI0372;2023-03-17;6;1;2
CLI0372;2023-03-24;9;4;6
CLI0372;2023-03-31;7;4;2
CLI0372;2023-04-07;5;1;3
CLI0372;2023-04-14;7;4;5
CLI0372;2023-04-21;9;3;3
CLI0372;2023-04-28;11;1;3
CLI0372;2023-05-05;8;5;6
CLI0372;2023-05-12;6;4;8
CLI0372;2023-05-19;5;1;5
CLI0372;2023-05-26;7;5;6
CLI0372;2023-06-02;11;3;6
CLI0372;2023-06-09;8;5;2
CLI0372;2023-06-16;5;4;2
CLI0372;2023-06-23;12;2;2
CLI0372;2023-06-30;6;2;2
CLI0372;2023-07-07;7;4;4
CLI0372;2023-07-14;9;3;5
CLI0372;2023-07-21;4;4;5
CLI0372;2023-07-28;8;4;8
CLI0372;2023-08-04;11;1;3
CLI0372;2023-08-11;3;3;6
CLI0372;2023-08-18;12;3;8
CLI0372;2023-08-25;3;3;3
CLI0372;2023-09-01;11;5;7
CLI0372;2023-09-08;9;3;7
CLI0372;2023-09-15;4;4;4
CLI0372;2023-09-22;8;1;6
CLI0372;2023-09-29;9;2;7
CLI0372;2023-10-06;12;3;3
CLI0372;2023-10-13;5;2;8
CLI0372;2023-10-20;6;1;5
CLI0372;2023-10-27;5;3;7
CLI0372;2023-11-03;11;4;5
CLI0372;2023-11-10;7;1;3
CLI0372;2023-11-17;9;1;3
CLI0372;2023-11-24;12;3;8
CLI0372;2023-12-01;8;4;4
CLI0372;2023-12-08;8;5;5
CLI0372;2023-12-15;4;5;7
CLI0372;2023-12-22;3;3;8
CLI0372;2023-12-29;11;2;6
CLI0372;2024-01-05;6;3;2
CLI0372;2024-01-12;11;2;4
CLI0372;2024-01-19;7;3;8
CLI0372;2024-01-26;5;4;6
CLI0372;2024-02-02;11;3;6
CLI0372;2024-02-09;11;5;2
CLI0372;2024-02-16;12;2;2
CLI0372;2024-02-23;9;5;5
CLI0372;2024-03-01;8;4;6
CLI0372;2024-03-08;6;2;4
CLI0372;2024-03-15;12;4;8
CLI0372;2024-03-22;5;4;5
CLI0372;2024-03-29;5;2;3
CLI0372;2024-04-05;9;5;3
CLI0372;2024-04-12;4;2;5
CLI0372;2024-04-19;8;2;4
CLI0372;2024-04-26;4;5;3
CLI0372;2024-05-03;12;5;7
CLI0372;2024-05-10;8;3;7
CLI0372;2024-05-17;10;5;8
CLI0372;2024-05-24;3;2;8
CLI0372;2024-05-31;5;5;2
CLI0372;2024-06-07;4;4;5
CLI0372;2024-06-14;4;1;5
CLI0372;2024-06-21;5;5;4
CLI0372;2024-06-28;8;1;3
CLI0372;2024-07-05;9;5;4
CLI0372;2024-07-12;7;4;3
CLI0372;2024-07-19;8;2;4
CLI0372;2024-07-26;4;3;7
CLI0372;2024-08-02;6;5;2
CLI0372;2024-08-09;3;2;3
CLI0372;2024-08-16;6;1;8
CLI0372;2024-08-23;11;4;8
CLI0372;2024-08-30;9;4;8
CLI0372;2024-09-06;12;1;5
CLI0372;2024-09-13;9;4;7
CLI0372;2024-09-20;7;4;5
CLI0372;2024-09-27;5;1;7
CLI0372;2024-10-04;4;1;7
CLI0372;2024-10-11;3;3;2
CLI0372;2024-10-18;11;2;6
CLI0372;2024-10-25;7;2;7
CLI0372;2024-11-01;10;5;3
CLI0372;2024-11-08;9;1;8
CLI0372;2024-11-15;4;5;5
CLI0372;2024-11-22;10;4;8
CLI0372;2024-11-29;12;3;7
CLI0372;2024-12-06;6;2;8
CLI0372;2024-12-13;7;2;3
CLI0372;2024-12-20;8;2;6
CLI0372;2024-12-27;6;5;3
CLI0373;2023-05-18;10;4;8
CLI0373;2023-05-25;5;4;5
CLI0373;2023-06-01;7;3;5
CLI0373;2023-06-08;8;1;3
CLI0373;2023-06-15;4;5;6
CLI0373;2023-06-22;8;2;2
CLI0373;2023-06-29;4;3;6
CLI0373;2023-07-06;7;4;2
CLI0373;2023-07-13;6;4;3
CLI0373;2023-07-20;11;2;6
CLI0373;2023-07-27;9;5;5
CLI0373;2023-08-03;11;5;8
CLI0373;2023-08-10;7;2;8
CLI0373;2023-08-17;3;3;5
CLI0373;2023-08-24;8;5;8
CLI0373;2023-08-31;11;2;4
CLI0373;2023-09-07;11;5;4
CLI0373;2023-09-14;10;4;2
CLI0373;2023-09-21;9;5;7
CLI0373;2023-09-28;6;5;3
CLI0373;2023-10-05;11;3;3
CLI0373;2023-10-12;5;1;3
CLI0373;2023-10-19;8;3;5
CLI0373;2023-10-26;4;4;7
CLI0373;2023-11-02;10;5;4
CLI0373;2023-11-09;9;4;7
CLI0373;2023-11-16;10;5;7
CLI0373;2023-11-23;4;5;8
CLI0373;2023-11-30;12;5;8
CLI0373;2023-12-07;9;2;7
CLI0373;2023-12-14;9;1;8
CLI0373;2023-12-21;6;5;4
CLI0373;2023-12-28;12;3;8
CLI0373;2024-01-04;8;5;3
CLI0373;2024-01-11;4;1;7
CLI0373;2024-01-18;11;3;7
CLI0373;2024-01-25;10;2;3
CLI0373;2024-02-01;8;1;2
CLI0373;2024-02-08;12;3;5
CLI0373;2024-02-15;6;4;5
CLI0373;2024-02-22;12;4;3
CLI0373;2024-02-29;9;2;6
CLI0373;2024-03-07;12;4;8
CLI0373;2024-03-14;8;3;8
CLI0373;2024-03-21;12;5;5
CLI0373;2024-03-28;10;5;2
CLI0373;2024-04-04;10;5;7
CLI0373;2024-04-11;5;2;2
CLI0373;2024-04-18;3;5;7
CLI0373;2024-04-25;4;1;8
CLI0373;2024-05-02;3;1;7
CLI0373;2024-05-09;7;2;6
CLI0373;2024-05-16;9;4;6
CLI0373;2024-05-23;3;4;3
CLI0373;2024-05-30;8;1;4
CLI0373;2024-06-06;10;3;6
CLI0373;2024-06-13;8;1;4
CLI0373;2024-06-20;12;1;6
CLI0373;2024-06-27;9;4;2
CLI0373;2024-07-04;3;5;2
CLI0373;2024-07-11;3;3;7
CLI0373;2024-07-18;8;5;7
CLI0373;2024-07-25;10;2;4
CLI0373;2024-08-01;5;2;5
CLI0373;2024-08-08;7;5;5
CLI0373;2024-08-15;9;3;7
CLI0373;2024-08-22;5;5;4
CLI0373;2024-08-29;11;2;8
CLI0373;2024-09-05;3;3;2
CLI0373;2024-09-12;10;1;6
CLI0373;2024-09-19;10;2;7
CLI0373;2024-09-26;8;1;3
CLI0373;2024-10-03;6;3;3
CLI0373;2024-10-10;6;3;3
CLI0373;2024-10-17;9;4;4
CLI0373;2024-10-24;10;4;5
CLI0373;2024-10-31;10;2;4
CLI0373;2024-11-07;5;4;8
CLI0373;2024-11-14;8;5;8
CLI0373;2024-11-21;10;3;2
CLI0373;2024-11-28;6;1;2
CLI0373;2024-12-05;7;5;5
CLI0373;2024-12-12;12;1;4
CLI0374;2023-01-02;5;5;2
CLI0374;2023-01-09;9;1;7
CLI0374;2023-01-16;12;5;2
CLI0374;2023-01-23;10;3;5
CLI0374;2023-01-30;9;4;6
CLI0374;2023-02-06;10;3;5
CLI0374;2023-02-13;5;1;5
CLI0374;2023-02-20;4;2;4
CLI0374;2023-02-27;6;3;5
CLI0374;2023-03-06;9;5;7
CLI0374;2023-03-13;6;1;3
CLI0374;2023-03-20;5;3;8
CLI0374;2023-03-27;6;4;8
CLI0374;2023-04-03;12;3;7
CLI0374;2023-04-10;5;3;4
CLI0374;2023-04-17;11;4;7
CLI0374;2023-04-24;9;4;3
CLI0374;2023-05-01;8;1;5
CLI0374;2023-05-08;11;1;7
CLI0374;2023-05-15;3;4;3
CLI0374;2023-05-22;11;2;7
CLI0374;2023-05-29;12;3;8
CLI0374;2023-06-05;10;4;4
CLI0374;2023-06-12;9;1;3
CLI0374;2023-06-19;9;1;4
CLI0374;2023-06-26;12;5;3
CLI0374;2023-07-03;9;2;2
CLI0374;2023-07-10;12;4;3
CLI0374;2023-07-17;10;3;5
CLI0374;2023-07-24;7;3;3
CLI0374;2023-07-31;12;1;6
CLI0374;2023-08-07;8;1;7
CLI0374;2023-08-14;12;3;5
CLI0374;2023-08-21;9;2;2
CLI0374;2023-08-28;3;4;3
CLI0374;2023-09-04;9;2;7
CLI0374;2023-09-11;4;1;4
CLI0374;2023-09-18;4;4;4
CLI0374;2023-09-25;3;4;6
CLI0374;2023-10-02;10;1;8
CLI0374;2023-10-09;7;5;2
CLI0374;2023-10-16;4;2;7
CLI0374;2023-10-23;8;2;8
CLI0374;2023-10-30;10;2;6
CLI0374;2023-11-06;9;3;3
CLI0374;2023-11-13;10;2;8
CLI0374;2023-11-20;12;3;6
CLI0374;2023-11-27;11;4;5
CLI0374;2023-12-04;10;4;7
CLI0374;2023-12-11;3;3;4
CLI0374;2023-12-18;7;5;6
CLI0374;2023-12-25;12;1;5
CLI0374;2024-01-01;4;2;7
CLI0374;2024-01-08;12;5;5
CLI0374;2024-01-15;12;5;2
CLI0374;2024-01-22;8;3;7
CLI0374;2024-01-29;11;2;8
CLI0374;2024-02-05;10;1;2
CLI0374;2024-02-12;5;5;3
CLI0374;2024-02-19;6;1;3
CLI0374;2024-02-26;5;4;6
CLI0374;2024-03-04;12;2;5
CLI0374;2024-03-11;7;4;2
CLI0374;2024-03-18;5;1;3
CLI0374;2024-03-25;9;5;8
CLI0374;2024-04-01;11;3;2
CLI0374;2024-04-08;8;4;5
CLI0374;2024-04-15;4;2;7
CLI0374;2024-04-22;12;1;6
CLI0374;2024-04-29;7;2;7
CLI0374;2024-05-06;8;1;7
CLI0374;2024-05-13;12;3;8
CLI0374;2024-05-20;9;1;5
CLI0374;2024-05-27;9;3;4
CLI0374;2024-06-03;11;5;3
CLI0374;2024-06-10;5;2;7
CLI0374;2024-06-17;8;3;3
CLI0374;2024-06-24;11;3;6
CLI0374;2024-07-01;10;1;8
CLI0374;2024-07-08;9;2;2
CLI0374;2024-07-15;5;2;6
CLI0374;2024-07-22;5;5;3
CLI0374;2024-07-29;6;3;3
CLI0374;2024-08-05;11;4;6
CLI0374;2024-08-12;12;4;2
CLI0374;2024-08-19;8;2;4
CLI0374;2024-08-26;12;4;4
CLI0374;2024-09-02;10;2;5
CLI0374;2024-09-09;11;3;8
CLI0374;2024-09-16;10;3;5
CLI0374;2024-09-23;7;3;4
CLI0374;2024-09-30;3;4;7
CLI0374;2024-10-07;5;5;3
CLI0374;2024-10-14;4;1;2
CLI0374;2024-10-21;11;3;7
CLI0374;2024-10-28;3;5;6
CLI0374;2024-11-04;3;5;5
CLI0374;2024-11-11;8;4;7
CLI0374;2024-11-18;7;3;8
CLI0374;2024-11-25;3;3;6
CLI0374;2024-12-02;4;1;4
CLI0374;2024-12-09;11;1;2
CLI0375;2023-01-02;12;4;8
CLI0375;2023-01-09;7;3;5
CLI0375;2023-01-16;9;1;6
CLI0375;2023-01-23;6;4;6
CLI0375;2023-01-30;11;4;5
CLI0375;2023-02-06;6;4;8
CLI0375;2023-02-13;7;4;8
CLI0375;2023-02-20;8;2;3
CLI0375;2023-02-27;6;3;8
CLI0375;2023-03-06;10;4;4
CLI0375;2023-03-13;12;4;3
CLI0375;2023-03-20;6;4;6
CLI0375;2023-03-27;5;2;8
CLI0375;2023-04-03;9;2;6
CLI0375;2023-04-10;4;5;2
CLI0375;2023-04-17;8;1;3
CLI0375;2023-04-24;6;4;4
CLI0375;2023-05-01;6;5;7
CLI0375;2023-05-08;10;2;4
CLI0375;2023-05-15;8;1;4
CLI0375;2023-05-22;5;1;6
CLI0375;2023-05-29;7;1;4
CLI0375;2023-06-05;3;3;5
CLI0375;2023-06-12;5;4;2
CLI0375;2023-06-19;12;4;8
CLI0375;2023-06-26;12;4;3
CLI0375;2023-07-03;12;1;4
CLI0375;2023-07-10;8;5;5
CLI0375;2023-07-17;10;2;5
CLI0375;2023-07-24;9;1;6
CLI0375;2023-07-31;11;3;6
CLI0375;2023-08-07;4;5;6
CLI0375;2023-08-14;4;4;8
CLI0375;2023-08-21;7;4;7
CLI0375;2023-08-28;6;4;5
CLI0375;2023-09-04;8;2;6
CLI0375;2023-09-11;10;5;6
CLI0375;2023-09-18;8;5;5
CLI0375;2023-09-25;7;5;7
CLI0375;2023-10-02;12;3;7
CLI0375;2023-10-09;8;4;2
CLI0375;2023-10-16;6;1;8
CLI0375;2023-10-23;12;5;4
CLI0375;2023-10-30;7;3;8
CLI0375;2023-11-06;12;4;2
CLI0375;2023-11-13;9;2;8
CLI0375;2023-11-20;12;3;3
CLI0375;2023-11-27;8;4;4
CLI0375;2023-12-04;10;4;5
CLI0375;2023-12-11;7;2;5
CLI0375;2023-12-18;5;1;3
CLI0375;2023-12-25;6;5;4
CLI0375;2024-01-01;11;4;5
CLI0375;2024-01-08;8;4;8
CLI0375;2024-01-15;4;5;2
CLI0375;2024-01-22;11;5;8
CLI0375;2024-01-29;11;4;4
CLI0375;2024-02-05;8;4;6
CLI0375;2024-02-12;11;2;3
CLI0375;2024-02-19;5;5;2
CLI0375;2024-02-26;3;1;4
CLI0375;2024-03-04;12;1;4
CLI0375;2024-03-11;7;3;7
CLI0375;2024-03-18;4;4;3
CLI0375;2024-03-25;9;3;6
CLI0375;2024-04-01;8;3;2
CLI0375;2024-04-08;8;5;2
CLI0375;2024-04-15;12;2;4
CLI0375;2024-04-22;7;2;4
CLI0375;2024-04-29;9;2;8
CLI0375;2024-05-06;10;1;3
CLI0375;2024-05-13;6;5;3
CLI0375;2024-05-20;6;1;8
CLI0375;2024-05-27;9;3;3
CLI0375;2024-06-03;6;3;8
CLI0375;2024-06-10;6;3;6
CLI0375;2024-06-17;10;3;8
CLI0375;2024-06-24;12;5;2
CLI0375;2024-07-01;12;4;8
CLI0375;2024-07-08;5;5;3
CLI0375;2024-07-15;4;5;5
CLI0375;2024-07-22;3;5;5
CLI0375;2024-07-29;11;4;8
CLI0375;2024-08-05;8;4;6
CLI0375;2024-08-12;11;2;8
CLI0375;2024-08-19;10;2;5
CLI0375;2024-08-26;9;2;2
CLI0375;2024-09-02;12;4;5
CLI0375;2024-09-09;6;5;7
CLI0375;2024-09-16;11;2;8
CLI0375;2024-09-23;9;4;5
CLI0375;2024-09-30;3;5;5
CLI0375;2024-10-07;12;4;6
CLI0375;2024-10-14;8;3;2
CLI0375;2024-10-21;3;3;4
CLI0375;2024-10-28;8;1;5
CLI0375;2024-11-04;5;5;5
CLI0375;2024-11-11;5;5;7
CLI0375;2024-11-18;3;1;2
CLI0375;2024-11-25;10;5;3
CLI0375;2024-12-02;5;2;5
CLI0375;2024-12-09;8;2;5
CLI0376;2024-06-13;3;3;6
CLI0376;2024-06-20;7;1;7
CLI0376;2024-06-27;8;4;5
CLI0376;2024-07-04;4;1;5
CLI0376;2024-07-11;10;3;3
CLI0376;2024-07-18;12;5;8
CLI0376;2024-07-25;10;2;4
CLI0376;2024-08-01;8;5;2
CLI0376;2024-08-08;12;5;5
CLI0376;2024-08-15;3;5;7
CLI0376;2024-08-22;11;3;2
CLI0376;2024-08-29;10;3;7
CLI0376;2024-09-05;8;2;7
CLI0376;2024-09-12;11;1;4
CLI0376;2024-09-19;6;4;4
CLI0376;2024-09-26;12;4;3
CLI0376;2024-10-03;9;5;3
CLI0376;2024-10-10;12;3;2
CLI0376;2024-10-17;10;1;4
CLI0376;2024-10-24;4;2;8
CLI0376;2024-10-31;3;4;6
CLI0376;2024-11-07;9;4;3
CLI0376;2024-11-14;4;2;6
CLI0376;2024-11-21;4;3;5
CLI0376;2024-11-28;11;2;6
CLI0376;2024-12-05;10;1;8
CLI0376;2024-12-12;5;4;8
CLI0376;2024-12-19;11;3;3
CLI0377;2024-04-05;7;5;3
CLI0377;2024-04-12;7;1;3
CLI0377;2024-04-19;10;1;5
CLI0377;2024-04-26;6;1;8
CLI0377;2024-05-03;9;2;6
CLI0377;2024-05-10;3;5;4
CLI0377;2024-05-17;11;2;2
CLI0377;2024-05-24;9;5;4
CLI0377;2024-05-31;11;2;8
CLI0377;2024-06-07;9;5;2
CLI0377;2024-06-14;9;4;3
CLI0377;2024-06-21;6;5;5
CLI0377;2024-06-28;9;3;7
CLI0377;2024-07-05;9;1;5
CLI0377;2024-07-12;10;4;4
CLI0377;2024-07-19;8;5;4
CLI0377;2024-07-26;10;2;7
CLI0377;2024-08-02;8;3;2
CLI0377;2024-08-09;3;3;7
CLI0377;2024-08-16;10;4;7
CLI0377;2024-08-23;5;3;2
CLI0377;2024-08-30;7;1;3
CLI0377;2024-09-06;8;5;7
CLI0377;2024-09-13;12;5;6
CLI0377;2024-09-20;4;1;7
CLI0377;2024-09-27;11;3;8
CLI0377;2024-10-04;8;5;5
CLI0377;2024-10-11;5;2;4
CLI0377;2024-10-18;10;5;4
CLI0377;2024-10-25;8;4;7
CLI0377;2024-11-01;5;1;6
CLI0377;2024-11-08;3;2;4
CLI0377;2024-11-15;4;1;8
CLI0377;2024-11-22;7;1;4
CLI0377;2024-11-29;3;4;7
CLI0377;2024-12-06;7;5;3
CLI0377;2024-12-13;4;4;5
CLI0377;2024-12-20;3;5;7
CLI0378;2023-05-02;8;3;7
CLI0378;2023-05-09;9;4;2
CLI0378;2023-05-16;6;3;2
CLI0378;2023-05-23;7;4;7
CLI0378;2023-05-30;8;1;2
CLI0378;2023-06-06;3;3;4
CLI0378;2023-06-13;11;3;2
CLI0378;2023-06-20;11;5;3
CLI0378;2023-06-27;5;4;2
CLI0378;2023-07-04;9;5;6
CLI0378;2023-07-11;3;4;4
CLI0378;2023-07-18;12;3;6
CLI0378;2023-07-25;6;3;5
CLI0378;2023-08-01;8;5;2
CLI0378;2023-08-08;6;4;3
CLI0378;2023-08-15;11;2;5
CLI0378;2023-08-22;7;4;3
CLI0378;2023-08-29;5;3;4
CLI0378;2023-09-05;8;5;7
CLI0378;2023-09-12;4;4;2
CLI0378;2023-09-19;11;2;3
CLI0378;2023-09-26;8;1;8
CLI0378;2023-10-03;7;2;4
CLI0378;2023-10-10;7;5;7
CLI0378;2023-10-17;9;4;7
CLI0378;2023-10-24;6;5;2
CLI0378;2023-10-31;3;1;4
CLI0378;2023-11-07;8;2;6
CLI0378;2023-11-14;11;1;4
CLI0378;2023-11-21;11;5;8
CLI0378;2023-11-28;9;4;7
CLI0378;2023-12-05;5;3;2
CLI0378;2023-12-12;7;1;7
CLI0378;2023-12-19;12;4;2
CLI0378;2023-12-26;10;1;6
CLI0378;2024-01-02;12;5;5
CLI0378;2024-01-09;6;1;5
CLI0378;2024-01-16;3;5;6
CLI0378;2024-01-23;4;4;5
CLI0378;2024-01-30;11;5;2
CLI0378;2024-02-06;6;1;3
CLI0378;2024-02-13;11;3;5
CLI0378;2024-02-20;12;1;7
CLI0378;2024-02-27;5;5;2
CLI0378;2024-03-05;8;1;2
CLI0378;2024-03-12;9;3;4
CLI0378;2024-03-19;7;4;5
CLI0378;2024-03-26;5;3;5
CLI0378;2024-04-02;6;1;3
CLI0378;2024-04-09;8;2;5
CLI0378;2024-04-16;4;2;5
CLI0378;2024-04-23;9;5;6
CLI0378;2024-04-30;10;4;3
CLI0378;2024-05-07;5;5;4
CLI0378;2024-05-14;10;5;4
CLI0378;2024-05-21;10;3;4
CLI0378;2024-05-28;3;5;2
CLI0378;2024-06-04;12;5;6
CLI0378;2024-06-11;10;1;5
CLI0378;2024-06-18;6;2;2
CLI0378;2024-06-25;8;4;2
CLI0378;2024-07-02;9;1;4
CLI0378;2024-07-09;5;4;8
CLI0378;2024-07-16;4;3;8
CLI0378;2024-07-23;7;4;2
CLI0378;2024-07-30;9;3;2
CLI0378;2024-08-06;7;3;8
CLI0378;2024-08-13;4;3;3
CLI0378;2024-08-20;9;3;4
CLI0378;2024-08-27;8;5;7
CLI0378;2024-09-03;5;5;8
CLI0378;2024-09-10;9;5;4
CLI0378;2024-09-17;8;3;2
CLI0378;2024-09-24;12;1;8
CLI0378;2024-10-01;6;4;6
CLI0378;2024-10-08;3;3;6
CLI0378;2024-10-15;11;4;8
CLI0378;2024-10-22;9;2;2
CLI0378;2024-10-29;12;2;8
CLI0378;2024-11-05;11;2;5
CLI0378;2024-11-12;6;5;5
CLI0378;2024-11-19;8;2;4
CLI0378;2024-11-26;5;4;7
CLI0378;2024-12-03;9;1;7
CLI0378;2024-12-10;10;3;7
CLI0378;2024-12-17;4;3;5
CLI0378;2024-12-24;7;3;2
CLI0379;2023-06-24;7;2;4
CLI0379;2023-07-01;8;3;5
CLI0379;2023-07-08;4;5;3
CLI0379;2023-07-15;5;4;7
CLI0379;2023-07-22;5;1;3
CLI0379;2023-07-29;11;3;2
CLI0379;2023-08-05;8;3;2
CLI0379;2023-08-12;3;5;7
CLI0379;2023-08-19;8;3;3
CLI0379;2023-08-26;2;0;2
CLI0379;2023-09-02;3;0;0
CLI0379;2023-09-09;2;1;1
CLI0379;2023-09-16;3;0;1
CLI0380;2023-10-08;3;4;3
CLI0380;2023-10-15;10;1;3
CLI0380;2023-10-22;9;2;3
CLI0380;2023-10-29;7;1;7
CLI0380;2023-11-05;5;5;3
CLI0380;2023-11-12;10;5;2
CLI0380;2023-11-19;6;2;5
CLI0380;2023-11-26;10;2;5
CLI0380;2023-12-03;6;2;3
CLI0380;2023-12-10;9;2;5
CLI0380;2023-12-17;10;4;5
CLI0380;2023-12-24;7;4;6
CLI0380;2023-12-31;8;5;8
CLI0380;2024-01-07;11;1;6
CLI0380;2024-01-14;7;4;6
CLI0380;2024-01-21;10;4;8
CLI0380;2024-01-28;7;5;7
CLI0380;2024-02-04;5;5;4
CLI0380;2024-02-11;7;5;6
CLI0380;2024-02-18;6;1;3
CLI0380;2024-02-25;9;4;4
CLI0380;2024-03-03;10;2;8
CLI0380;2024-03-10;9;4;6
CLI0380;2024-03-17;7;5;2
CLI0380;2024-03-24;8;2;5
CLI0380;2024-03-31;9;4;7
CLI0380;2024-04-07;11;2;8
CLI0380;2024-04-14;5;1;3
CLI0380;2024-04-21;4;4;2
CLI0380;2024-04-28;6;1;5
CLI0380;2024-05-05;10;5;2
CLI0380;2024-05-12;8;2;4
CLI0380;2024-05-19;3;2;6
CLI0380;2024-05-26;11;2;3
CLI0380;2024-06-02;6;1;7
CLI0380;2024-06-09;8;1;6
CLI0380;2024-06-16;3;1;5
CLI0380;2024-06-23;9;3;6
CLI0380;2024-06-30;3;2;3
CLI0380;2024-07-07;9;2;6
CLI0380;2024-07-14;3;1;8
CLI0380;2024-07-21;12;2;6
CLI0380;2024-07-28;11;5;7
CLI0380;2024-08-04;8;2;2
CLI0380;2024-08-11;4;3;4
CLI0380;2024-08-18;6;5;5
CLI0380;2024-08-25;11;1;4
CLI0380;2024-09-01;10;2;4
CLI0380;2024-09-08;4;3;6
CLI0380;2024-09-15;4;1;7
CLI0380;2024-09-22;9;4;2
CLI0380;2024-09-29;11;4;8
CLI0380;2024-10-06;5;2;7
CLI0380;2024-10-13;9;3;2
CLI0380;2024-10-20;7;4;2
CLI0380;2024-10-27;5;4;7
CLI0380;2024-11-03;5;2;4
CLI0380;2024-11-10;10;5;7
CLI0380;2024-11-17;12;2;3
CLI0380;2024-11-24;8;1;7
CLI0380;2024-12-01;11;2;8
CLI0380;2024-12-08;9;1;8
CLI0380;2024-12-15;6;3;2
CLI0380;2024-12-22;9;2;2
CLI0381;2023-03-03;10;5;6
CLI0381;2023-03-10;10;1;5
CLI0381;2023-03-17;5;5;6
CLI0381;2023-03-24;4;1;6
CLI0381;2023-03-31;12;4;7
CLI0381;2023-04-07;8;2;8
CLI0381;2023-04-14;9;5;5
CLI0381;2023-04-21;9;3;2
CLI0381;2023-04-28;11;2;5
CLI0381;2023-05-05;11;1;8
CLI0381;2023-05-12;9;5;8
CLI0381;2023-05-19;5;1;4
CLI0381;2023-05-26;3;4;3
CLI0381;2023-06-02;10;2;2
CLI0381;2023-06-09;11;4;2
CLI0381;2023-06-16;7;2;6
CLI0381;2023-06-23;3;2;6
CLI0381;2023-06-30;3;5;3
CLI0381;2023-07-07;3;1;4
CLI0381;2023-07-14;9;2;5
CLI0381;2023-07-21;3;4;2
CLI0381;2023-07-28;5;3;5
CLI0381;2023-08-04;7;5;8
CLI0381;2023-08-11;8;4;6
CLI0381;2023-08-18;11;5;8
CLI0381;2023-08-25;11;5;3
CLI0381;2023-09-01;4;2;3
CLI0381;2023-09-08;10;2;6
CLI0381;2023-09-15;4;3;3
CLI0381;2023-09-22;5;5;8
CLI0381;2023-09-29;6;2;3
CLI0381;2023-10-06;12;4;7
CLI0381;2023-10-13;5;3;4
CLI0381;2023-10-20;3;1;4
CLI0381;2023-10-27;12;2;6
CLI0381;2023-11-03;7;4;8
CLI0381;2023-11-10;8;3;3
CLI0381;2023-11-17;4;5;6
CLI0381;2023-11-24;9;3;4
CLI0381;2023-12-01;12;3;5
CLI0381;2023-12-08;11;1;2
CLI0381;2023-12-15;10;5;3
CLI0381;2023-12-22;7;4;3
CLI0381;2023-12-29;9;4;6
CLI0381;2024-01-05;11;2;5
CLI0381;2024-01-12;8;3;7
CLI0381;2024-01-19;8;1;4
CLI0381;2024-01-26;8;5;3
CLI0381;2024-02-02;11;4;4
CLI0381;2024-02-09;3;1;8
CLI0381;2024-02-16;10;4;2
CLI0381;2024-02-23;12;5;2
CLI0381;2024-03-01;6;1;5
CLI0381;2024-03-08;5;1;7
CLI0381;2024-03-15;4;2;8
CLI0381;2024-03-22;8;5;7
CLI0381;2024-03-29;11;1;4
CLI0381;2024-04-05;6;2;3
CLI0381;2024-04-12;4;3;7
CLI0381;2024-04-19;9;5;5
CLI0381;2024-04-26;7;1;2
CLI0381;2024-05-03;3;1;4
CLI0381;2024-05-10;9;1;2
CLI0381;2024-05-17;12;2;3
CLI0381;2024-05-24;8;2;2
CLI0381;2024-05-31;9;2;3
CLI0381;2024-06-07;9;1;7
CLI0381;2024-06-14;12;2;2
CLI0381;2024-06-21;9;3;3
CLI0381;2024-06-28;9;4;8
CLI0381;2024-07-05;6;2;2
CLI0381;2024-07-12;9;1;4
CLI0381;2024-07-19;3;5;3
CLI0381;2024-07-26;6;1;2
CLI0381;2024-08-02;4;4;2
CLI0381;2024-08-09;10;1;6
CLI0381;2024-08-16;12;3;4
CLI0381;2024-08-23;10;3;2
CLI0381;2024-08-30;8;1;6
CLI0381;2024-09-06;12;3;2
CLI0381;2024-09-13;11;1;6
CLI0381;2024-09-20;3;1;8
CLI0381;2024-09-27;8;4;8
CLI0381;2024-10-04;10;2;7
CLI0381;2024-10-11;8;2;8
CLI0381;2024-10-18;9;2;4
CLI0381;2024-10-25;12;3;2
CLI0381;2024-11-01;10;4;3
CLI0381;2024-11-08;8;2;4
CLI0381;2024-11-15;4;2;7
CLI0381;2024-11-22;3;2;7
CLI0381;2024-11-29;5;5;8
CLI0381;2024-12-06;9;4;2
CLI0381;2024-12-13;3;4;5
CLI0382;2023-12-01;12;2;3
CLI0382;2023-12-08;8;4;5
CLI0382;2023-12-15;10;3;2
CLI0382;2023-12-22;7;5;2
CLI0382;2023-12-29;8;4;2
CLI0382;2024-01-05;10;3;3
CLI0382;2024-01-12;5;2;7
CLI0382;2024-01-19;10;5;6
CLI0382;2024-01-26;10;3;3
CLI0382;2024-02-02;9;1;4
CLI0382;2024-02-09;11;4;6
CLI0382;2024-02-16;12;5;6
CLI0382;2024-02-23;4;4;8
CLI0382;2024-03-01;11;2;2
CLI0382;2024-03-08;10;1;4
CLI0382;2024-03-15;4;1;2
CLI0382;2024-03-22;7;2;7
CLI0382;2024-03-29;7;1;3
CLI0382;2024-04-05;7;5;4
CLI0382;2024-04-12;8;3;5
CLI0382;2024-04-19;10;2;2
CLI0382;2024-04-26;6;4;2
CLI0382;2024-05-03;10;3;2
CLI0382;2024-05-10;12;1;7
CLI0382;2024-05-17;9;4;6
CLI0382;2024-05-24;8;3;4
CLI0382;2024-05-31;3;5;4
CLI0382;2024-06-07;10;1;3
CLI0382;2024-06-14;7;1;2
CLI0382;2024-06-21;4;4;5
CLI0382;2024-06-28;4;4;2
CLI0382;2024-07-05;9;1;3
CLI0382;2024-07-12;3;1;2
CLI0382;2024-07-19;5;4;3
CLI0382;2024-07-26;11;2;8
CLI0382;2024-08-02;4;5;7
CLI0382;2024-08-09;4;4;3
CLI0382;2024-08-16;3;2;4
CLI0382;2024-08-23;10;5;5
CLI0382;2024-08-30;8;4;4
CLI0382;2024-09-06;3;1;2
CLI0382;2024-09-13;12;1;7
CLI0382;2024-09-20;8;3;8
CLI0382;2024-09-27;5;4;7
CLI0382;2024-10-04;3;4;6
CLI0382;2024-10-11;5;3;2
CLI0382;2024-10-18;4;4;8
CLI0382;2024-10-25;7;2;4
CLI0382;2024-11-01;5;3;7
CLI0382;2024-11-08;4;1;4
CLI0382;2024-11-15;10;3;4
CLI0382;2024-11-22;9;4;3
CLI0382;2024-11-29;7;5;3
CLI0382;2024-12-06;5;2;8
CLI0382;2024-12-13;3;4;4
CLI0382;2024-12-20;5;1;8
CLI0383;2023-03-23;3;2;6
CLI0383;2023-03-30;12;3;2
CLI0383;2023-04-06;8;5;3
CLI0383;2023-04-13;6;3;7
CLI0383;2023-04-20;9;4;4
CLI0383;2023-04-27;5;1;8
CLI0383;2023-05-04;10;3;5
CLI0383;2023-05-11;7;3;3
CLI0383;2023-05-18;6;1;5
CLI0383;2023-05-25;7;5;8
CLI0383;2023-06-01;8;1;5
CLI0383;2023-06-08;3;3;7
CLI0383;2023-06-15;7;1;2
CLI0383;2023-06-22;6;4;7
CLI0383;2023-06-29;4;2;7
CLI0383;2023-07-06;7;4;7
CLI0383;2023-07-13;6;1;8
CLI0383;2023-07-20;3;4;6
CLI0383;2023-07-27;12;1;7
CLI0383;2023-08-03;10;5;5
CLI0383;2023-08-10;12;3;5
CLI0383;2023-08-17;9;1;2
CLI0383;2023-08-24;11;5;3
CLI0383;2023-08-31;3;3;2
CLI0383;2023-09-07;8;3;7
CLI0383;2023-09-14;7;4;4
CLI0383;2023-09-21;10;2;3
CLI0383;2023-09-28;7;2;4
CLI0383;2023-10-05;12;4;3
CLI0383;2023-10-12;9;5;5
CLI0383;2023-10-19;3;1;7
CLI0383;2023-10-26;9;5;8
CLI0383;2023-11-02;8;2;8
CLI0383;2023-11-09;8;2;2
CLI0383;2023-11-16;10;3;2
CLI0383;2023-11-23;7;1;8
CLI0383;2023-11-30;12;2;5
CLI0383;2023-12-07;3;1;7
CLI0383;2023-12-14;4;5;4
CLI0383;2023-12-21;12;4;6
CLI0383;2023-12-28;12;4;4
CLI0383;2024-01-04;3;5;4
CLI0383;2024-01-11;5;5;2
CLI0383;2024-01-18;8;3;2
CLI0383;2024-01-25;12;3;5
CLI0383;2024-02-01;12;2;6
CLI0383;2024-02-08;4;5;4
CLI0383;2024-02-15;10;2;5
CLI0383;2024-02-22;9;5;2
CLI0383;2024-02-29;9;2;7
CLI0383;2024-03-07;12;5;7
CLI0383;2024-03-14;5;3;2
CLI0383;2024-03-21;9;1;2
CLI0383;2024-03-28;12;3;8
CLI0383;2024-04-04;7;1;8
CLI0383;2024-04-11;9;2;7
CLI0383;2024-04-18;10;5;7
CLI0383;2024-04-25;12;1;6
CLI0383;2024-05-02;11;1;5
CLI0383;2024-05-09;11;2;2
CLI0383;2024-05-16;4;2;7
CLI0383;2024-05-23;4;4;6
CLI0383;2024-05-30;8;5;3
CLI0383;2024-06-06;11;2;8
CLI0383;2024-06-13;5;2;3
CLI0383;2024-06-20;4;2;4
CLI0383;2024-06-27;9;4;5
CLI0383;2024-07-04;5;3;2
CLI0383;2024-07-11;6;5;8
CLI0383;2024-07-18;8;4;2
CLI0383;2024-07-25;9;2;7
CLI0383;2024-08-01;10;1;4
CLI0383;2024-08-08;4;2;4
CLI0383;2024-08-15;5;4;7
CLI0383;2024-08-22;10;2;3
CLI0383;2024-08-29;6;3;7
CLI0383;2024-09-05;10;2;7
CLI0383;2024-09-12;10;3;3
CLI0383;2024-09-19;4;3;7
CLI0383;2024-09-26;5;1;6
CLI0383;2024-10-03;7;2;2
CLI0383;2024-10-10;10;5;3
CLI0383;2024-10-17;10;3;2
CLI0383;2024-10-24;8;5;5
CLI0383;2024-10-31;4;5;7
CLI0383;2024-11-07;12;3;3
CLI0383;2024-11-14;8;1;8
CLI0383;2024-11-21;8;5;3
CLI0383;2024-11-28;8;2;8
CLI0383;2024-12-05;3;5;4
CLI0383;2024-12-12;8;5;5
CLI0384;2024-05-21;7;2;5
CLI0384;2024-05-28;6;4;6
CLI0384;2024-06-04;8;4;3
CLI0384;2024-06-11;6;5;7
CLI0384;2024-06-18;4;4;7
CLI0384;2024-06-25;4;2;6
CLI0384;2024-07-02;5;1;3
CLI0384;2024-07-09;8;1;2
CLI0384;2024-07-16;4;2;7
CLI0384;2024-07-23;6;1;2
CLI0384;2024-07-30;3;4;4
CLI0384;2024-08-06;6;3;8
CLI0384;2024-08-13;3;2;8
CLI0384;2024-08-20;7;4;6
CLI0384;2024-08-27;7;5;8
CLI0384;2024-09-03;7;1;3
CLI0384;2024-09-10;6;2;8
CLI0384;2024-09-17;5;2;3
CLI0384;2024-09-24;5;1;6
CLI0384;2024-10-01;10;2;6
CLI0384;2024-10-08;8;4;2
CLI0384;2024-10-15;12;3;3
CLI0384;2024-10-22;12;1;3
CLI0384;2024-10-29;10;1;6
CLI0384;2024-11-05;8;5;5
CLI0384;2024-11-12;11;2;5
CLI0384;2024-11-19;12;2;2
CLI0384;2024-11-26;6;1;5
CLI0384;2024-12-03;11;2;3
CLI0384;2024-12-10;9;1;6
CLI0384;2024-12-17;3;5;8
CLI0385;2024-09-02;6;1;5
CLI0385;2024-09-09;11;3;4
CLI0385;2024-09-16;12;5;6
CLI0385;2024-09-23;6;5;2
CLI0385;2024-09-30;6;4;7
CLI0385;2024-10-07;2;1;2
CLI0385;2024-10-14;1;1;0
CLI0385;2024-10-21;1;0;2
CLI0385;2024-10-28;1;1;0
CLI0386;2023-09-14;8;3;4
CLI0386;2023-09-21;3;4;8
CLI0386;2023-09-28;10;1;2
CLI0386;2023-10-05;8;2;4
CLI0386;2023-10-12;8;5;6
CLI0386;2023-10-19;5;2;4
CLI0386;2023-10-26;11;1;7
CLI0386;2023-11-02;4;5;2
CLI0386;2023-11-09;11;2;6
CLI0386;2023-11-16;6;5;4
CLI0386;2023-11-23;3;2;7
CLI0386;2023-11-30;11;3;5
CLI0386;2023-12-07;10;5;6
CLI0386;2023-12-14;5;3;6
CLI0386;2023-12-21;10;3;3
CLI0386;2023-12-28;10;1;4
CLI0386;2024-01-04;9;3;2
CLI0386;2024-01-11;8;2;3
CLI0386;2024-01-18;3;4;8
CLI0386;2024-01-25;3;4;5
CLI0386;2024-02-01;9;4;2
CLI0386;2024-02-08;9;2;8
CLI0386;2024-02-15;6;1;2
CLI0386;2024-02-22;12;1;7
CLI0386;2024-02-29;9;1;2
CLI0386;2024-03-07;12;3;4
CLI0386;2024-03-14;6;1;6
CLI0386;2024-03-21;6;4;3
CLI0386;2024-03-28;4;2;4
CLI0386;2024-04-04;3;2;5
CLI0386;2024-04-11;10;5;2
CLI0386;2024-04-18;10;1;8
CLI0386;2024-04-25;6;4;6
CLI0386;2024-05-02;6;1;5
CLI0386;2024-05-09;4;5;6
CLI0386;2024-05-16;5;1;2
CLI0386;2024-05-23;7;3;6
CLI0386;2024-05-30;5;1;5
CLI0386;2024-06-06;5;1;5
CLI0386;2024-06-13;5;3;5
CLI0386;2024-06-20;7;2;4
CLI0386;2024-06-27;9;5;4
CLI0386;2024-07-04;10;2;3
CLI0386;2024-07-11;8;3;2
CLI0386;2024-07-18;9;3;8
CLI0386;2024-07-25;5;5;7
CLI0386;2024-08-01;12;1;4
CLI0386;2024-08-08;6;4;8
CLI0386;2024-08-15;10;5;7
CLI0386;2024-08-22;4;2;2
CLI0386;2024-08-29;10;2;7
CLI0386;2024-09-05;3;5;4
CLI0386;2024-09-12;10;5;8
CLI0386;2024-09-19;12;1;8
CLI0386;2024-09-26;6;3;7
CLI0386;2024-10-03;8;1;6
CLI0386;2024-10-10;4;5;6
CLI0386;2024-10-17;9;5;8
CLI0386;2024-10-24;7;3;4
CLI0386;2024-10-31;9;3;7
CLI0386;2024-11-07;10;5;8
CLI0386;2024-11-14;4;4;4
CLI0386;2024-11-21;7;2;2
CLI0386;2024-11-28;8;3;2
CLI0386;2024-12-05;8;1;4
CLI0386;2024-12-12;8;4;5
CLI0386;2024-12-19;7;1;6
CLI0387;2023-06-28;8;5;7
CLI0387;2023-07-05;12;2;2
CLI0387;2023-07-12;3;1;3
CLI0387;2023-07-19;7;1;4
CLI0387;2023-07-26;3;3;7
CLI0387;2023-08-02;11;1;5
CLI0387;2023-08-09;10;1;6
CLI0387;2023-08-16;4;3;8
CLI0387;2023-08-23;7;4;4
CLI0387;2023-08-30;2;1;1
CLI0387;2023-09-06;0;0;0
CLI0387;2023-09-13;0;0;0
CLI0387;2023-09-20;0;0;2
CLI0388;2024-02-27;10;4;6
CLI0388;2024-03-05;6;3;7
CLI0388;2024-03-12;11;4;4
CLI0388;2024-03-19;5;3;5
CLI0388;2024-03-26;3;3;6
CLI0388;2024-04-02;12;5;3
CLI0388;2024-04-09;7;4;5
CLI0388;2024-04-16;5;3;5
CLI0388;2024-04-23;9;1;2
CLI0388;2024-04-30;6;5;2
CLI0388;2024-05-07;10;5;4
CLI0388;2024-05-14;4;1;6
CLI0388;2024-05-21;4;2;7
CLI0388;2024-05-28;4;4;4
CLI0388;2024-06-04;5;3;2
CLI0388;2024-06-11;11;1;4
CLI0388;2024-06-18;12;3;6
CLI0388;2024-06-25;3;3;3
CLI0388;2024-07-02;4;3;2
CLI0388;2024-07-09;10;1;8
CLI0388;2024-07-16;10;3;2
CLI0388;2024-07-23;9;3;5
CLI0388;2024-07-30;10;4;3
CLI0388;2024-08-06;4;1;7
CLI0388;2024-08-13;6;2;7
CLI0388;2024-08-20;6;1;6
CLI0388;2024-08-27;10;4;5
CLI0388;2024-09-03;3;2;4
CLI0388;2024-09-10;7;4;2
CLI0388;2024-09-17;9;5;4
CLI0388;2024-09-24;7;3;5
CLI0388;2024-10-01;12;4;4
CLI0388;2024-10-08;8;5;6
CLI0388;2024-10-15;5;3;7
CLI0388;2024-10-22;7;1;7
CLI0388;2024-10-29;11;2;3
CLI0388;2024-11-05;11;1;8
CLI0388;2024-11-12;4;2;8
CLI0388;2024-11-19;10;2;4
CLI0388;2024-11-26;7;4;7
CLI0388;2024-12-03;12;2;8
CLI0388;2024-12-10;12;4;7
CLI0389;2023-11-29;7;5;6
CLI0389;2023-12-06;7;1;2
CLI0389;2023-12-13;12;3;5
CLI0389;2023-12-20;8;5;4
CLI0389;2023-12-27;9;2;8
CLI0389;2024-01-03;12;2;7
CLI0389;2024-01-10;7;5;7
CLI0389;2024-01-17;11;4;6
CLI0389;2024-01-24;3;4;8
CLI0389;2024-01-31;6;4;5
CLI0389;2024-02-07;10;4;8
CLI0389;2024-02-14;7;5;5
CLI0389;2024-02-21;6;4;6
CLI0389;2024-02-28;3;3;3
CLI0389;2024-03-06;7;2;4
CLI0389;2024-03-13;4;5;2
CLI0389;2024-03-20;11;4;2
CLI0389;2024-03-27;9;2;8
CLI0389;2024-04-03;11;5;5
CLI0389;2024-04-10;7;4;5
CLI0389;2024-04-17;10;4;5
CLI0389;2024-04-24;9;1;7
CLI0389;2024-05-01;12;1;6
CLI0389;2024-05-08;4;5;3
CLI0389;2024-05-15;8;2;5
CLI0389;2024-05-22;7;2;4
CLI0389;2024-05-29;12;5;3
CLI0389;2024-06-05;4;4;5
CLI0389;2024-06-12;12;4;8
CLI0389;2024-06-19;3;5;8
CLI0389;2024-06-26;8;4;8
CLI0389;2024-07-03;10;3;6
CLI0389;2024-07-10;4;1;7
CLI0389;2024-07-17;8;4;7
CLI0389;2024-07-24;6;5;7
CLI0389;2024-07-31;9;4;2
CLI0389;2024-08-07;7;3;8
CLI0389;2024-08-14;10;4;5
CLI0389;2024-08-21;4;3;2
CLI0389;2024-08-28;8;4;8
CLI0389;2024-09-04;10;1;3
CLI0389;2024-09-11;8;1;7
CLI0389;2024-09-18;4;3;4
CLI0389;2024-09-25;7;3;6
CLI0389;2024-10-02;7;1;7
CLI0389;2024-10-09;12;5;6
CLI0389;2024-10-16;8;4;8
CLI0389;2024-10-23;8;2;4
CLI0389;2024-10-30;9;2;5
CLI0389;2024-11-06;7;3;7
CLI0389;2024-11-13;11;3;4
CLI0389;2024-11-20;8;3;7
CLI0389;2024-11-27;10;4;8
CLI0389;2024-12-04;9;2;3
CLI0389;2024-12-11;8;3;3
CLI0389;2024-12-18;3;3;2
CLI0390;2024-08-01;10;2;5
CLI0390;2024-08-08;10;2;6
CLI0390;2024-08-15;5;4;5
CLI0390;2024-08-22;12;3;7
CLI0390;2024-08-29;11;5;5
CLI0390;2024-09-05;3;5;6
CLI0390;2024-09-12;7;2;7
CLI0390;2024-09-19;9;4;2
CLI0390;2024-09-26;6;4;5
CLI0390;2024-10-03;12;5;2
CLI0390;2024-10-10;5;4;5
CLI0390;2024-10-17;7;3;6
CLI0390;2024-10-24;5;5;8
CLI0390;2024-10-31;7;2;7
CLI0390;2024-11-07;8;1;2
CLI0390;2024-11-14;10;5;8
CLI0390;2024-11-21;9;1;5
CLI0390;2024-11-28;8;2;5
CLI0390;2024-12-05;10;4;7
CLI0391;2024-06-22;9;3;6
CLI0391;2024-06-29;4;5;2
CLI0391;2024-07-06;9;2;7
CLI0391;2024-07-13;9;5;4
CLI0391;2024-07-20;3;4;8
CLI0391;2024-07-27;5;3;6
CLI0391;2024-08-03;5;3;2
CLI0391;2024-08-10;4;4;6
CLI0391;2024-08-17;4;3;5
CLI0391;2024-08-24;12;4;6
CLI0391;2024-08-31;3;4;6
CLI0391;2024-09-07;11;2;3
CLI0391;2024-09-14;3;4;7
CLI0391;2024-09-21;3;1;6
CLI0391;2024-09-28;4;2;3
CLI0391;2024-10-05;7;5;2
CLI0391;2024-10-12;5;2;8
CLI0391;2024-10-19;10;3;3
CLI0391;2024-10-26;5;4;6
CLI0391;2024-11-02;5;3;6
CLI0391;2024-11-09;7;1;6
CLI0391;2024-11-16;3;1;7
CLI0391;2024-11-23;9;5;7
CLI0391;2024-11-30;8;5;6
CLI0391;2024-12-07;4;1;7
CLI0391;2024-12-14;5;5;8
CLI0391;2024-12-21;7;4;4
CLI0392;2023-02-10;11;4;6
CLI0392;2023-02-17;4;3;5
CLI0392;2023-02-24;8;5;4
CLI0392;2023-03-03;4;1;7
CLI0392;2023-03-10;5;1;8
CLI0392;2023-03-17;6;2;6
CLI0392;2023-03-24;3;3;6
CLI0392;2023-03-31;9;4;7
CLI0392;2023-04-07;9;5;4
CLI0392;2023-04-14;5;2;6
CLI0392;2023-04-21;7;2;6
CLI0392;2023-04-28;6;4;4
CLI0392;2023-05-05;7;2;6
CLI0392;2023-05-12;11;3;5
CLI0392;2023-05-19;6;4;7
CLI0392;2023-05-26;10;2;4
CLI0392;2023-06-02;11;3;2
CLI0392;2023-06-09;6;1;8
CLI0392;2023-06-16;5;4;5
CLI0392;2023-06-23;5;1;5
CLI0392;2023-06-30;12;2;8
CLI0392;2023-07-07;4;4;3
CLI0392;2023-07-14;8;1;8
CLI0392;2023-07-21;8;3;3
CLI0392;2023-07-28;5;4;5
CLI0392;2023-08-04;12;5;3
CLI0392;2023-08-11;7;3;7
CLI0392;2023-08-18;11;2;7
CLI0392;2023-08-25;10;2;5
CLI0392;2023-09-01;11;4;8
CLI0392;2023-09-08;10;5;3
CLI0392;2023-09-15;11;5;6
CLI0392;2023-09-22;7;5;2
CLI0392;2023-09-29;5;5;5
CLI0392;2023-10-06;10;2;6
CLI0392;2023-10-13;10;4;4
CLI0392;2023-10-20;10;5;5
CLI0392;2023-10-27;12;1;2
CLI0392;2023-11-03;7;1;5
CLI0392;2023-11-10;9;2;6
CLI0392;2023-11-17;9;5;8
CLI0392;2023-11-24;9;3;3
CLI0392;2023-12-01;7;1;7
CLI0392;2023-12-08;8;4;3
CLI0392;2023-12-15;4;5;2
CLI0392;2023-12-22;5;1;4
CLI0392;2023-12-29;3;3;2
CLI0392;2024-01-05;3;4;8
CLI0392;2024-01-12;4;5;2
CLI0392;2024-01-19;5;5;8
CLI0392;2024-01-26;7;2;8
CLI0392;2024-02-02;6;4;2
CLI0392;2024-02-09;5;4;4
CLI0392;2024-02-16;10;5;2
CLI0392;2024-02-23;7;5;5
CLI0392;2024-03-01;6;3;4
CLI0392;2024-03-08;3;1;6
CLI0392;2024-03-15;6;3;3
CLI0392;2024-03-22;4;1;2
CLI0392;2024-03-29;4;3;6
CLI0392;2024-04-05;7;3;5
CLI0392;2024-04-12;10;2;2
CLI0392;2024-04-19;6;4;2
CLI0392;2024-04-26;3;1;7
CLI0392;2024-05-03;10;3;6
CLI0392;2024-05-10;6;1;5
CLI0392;2024-05-17;8;4;2
CLI0392;2024-05-24;10;2;2
CLI0392;2024-05-31;5;1;7
CLI0392;2024-06-07;10;2;5
CLI0392;2024-06-14;6;2;8
CLI0392;2024-06-21;12;4;8
CLI0392;2024-06-28;3;1;8
CLI0392;2024-07-05;3;1;7
CLI0392;2024-07-12;7;5;3
CLI0392;2024-07-19;9;2;2
CLI0392;2024-07-26;11;5;8
CLI0392;2024-08-02;5;2;7
CLI0392;2024-08-09;7;1;2
CLI0392;2024-08-16;9;1;3
CLI0392;2024-08-23;11;4;4
CLI0392;2024-08-30;7;5;5
CLI0392;2024-09-06;9;1;3
CLI0392;2024-09-13;8;1;4
CLI0392;2024-09-20;6;3;6
CLI0392;2024-09-27;3;3;8
CLI0392;2024-10-04;10;1;2
CLI0392;2024-10-11;11;1;8
CLI0392;2024-10-18;3;3;4
CLI0392;2024-10-25;3;1;4
CLI0392;2024-11-01;6;1;7
CLI0392;2024-11-08;4;5;4
CLI0392;2024-11-15;12;4;2
CLI0392;2024-11-22;5;4;5
CLI0392;2024-11-29;12;2;8
CLI0392;2024-12-06;7;4;5
CLI0392;2024-12-13;12;4;5
CLI0392;2024-12-20;3;3;4
CLI0393;2024-05-29;8;4;4
CLI0393;2024-06-05;3;3;3
CLI0393;2024-06-12;5;3;5
CLI0393;2024-06-19;7;1;5
CLI0393;2024-06-26;12;3;7
CLI0393;2024-07-03;11;4;8
CLI0393;2024-07-10;4;4;4
CLI0393;2024-07-17;7;1;7
CLI0393;2024-07-24;11;2;5
CLI0393;2024-07-31;10;1;8
CLI0393;2024-08-07;4;3;6
CLI0393;2024-08-14;11;1;5
CLI0393;2024-08-21;3;3;6
CLI0393;2024-08-28;3;1;6
CLI0393;2024-09-04;10;3;4
CLI0393;2024-09-11;10;1;6
CLI0393;2024-09-18;5;4;5
CLI0393;2024-09-25;11;4;8
CLI0393;2024-10-02;8;1;4
CLI0393;2024-10-09;7;3;2
CLI0393;2024-10-16;7;3;7
CLI0393;2024-10-23;5;5;4
CLI0393;2024-10-30;5;4;5
CLI0393;2024-11-06;3;5;6
CLI0393;2024-11-13;3;3;8
CLI0393;2024-11-20;3;1;4
CLI0393;2024-11-27;4;2;5
CLI0393;2024-12-04;11;4;8
CLI0393;2024-12-11;5;4;6
CLI0393;2024-12-18;7;5;5
CLI0393;2024-12-25;3;3;3
CLI0394;2023-09-18;4;3;3
CLI0394;2023-09-25;3;4;5
CLI0394;2023-10-02;11;1;5
CLI0394;2023-10-09;3;1;5
CLI0394;2023-10-16;11;1;4
CLI0394;2023-10-23;6;4;4
CLI0394;2023-10-30;12;4;3
CLI0394;2023-11-06;6;5;7
CLI0394;2023-11-13;10;4;5
CLI0394;2023-11-20;1;0;1
CLI0394;2023-11-27;2;0;2
CLI0394;2023-12-04;3;0;1
CLI0394;2023-12-11;0;0;2
CLI0395;2024-05-21;8;1;7
CLI0395;2024-05-28;11;1;2
CLI0395;2024-06-04;10;4;6
CLI0395;2024-06-11;7;2;6
CLI0395;2024-06-18;7;3;4
CLI0395;2024-06-25;10;4;2
CLI0395;2024-07-02;11;4;5
CLI0395;2024-07-09;10;1;5
CLI0395;2024-07-16;9;4;3
CLI0395;2024-07-23;4;5;7
CLI0395;2024-07-30;5;2;6
CLI0395;2024-08-06;6;3;6
CLI0395;2024-08-13;4;3;3
CLI0395;2024-08-20;3;5;8
CLI0395;2024-08-27;5;1;4
CLI0395;2024-09-03;5;4;3
CLI0395;2024-09-10;8;5;5
CLI0395;2024-09-17;11;2;3
CLI0395;2024-09-24;9;4;4
CLI0395;2024-10-01;3;5;7
CLI0395;2024-10-08;12;1;3
CLI0395;2024-10-15;3;3;6
CLI0395;2024-10-22;12;3;8
CLI0395;2024-10-29;7;4;7
CLI0395;2024-11-05;9;5;7
CLI0395;2024-11-12;11;5;2
CLI0395;2024-11-19;4;2;7
CLI0395;2024-11-26;5;3;8
CLI0395;2024-12-03;9;2;2
CLI0395;2024-12-10;11;2;5
CLI0396;2023-04-09;8;4;8
CLI0396;2023-04-16;3;1;8
CLI0396;2023-04-23;9;2;7
CLI0396;2023-04-30;3;4;7
CLI0396;2023-05-07;6;4;2
CLI0396;2023-05-14;6;3;4
CLI0396;2023-05-21;12;3;6
CLI0396;2023-05-28;4;3;2
CLI0396;2023-06-04;9;4;5
CLI0396;2023-06-11;4;4;7
CLI0396;2023-06-18;9;2;6
CLI0396;2023-06-25;9;3;6
CLI0396;2023-07-02;9;2;5
CLI0396;2023-07-09;3;2;8
CLI0396;2023-07-16;8;2;8
CLI0396;2023-07-23;9;5;5
CLI0396;2023-07-30;6;2;8
CLI0396;2023-08-06;3;5;3
CLI0396;2023-08-13;5;3;8
CLI0396;2023-08-20;7;3;2
CLI0396;2023-08-27;11;1;5
CLI0396;2023-09-03;12;3;2
CLI0396;2023-09-10;12;4;6
CLI0396;2023-09-17;10;2;8
CLI0396;2023-09-24;11;4;2
CLI0396;2023-10-01;11;2;7
CLI0396;2023-10-08;7;1;8
CLI0396;2023-10-15;3;1;7
CLI0396;2023-10-22;3;4;5
CLI0396;2023-10-29;8;5;4
CLI0396;2023-11-05;11;3;3
CLI0396;2023-11-12;12;2;2
CLI0396;2023-11-19;3;3;5
CLI0396;2023-11-26;3;2;7
CLI0396;2023-12-03;8;4;2
CLI0396;2023-12-10;11;5;7
CLI0396;2023-12-17;10;1;5
CLI0396;2023-12-24;7;5;8
CLI0396;2023-12-31;6;4;4
CLI0396;2024-01-07;12;1;4
CLI0396;2024-01-14;7;4;6
CLI0396;2024-01-21;3;3;7
CLI0396;2024-01-28;11;2;2
CLI0396;2024-02-04;7;4;2
CLI0396;2024-02-11;5;4;7
CLI0396;2024-02-18;11;5;2
CLI0396;2024-02-25;5;4;5
CLI0396;2024-03-03;7;3;2
CLI0396;2024-03-10;6;1;7
CLI0396;2024-03-17;3;3;7
CLI0396;2024-03-24;3;1;6
CLI0396;2024-03-31;11;3;5
CLI0396;2024-04-07;8;3;5
CLI0396;2024-04-14;6;5;6
CLI0396;2024-04-21;3;5;4
CLI0396;2024-04-28;5;4;4
CLI0396;2024-05-05;3;4;3
CLI0396;2024-05-12;11;2;6
CLI0396;2024-05-19;8;1;5
CLI0396;2024-05-26;5;3;4
CLI0396;2024-06-02;6;2;2
CLI0396;2024-06-09;8;2;6
CLI0396;2024-06-16;8;1;4
CLI0396;2024-06-23;8;1;2
CLI0396;2024-06-30;6;3;3
CLI0396;2024-07-07;7;4;2
CLI0396;2024-07-14;4;4;6
CLI0396;2024-07-21;11;4;7
CLI0396;2024-07-28;8;1;7
CLI0396;2024-08-04;8;1;3
CLI0396;2024-08-11;12;1;6
CLI0396;2024-08-18;7;1;6
CLI0396;2024-08-25;3;3;7
CLI0396;2024-09-01;4;3;2
CLI0396;2024-09-08;5;1;7
CLI0396;2024-09-15;3;4;4
CLI0396;2024-09-22;3;3;7
CLI0396;2024-09-29;8;1;4
CLI0396;2024-10-06;9;5;6
CLI0396;2024-10-13;6;2;8
CLI0396;2024-10-20;5;4;5
CLI0396;2024-10-27;12;2;8
CLI0396;2024-11-03;9;5;6
CLI0396;2024-11-10;12;3;5
CLI0396;2024-11-17;6;5;5
CLI0396;2024-11-24;12;2;2
CLI0396;2024-12-01;12;2;7
CLI0396;2024-12-08;8;2;8
CLI0396;2024-12-15;6;5;2
CLI0396;2024-12-22;9;1;4
CLI0397;2024-02-27;5;3;8
CLI0397;2024-03-05;4;2;5
CLI0397;2024-03-12;6;5;8
CLI0397;2024-03-19;7;5;2
CLI0397;2024-03-26;5;3;6
CLI0397;2024-04-02;4;5;3
CLI0397;2024-04-09;9;4;6
CLI0397;2024-04-16;7;2;5
CLI0397;2024-04-23;7;2;5
CLI0397;2024-04-30;8;2;2
CLI0397;2024-05-07;7;3;7
CLI0397;2024-05-14;12;3;4
CLI0397;2024-05-21;9;5;8
CLI0397;2024-05-28;4;3;2
CLI0397;2024-06-04;11;5;4
CLI0397;2024-06-11;4;3;5
CLI0397;2024-06-18;6;1;6
CLI0397;2024-06-25;10;5;6
CLI0397;2024-07-02;12;4;5
CLI0397;2024-07-09;6;2;7
CLI0397;2024-07-16;3;2;3
CLI0397;2024-07-23;3;3;3
CLI0397;2024-07-30;6;2;8
CLI0397;2024-08-06;6;5;6
CLI0397;2024-08-13;6;1;7
CLI0397;2024-08-20;12;4;2
CLI0397;2024-08-27;5;3;2
CLI0397;2024-09-03;12;2;5
CLI0397;2024-09-10;3;3;2
CLI0397;2024-09-17;3;3;3
CLI0397;2024-09-24;11;4;5
CLI0397;2024-10-01;9;5;4
CLI0397;2024-10-08;10;1;8
CLI0397;2024-10-15;10;2;5
CLI0397;2024-10-22;3;2;5
CLI0397;2024-10-29;8;4;7
CLI0397;2024-11-05;11;5;5
CLI0397;2024-11-12;9;2;5
CLI0397;2024-11-19;11;1;4
CLI0397;2024-11-26;6;4;3
CLI0397;2024-12-03;11;1;8
CLI0397;2024-12-10;11;5;3
CLI0397;2024-12-17;6;2;8
CLI0397;2024-12-24;3;5;5
CLI0398;2023-01-31;5;3;5
CLI0398;2023-02-07;10;1;7
CLI0398;2023-02-14;10;3;2
CLI0398;2023-02-21;11;4;3
CLI0398;2023-02-28;4;1;6
CLI0398;2023-03-07;11;4;8
CLI0398;2023-03-14;6;4;5
CLI0398;2023-03-21;11;2;6
CLI0398;2023-03-28;4;4;6
CLI0398;2023-04-04;3;1;0
CLI0398;2023-04-11;0;1;2
CLI0398;2023-04-18;2;1;2
CLI0398;2023-04-25;3;0;0
CLI0399;2024-05-13;8;2;6
CLI0399;2024-05-20;7;4;4
CLI0399;2024-05-27;11;1;5
CLI0399;2024-06-03;11;1;7
CLI0399;2024-06-10;10;5;3
CLI0399;2024-06-17;5;3;2
CLI0399;2024-06-24;12;5;8
CLI0399;2024-07-01;10;5;5
CLI0399;2024-07-08;3;2;2
CLI0399;2024-07-15;3;5;2
CLI0399;2024-07-22;11;2;4
CLI0399;2024-07-29;11;1;6
CLI0399;2024-08-05;11;3;7
CLI0399;2024-08-12;7;3;6
CLI0399;2024-08-19;10;5;6
CLI0399;2024-08-26;3;3;6
CLI0399;2024-09-02;6;2;4
CLI0399;2024-09-09;9;3;6
CLI0399;2024-09-16;9;4;7
CLI0399;2024-09-23;5;4;2
CLI0399;2024-09-30;5;1;3
CLI0399;2024-10-07;4;5;7
CLI0399;2024-10-14;3;4;7
CLI0399;2024-10-21;9;4;4
CLI0399;2024-10-28;3;3;7
CLI0399;2024-11-04;12;5;5
CLI0399;2024-11-11;7;2;7
CLI0399;2024-11-18;3;5;5
CLI0399;2024-11-25;11;1;8
CLI0399;2024-12-02;6;4;6
CLI0399;2024-12-09;5;3;7
CLI0399;2024-12-16;6;4;2
CLI0399;2024-12-23;5;4;7
CLI0400;2024-06-22;8;3;5
CLI0400;2024-06-29;11;1;3
CLI0400;2024-07-06;10;2;7
CLI0400;2024-07-13;4;3;8
CLI0400;2024-07-20;5;1;8
CLI0400;2024-07-27;10;3;5
CLI0400;2024-08-03;5;3;5
CLI0400;2024-08-10;12;5;4
CLI0400;2024-08-17;7;2;3
CLI0400;2024-08-24;4;4;6
CLI0400;2024-08-31;5;4;3
CLI0400;2024-09-07;3;3;7
CLI0400;2024-09-14;12;4;5
CLI0400;2024-09-21;9;2;2
CLI0400;2024-09-28;11;3;8
CLI0400;2024-10-05;3;4;6
CLI0400;2024-10-12;7;4;4
CLI0400;2024-10-19;3;1;4
CLI0400;2024-10-26;10;4;4
CLI0400;2024-11-02;9;4;3
CLI0400;2024-11-09;4;5;6
CLI0400;2024-11-16;10;5;7
CLI0400;2024-11-23;8;4;4
CLI0400;2024-11-30;5;3;4
CLI0400;2024-12-07;7;2;4
CLI0400;2024-12-14;8;5;8
CLI0400;2024-12-21;9;4;5
